unit_id,indicator_key,value,unit,period,source_name,source_url
IN-KA-BELAGAVI,demography.rural_households,846101,households,2026,"Jal Jeevan Mission (DDWS, Ministry of Jal Shakti)",https://ejalshakti.gov.in/jjmreport/JJMBlockMapView.aspx
IN-KA-BELAGAVI,water.households_connected,773996,households,2026,"Jal Jeevan Mission (DDWS, Ministry of Jal Shakti)",https://ejalshakti.gov.in/jjmreport/JJMBlockMapView.aspx
IN-KA-BELAGAVI,water.piped_household_pct,91.48,percent,2026,"Jal Jeevan Mission (DDWS, Ministry of Jal Shakti)",https://ejalshakti.gov.in/jjmreport/JJMBlockMapView.aspx
IN-KA-BELAGAVI-SAVADATHI,demography.rural_households,49526,households,2026,"Jal Jeevan Mission (DDWS, Ministry of Jal Shakti)",https://ejalshakti.gov.in/jjmreport/JJMBlockMapView.aspx
IN-KA-BELAGAVI-SAVADATHI,water.households_connected,49147,households,2026,"Jal Jeevan Mission (DDWS, Ministry of Jal Shakti)",https://ejalshakti.gov.in/jjmreport/JJMBlockMapView.aspx
IN-KA-BELAGAVI-SAVADATHI,water.households_connected_2019,11335,households,2019,"Jal Jeevan Mission (DDWS, Ministry of Jal Shakti)",https://ejalshakti.gov.in/jjmreport/JJMBlockMapView.aspx
IN-KA-BELAGAVI-SAVADATHI,water.piped_household_pct,99.24,percent,2026,"Jal Jeevan Mission (DDWS, Ministry of Jal Shakti)",https://ejalshakti.gov.in/jjmreport/JJMBlockMapView.aspx
IN-KA-BELAGAVI-SAVADATHI,water.piped_household_pct_2019,22.89,percent,2019,"Jal Jeevan Mission (DDWS, Ministry of Jal Shakti)",https://ejalshakti.gov.in/jjmreport/JJMBlockMapView.aspx
IN-KA-BELAGAVI-YARAGATTI,demography.rural_households,18961,households,2026,"Jal Jeevan Mission (DDWS, Ministry of Jal Shakti)",https://ejalshakti.gov.in/jjmreport/JJMBlockMapView.aspx
IN-KA-BELAGAVI-YARAGATTI,water.households_connected,18766,households,2026,"Jal Jeevan Mission (DDWS, Ministry of Jal Shakti)",https://ejalshakti.gov.in/jjmreport/JJMBlockMapView.aspx
IN-KA-BELAGAVI-YARAGATTI,water.households_connected_2019,4852,households,2019,"Jal Jeevan Mission (DDWS, Ministry of Jal Shakti)",https://ejalshakti.gov.in/jjmreport/JJMBlockMapView.aspx
IN-KA-BELAGAVI-YARAGATTI,water.piped_household_pct,98.97,percent,2026,"Jal Jeevan Mission (DDWS, Ministry of Jal Shakti)",https://ejalshakti.gov.in/jjmreport/JJMBlockMapView.aspx
IN-KA-BELAGAVI-YARAGATTI,water.piped_household_pct_2019,25.59,percent,2019,"Jal Jeevan Mission (DDWS, Ministry of Jal Shakti)",https://ejalshakti.gov.in/jjmreport/JJMBlockMapView.aspx
IN-KA-BELAGAVI-KITTUR,demography.rural_households,23871,households,2026,"Jal Jeevan Mission (DDWS, Ministry of Jal Shakti)",https://ejalshakti.gov.in/jjmreport/JJMBlockMapView.aspx
IN-KA-BELAGAVI-KITTUR,water.households_connected,23481,households,2026,"Jal Jeevan Mission (DDWS, Ministry of Jal Shakti)",https://ejalshakti.gov.in/jjmreport/JJMBlockMapView.aspx
IN-KA-BELAGAVI-KITTUR,water.households_connected_2019,3822,households,2019,"Jal Jeevan Mission (DDWS, Ministry of Jal Shakti)",https://ejalshakti.gov.in/jjmreport/JJMBlockMapView.aspx
IN-KA-BELAGAVI-KITTUR,water.piped_household_pct,98.37,percent,2026,"Jal Jeevan Mission (DDWS, Ministry of Jal Shakti)",https://ejalshakti.gov.in/jjmreport/JJMBlockMapView.aspx
IN-KA-BELAGAVI-KITTUR,water.piped_household_pct_2019,16.01,percent,2019,"Jal Jeevan Mission (DDWS, Ministry of Jal Shakti)",https://ejalshakti.gov.in/jjmreport/JJMBlockMapView.aspx
IN-KA-BELAGAVI-BYLAHONGAL,demography.rural_households,55003,households,2026,"Jal Jeevan Mission (DDWS, Ministry of Jal Shakti)",https://ejalshakti.gov.in/jjmreport/JJMBlockMapView.aspx
IN-KA-BELAGAVI-BYLAHONGAL,water.households_connected,53635,households,2026,"Jal Jeevan Mission (DDWS, Ministry of Jal Shakti)",https://ejalshakti.gov.in/jjmreport/JJMBlockMapView.aspx
IN-KA-BELAGAVI-BYLAHONGAL,water.households_connected_2019,11341,households,2019,"Jal Jeevan Mission (DDWS, Ministry of Jal Shakti)",https://ejalshakti.gov.in/jjmreport/JJMBlockMapView.aspx
IN-KA-BELAGAVI-BYLAHONGAL,water.piped_household_pct,97.51,percent,2026,"Jal Jeevan Mission (DDWS, Ministry of Jal Shakti)",https://ejalshakti.gov.in/jjmreport/JJMBlockMapView.aspx
IN-KA-BELAGAVI-BYLAHONGAL,water.piped_household_pct_2019,20.62,percent,2019,"Jal Jeevan Mission (DDWS, Ministry of Jal Shakti)",https://ejalshakti.gov.in/jjmreport/JJMBlockMapView.aspx
IN-KA-BELAGAVI-KHANAPUR,demography.rural_households,58028,households,2026,"Jal Jeevan Mission (DDWS, Ministry of Jal Shakti)",https://ejalshakti.gov.in/jjmreport/JJMBlockMapView.aspx
IN-KA-BELAGAVI-KHANAPUR,water.households_connected,56414,households,2026,"Jal Jeevan Mission (DDWS, Ministry of Jal Shakti)",https://ejalshakti.gov.in/jjmreport/JJMBlockMapView.aspx
IN-KA-BELAGAVI-KHANAPUR,water.households_connected_2019,12979,households,2019,"Jal Jeevan Mission (DDWS, Ministry of Jal Shakti)",https://ejalshakti.gov.in/jjmreport/JJMBlockMapView.aspx
IN-KA-BELAGAVI-KHANAPUR,water.piped_household_pct,97.22,percent,2026,"Jal Jeevan Mission (DDWS, Ministry of Jal Shakti)",https://ejalshakti.gov.in/jjmreport/JJMBlockMapView.aspx
IN-KA-BELAGAVI-KHANAPUR,water.piped_household_pct_2019,22.37,percent,2019,"Jal Jeevan Mission (DDWS, Ministry of Jal Shakti)",https://ejalshakti.gov.in/jjmreport/JJMBlockMapView.aspx
IN-KA-BELAGAVI-RAMDURG,demography.rural_households,61001,households,2026,"Jal Jeevan Mission (DDWS, Ministry of Jal Shakti)",https://ejalshakti.gov.in/jjmreport/JJMBlockMapView.aspx
IN-KA-BELAGAVI-RAMDURG,water.households_connected,57809,households,2026,"Jal Jeevan Mission (DDWS, Ministry of Jal Shakti)",https://ejalshakti.gov.in/jjmreport/JJMBlockMapView.aspx
IN-KA-BELAGAVI-RAMDURG,water.households_connected_2019,12413,households,2019,"Jal Jeevan Mission (DDWS, Ministry of Jal Shakti)",https://ejalshakti.gov.in/jjmreport/JJMBlockMapView.aspx
IN-KA-BELAGAVI-RAMDURG,water.piped_household_pct,94.77,percent,2026,"Jal Jeevan Mission (DDWS, Ministry of Jal Shakti)",https://ejalshakti.gov.in/jjmreport/JJMBlockMapView.aspx
IN-KA-BELAGAVI-RAMDURG,water.piped_household_pct_2019,20.35,percent,2019,"Jal Jeevan Mission (DDWS, Ministry of Jal Shakti)",https://ejalshakti.gov.in/jjmreport/JJMBlockMapView.aspx
IN-KA-BELAGAVI-KAGAWADA,demography.rural_households,14269,households,2026,"Jal Jeevan Mission (DDWS, Ministry of Jal Shakti)",https://ejalshakti.gov.in/jjmreport/JJMBlockMapView.aspx
IN-KA-BELAGAVI-KAGAWADA,water.households_connected,13290,households,2026,"Jal Jeevan Mission (DDWS, Ministry of Jal Shakti)",https://ejalshakti.gov.in/jjmreport/JJMBlockMapView.aspx
IN-KA-BELAGAVI-KAGAWADA,water.households_connected_2019,6959,households,2019,"Jal Jeevan Mission (DDWS, Ministry of Jal Shakti)",https://ejalshakti.gov.in/jjmreport/JJMBlockMapView.aspx
IN-KA-BELAGAVI-KAGAWADA,water.piped_household_pct,93.14,percent,2026,"Jal Jeevan Mission (DDWS, Ministry of Jal Shakti)",https://ejalshakti.gov.in/jjmreport/JJMBlockMapView.aspx
IN-KA-BELAGAVI-KAGAWADA,water.piped_household_pct_2019,48.77,percent,2019,"Jal Jeevan Mission (DDWS, Ministry of Jal Shakti)",https://ejalshakti.gov.in/jjmreport/JJMBlockMapView.aspx
IN-KA-BELAGAVI-MUDALAGI,demography.rural_households,35854,households,2026,"Jal Jeevan Mission (DDWS, Ministry of Jal Shakti)",https://ejalshakti.gov.in/jjmreport/JJMBlockMapView.aspx
IN-KA-BELAGAVI-MUDALAGI,water.households_connected,33293,households,2026,"Jal Jeevan Mission (DDWS, Ministry of Jal Shakti)",https://ejalshakti.gov.in/jjmreport/JJMBlockMapView.aspx
IN-KA-BELAGAVI-MUDALAGI,water.households_connected_2019,9392,households,2019,"Jal Jeevan Mission (DDWS, Ministry of Jal Shakti)",https://ejalshakti.gov.in/jjmreport/JJMBlockMapView.aspx
IN-KA-BELAGAVI-MUDALAGI,water.piped_household_pct,92.86,percent,2026,"Jal Jeevan Mission (DDWS, Ministry of Jal Shakti)",https://ejalshakti.gov.in/jjmreport/JJMBlockMapView.aspx
IN-KA-BELAGAVI-MUDALAGI,water.piped_household_pct_2019,26.20,percent,2019,"Jal Jeevan Mission (DDWS, Ministry of Jal Shakti)",https://ejalshakti.gov.in/jjmreport/JJMBlockMapView.aspx
IN-KA-BELAGAVI-ATHNI,demography.rural_households,71734,households,2026,"Jal Jeevan Mission (DDWS, Ministry of Jal Shakti)",https://ejalshakti.gov.in/jjmreport/JJMBlockMapView.aspx
IN-KA-BELAGAVI-ATHNI,water.households_connected,66497,households,2026,"Jal Jeevan Mission (DDWS, Ministry of Jal Shakti)",https://ejalshakti.gov.in/jjmreport/JJMBlockMapView.aspx
IN-KA-BELAGAVI-ATHNI,water.households_connected_2019,9010,households,2019,"Jal Jeevan Mission (DDWS, Ministry of Jal Shakti)",https://ejalshakti.gov.in/jjmreport/JJMBlockMapView.aspx
IN-KA-BELAGAVI-ATHNI,water.piped_household_pct,92.70,percent,2026,"Jal Jeevan Mission (DDWS, Ministry of Jal Shakti)",https://ejalshakti.gov.in/jjmreport/JJMBlockMapView.aspx
IN-KA-BELAGAVI-ATHNI,water.piped_household_pct_2019,12.56,percent,2019,"Jal Jeevan Mission (DDWS, Ministry of Jal Shakti)",https://ejalshakti.gov.in/jjmreport/JJMBlockMapView.aspx
IN-KA-BELAGAVI-CHIKODI,demography.rural_households,59216,households,2026,"Jal Jeevan Mission (DDWS, Ministry of Jal Shakti)",https://ejalshakti.gov.in/jjmreport/JJMBlockMapView.aspx
IN-KA-BELAGAVI-CHIKODI,water.households_connected,54215,households,2026,"Jal Jeevan Mission (DDWS, Ministry of Jal Shakti)",https://ejalshakti.gov.in/jjmreport/JJMBlockMapView.aspx
IN-KA-BELAGAVI-CHIKODI,water.households_connected_2019,1419,households,2019,"Jal Jeevan Mission (DDWS, Ministry of Jal Shakti)",https://ejalshakti.gov.in/jjmreport/JJMBlockMapView.aspx
IN-KA-BELAGAVI-CHIKODI,water.piped_household_pct,91.56,percent,2026,"Jal Jeevan Mission (DDWS, Ministry of Jal Shakti)",https://ejalshakti.gov.in/jjmreport/JJMBlockMapView.aspx
IN-KA-BELAGAVI-CHIKODI,water.piped_household_pct_2019,2.40,percent,2019,"Jal Jeevan Mission (DDWS, Ministry of Jal Shakti)",https://ejalshakti.gov.in/jjmreport/JJMBlockMapView.aspx
IN-KA-BELAGAVI-HUKERI,demography.rural_households,93835,households,2026,"Jal Jeevan Mission (DDWS, Ministry of Jal Shakti)",https://ejalshakti.gov.in/jjmreport/JJMBlockMapView.aspx
IN-KA-BELAGAVI-HUKERI,water.households_connected,85282,households,2026,"Jal Jeevan Mission (DDWS, Ministry of Jal Shakti)",https://ejalshakti.gov.in/jjmreport/JJMBlockMapView.aspx
IN-KA-BELAGAVI-HUKERI,water.households_connected_2019,39518,households,2019,"Jal Jeevan Mission (DDWS, Ministry of Jal Shakti)",https://ejalshakti.gov.in/jjmreport/JJMBlockMapView.aspx
IN-KA-BELAGAVI-HUKERI,water.piped_household_pct,90.89,percent,2026,"Jal Jeevan Mission (DDWS, Ministry of Jal Shakti)",https://ejalshakti.gov.in/jjmreport/JJMBlockMapView.aspx
IN-KA-BELAGAVI-HUKERI,water.piped_household_pct_2019,42.11,percent,2019,"Jal Jeevan Mission (DDWS, Ministry of Jal Shakti)",https://ejalshakti.gov.in/jjmreport/JJMBlockMapView.aspx
IN-KA-BELAGAVI-GOKAK,demography.rural_households,76162,households,2026,"Jal Jeevan Mission (DDWS, Ministry of Jal Shakti)",https://ejalshakti.gov.in/jjmreport/JJMBlockMapView.aspx
IN-KA-BELAGAVI-GOKAK,water.households_connected,67352,households,2026,"Jal Jeevan Mission (DDWS, Ministry of Jal Shakti)",https://ejalshakti.gov.in/jjmreport/JJMBlockMapView.aspx
IN-KA-BELAGAVI-GOKAK,water.households_connected_2019,27313,households,2019,"Jal Jeevan Mission (DDWS, Ministry of Jal Shakti)",https://ejalshakti.gov.in/jjmreport/JJMBlockMapView.aspx
IN-KA-BELAGAVI-GOKAK,water.piped_household_pct,88.43,percent,2026,"Jal Jeevan Mission (DDWS, Ministry of Jal Shakti)",https://ejalshakti.gov.in/jjmreport/JJMBlockMapView.aspx
IN-KA-BELAGAVI-GOKAK,water.piped_household_pct_2019,35.86,percent,2019,"Jal Jeevan Mission (DDWS, Ministry of Jal Shakti)",https://ejalshakti.gov.in/jjmreport/JJMBlockMapView.aspx
IN-KA-BELAGAVI-BELAGAVI,demography.rural_households,132383,households,2026,"Jal Jeevan Mission (DDWS, Ministry of Jal Shakti)",https://ejalshakti.gov.in/jjmreport/JJMBlockMapView.aspx
IN-KA-BELAGAVI-BELAGAVI,water.households_connected,114417,households,2026,"Jal Jeevan Mission (DDWS, Ministry of Jal Shakti)",https://ejalshakti.gov.in/jjmreport/JJMBlockMapView.aspx
IN-KA-BELAGAVI-BELAGAVI,water.households_connected_2019,35443,households,2019,"Jal Jeevan Mission (DDWS, Ministry of Jal Shakti)",https://ejalshakti.gov.in/jjmreport/JJMBlockMapView.aspx
IN-KA-BELAGAVI-BELAGAVI,water.piped_household_pct,86.43,percent,2026,"Jal Jeevan Mission (DDWS, Ministry of Jal Shakti)",https://ejalshakti.gov.in/jjmreport/JJMBlockMapView.aspx
IN-KA-BELAGAVI-BELAGAVI,water.piped_household_pct_2019,26.77,percent,2019,"Jal Jeevan Mission (DDWS, Ministry of Jal Shakti)",https://ejalshakti.gov.in/jjmreport/JJMBlockMapView.aspx
IN-KA-BELAGAVI-RAYBAG,demography.rural_households,51644,households,2026,"Jal Jeevan Mission (DDWS, Ministry of Jal Shakti)",https://ejalshakti.gov.in/jjmreport/JJMBlockMapView.aspx
IN-KA-BELAGAVI-RAYBAG,water.households_connected,43927,households,2026,"Jal Jeevan Mission (DDWS, Ministry of Jal Shakti)",https://ejalshakti.gov.in/jjmreport/JJMBlockMapView.aspx
IN-KA-BELAGAVI-RAYBAG,water.households_connected_2019,3371,households,2019,"Jal Jeevan Mission (DDWS, Ministry of Jal Shakti)",https://ejalshakti.gov.in/jjmreport/JJMBlockMapView.aspx
IN-KA-BELAGAVI-RAYBAG,water.piped_household_pct,85.06,percent,2026,"Jal Jeevan Mission (DDWS, Ministry of Jal Shakti)",https://ejalshakti.gov.in/jjmreport/JJMBlockMapView.aspx
IN-KA-BELAGAVI-RAYBAG,water.piped_household_pct_2019,6.53,percent,2019,"Jal Jeevan Mission (DDWS, Ministry of Jal Shakti)",https://ejalshakti.gov.in/jjmreport/JJMBlockMapView.aspx
IN-KA-BELAGAVI-NIPPANI,demography.rural_households,44614,households,2026,"Jal Jeevan Mission (DDWS, Ministry of Jal Shakti)",https://ejalshakti.gov.in/jjmreport/JJMBlockMapView.aspx
IN-KA-BELAGAVI-NIPPANI,water.households_connected,36471,households,2026,"Jal Jeevan Mission (DDWS, Ministry of Jal Shakti)",https://ejalshakti.gov.in/jjmreport/JJMBlockMapView.aspx
IN-KA-BELAGAVI-NIPPANI,water.households_connected_2019,2891,households,2019,"Jal Jeevan Mission (DDWS, Ministry of Jal Shakti)",https://ejalshakti.gov.in/jjmreport/JJMBlockMapView.aspx
IN-KA-BELAGAVI-NIPPANI,water.piped_household_pct,81.75,percent,2026,"Jal Jeevan Mission (DDWS, Ministry of Jal Shakti)",https://ejalshakti.gov.in/jjmreport/JJMBlockMapView.aspx
IN-KA-BELAGAVI-NIPPANI,water.piped_household_pct_2019,6.48,percent,2019,"Jal Jeevan Mission (DDWS, Ministry of Jal Shakti)",https://ejalshakti.gov.in/jjmreport/JJMBlockMapView.aspx
IN-KA-BAGALKOTE,demography.rural_households,330983,households,2026,"Jal Jeevan Mission (DDWS, Ministry of Jal Shakti)",https://ejalshakti.gov.in/jjmreport/JJMBlockMapView.aspx
IN-KA-BAGALKOTE,water.households_connected,298183,households,2026,"Jal Jeevan Mission (DDWS, Ministry of Jal Shakti)",https://ejalshakti.gov.in/jjmreport/JJMBlockMapView.aspx
IN-KA-BAGALKOTE,water.piped_household_pct,90.09,percent,2026,"Jal Jeevan Mission (DDWS, Ministry of Jal Shakti)",https://ejalshakti.gov.in/jjmreport/JJMBlockMapView.aspx
IN-KA-BAGALKOTE-GULEDAGUDDA,demography.rural_households,15238,households,2026,"Jal Jeevan Mission (DDWS, Ministry of Jal Shakti)",https://ejalshakti.gov.in/jjmreport/JJMBlockMapView.aspx
IN-KA-BAGALKOTE-GULEDAGUDDA,water.households_connected,15186,households,2026,"Jal Jeevan Mission (DDWS, Ministry of Jal Shakti)",https://ejalshakti.gov.in/jjmreport/JJMBlockMapView.aspx
IN-KA-BAGALKOTE-GULEDAGUDDA,water.households_connected_2019,4424,households,2019,"Jal Jeevan Mission (DDWS, Ministry of Jal Shakti)",https://ejalshakti.gov.in/jjmreport/JJMBlockMapView.aspx
IN-KA-BAGALKOTE-GULEDAGUDDA,water.piped_household_pct,99.66,percent,2026,"Jal Jeevan Mission (DDWS, Ministry of Jal Shakti)",https://ejalshakti.gov.in/jjmreport/JJMBlockMapView.aspx
IN-KA-BAGALKOTE-GULEDAGUDDA,water.piped_household_pct_2019,29.03,percent,2019,"Jal Jeevan Mission (DDWS, Ministry of Jal Shakti)",https://ejalshakti.gov.in/jjmreport/JJMBlockMapView.aspx
IN-KA-BAGALKOTE-BADAMI,demography.rural_households,46775,households,2026,"Jal Jeevan Mission (DDWS, Ministry of Jal Shakti)",https://ejalshakti.gov.in/jjmreport/JJMBlockMapView.aspx
IN-KA-BAGALKOTE-BADAMI,water.households_connected,46487,households,2026,"Jal Jeevan Mission (DDWS, Ministry of Jal Shakti)",https://ejalshakti.gov.in/jjmreport/JJMBlockMapView.aspx
IN-KA-BAGALKOTE-BADAMI,water.households_connected_2019,14360,households,2019,"Jal Jeevan Mission (DDWS, Ministry of Jal Shakti)",https://ejalshakti.gov.in/jjmreport/JJMBlockMapView.aspx
IN-KA-BAGALKOTE-BADAMI,water.piped_household_pct,99.38,percent,2026,"Jal Jeevan Mission (DDWS, Ministry of Jal Shakti)",https://ejalshakti.gov.in/jjmreport/JJMBlockMapView.aspx
IN-KA-BAGALKOTE-BADAMI,water.piped_household_pct_2019,30.70,percent,2019,"Jal Jeevan Mission (DDWS, Ministry of Jal Shakti)",https://ejalshakti.gov.in/jjmreport/JJMBlockMapView.aspx
IN-KA-BAGALKOTE-MUDHOL,demography.rural_households,50585,households,2026,"Jal Jeevan Mission (DDWS, Ministry of Jal Shakti)",https://ejalshakti.gov.in/jjmreport/JJMBlockMapView.aspx
IN-KA-BAGALKOTE-MUDHOL,water.households_connected,50082,households,2026,"Jal Jeevan Mission (DDWS, Ministry of Jal Shakti)",https://ejalshakti.gov.in/jjmreport/JJMBlockMapView.aspx
IN-KA-BAGALKOTE-MUDHOL,water.households_connected_2019,24125,households,2019,"Jal Jeevan Mission (DDWS, Ministry of Jal Shakti)",https://ejalshakti.gov.in/jjmreport/JJMBlockMapView.aspx
IN-KA-BAGALKOTE-MUDHOL,water.piped_household_pct,99.01,percent,2026,"Jal Jeevan Mission (DDWS, Ministry of Jal Shakti)",https://ejalshakti.gov.in/jjmreport/JJMBlockMapView.aspx
IN-KA-BAGALKOTE-MUDHOL,water.piped_household_pct_2019,47.69,percent,2019,"Jal Jeevan Mission (DDWS, Ministry of Jal Shakti)",https://ejalshakti.gov.in/jjmreport/JJMBlockMapView.aspx
IN-KA-BAGALKOTE-JAMKHANDI,demography.rural_households,42457,households,2026,"Jal Jeevan Mission (DDWS, Ministry of Jal Shakti)",https://ejalshakti.gov.in/jjmreport/JJMBlockMapView.aspx
IN-KA-BAGALKOTE-JAMKHANDI,water.households_connected,41138,households,2026,"Jal Jeevan Mission (DDWS, Ministry of Jal Shakti)",https://ejalshakti.gov.in/jjmreport/JJMBlockMapView.aspx
IN-KA-BAGALKOTE-JAMKHANDI,water.households_connected_2019,20765,households,2019,"Jal Jeevan Mission (DDWS, Ministry of Jal Shakti)",https://ejalshakti.gov.in/jjmreport/JJMBlockMapView.aspx
IN-KA-BAGALKOTE-JAMKHANDI,water.piped_household_pct,96.89,percent,2026,"Jal Jeevan Mission (DDWS, Ministry of Jal Shakti)",https://ejalshakti.gov.in/jjmreport/JJMBlockMapView.aspx
IN-KA-BAGALKOTE-JAMKHANDI,water.piped_household_pct_2019,48.91,percent,2019,"Jal Jeevan Mission (DDWS, Ministry of Jal Shakti)",https://ejalshakti.gov.in/jjmreport/JJMBlockMapView.aspx
IN-KA-BAGALKOTE-RABAKAVI-BANAHATTI,demography.rural_households,35424,households,2026,"Jal Jeevan Mission (DDWS, Ministry of Jal Shakti)",https://ejalshakti.gov.in/jjmreport/JJMBlockMapView.aspx
IN-KA-BAGALKOTE-RABAKAVI-BANAHATTI,water.households_connected,34237,households,2026,"Jal Jeevan Mission (DDWS, Ministry of Jal Shakti)",https://ejalshakti.gov.in/jjmreport/JJMBlockMapView.aspx
IN-KA-BAGALKOTE-RABAKAVI-BANAHATTI,water.households_connected_2019,15976,households,2019,"Jal Jeevan Mission (DDWS, Ministry of Jal Shakti)",https://ejalshakti.gov.in/jjmreport/JJMBlockMapView.aspx
IN-KA-BAGALKOTE-RABAKAVI-BANAHATTI,water.piped_household_pct,96.65,percent,2026,"Jal Jeevan Mission (DDWS, Ministry of Jal Shakti)",https://ejalshakti.gov.in/jjmreport/JJMBlockMapView.aspx
IN-KA-BAGALKOTE-RABAKAVI-BANAHATTI,water.piped_household_pct_2019,45.10,percent,2019,"Jal Jeevan Mission (DDWS, Ministry of Jal Shakti)",https://ejalshakti.gov.in/jjmreport/JJMBlockMapView.aspx
IN-KA-BAGALKOTE-HUNGUND,demography.rural_households,25451,households,2026,"Jal Jeevan Mission (DDWS, Ministry of Jal Shakti)",https://ejalshakti.gov.in/jjmreport/JJMBlockMapView.aspx
IN-KA-BAGALKOTE-HUNGUND,water.households_connected,22000,households,2026,"Jal Jeevan Mission (DDWS, Ministry of Jal Shakti)",https://ejalshakti.gov.in/jjmreport/JJMBlockMapView.aspx
IN-KA-BAGALKOTE-HUNGUND,water.households_connected_2019,632,households,2019,"Jal Jeevan Mission (DDWS, Ministry of Jal Shakti)",https://ejalshakti.gov.in/jjmreport/JJMBlockMapView.aspx
IN-KA-BAGALKOTE-HUNGUND,water.piped_household_pct,86.44,percent,2026,"Jal Jeevan Mission (DDWS, Ministry of Jal Shakti)",https://ejalshakti.gov.in/jjmreport/JJMBlockMapView.aspx
IN-KA-BAGALKOTE-HUNGUND,water.piped_household_pct_2019,2.48,percent,2019,"Jal Jeevan Mission (DDWS, Ministry of Jal Shakti)",https://ejalshakti.gov.in/jjmreport/JJMBlockMapView.aspx
IN-KA-BAGALKOTE-ILKAL,demography.rural_households,31317,households,2026,"Jal Jeevan Mission (DDWS, Ministry of Jal Shakti)",https://ejalshakti.gov.in/jjmreport/JJMBlockMapView.aspx
IN-KA-BAGALKOTE-ILKAL,water.households_connected,26021,households,2026,"Jal Jeevan Mission (DDWS, Ministry of Jal Shakti)",https://ejalshakti.gov.in/jjmreport/JJMBlockMapView.aspx
IN-KA-BAGALKOTE-ILKAL,water.households_connected_2019,852,households,2019,"Jal Jeevan Mission (DDWS, Ministry of Jal Shakti)",https://ejalshakti.gov.in/jjmreport/JJMBlockMapView.aspx
IN-KA-BAGALKOTE-ILKAL,water.piped_household_pct,83.09,percent,2026,"Jal Jeevan Mission (DDWS, Ministry of Jal Shakti)",https://ejalshakti.gov.in/jjmreport/JJMBlockMapView.aspx
IN-KA-BAGALKOTE-ILKAL,water.piped_household_pct_2019,2.72,percent,2019,"Jal Jeevan Mission (DDWS, Ministry of Jal Shakti)",https://ejalshakti.gov.in/jjmreport/JJMBlockMapView.aspx
IN-KA-BAGALKOTE-BAGALKOT,demography.rural_households,50607,households,2026,"Jal Jeevan Mission (DDWS, Ministry of Jal Shakti)",https://ejalshakti.gov.in/jjmreport/JJMBlockMapView.aspx
IN-KA-BAGALKOTE-BAGALKOT,water.households_connected,38742,households,2026,"Jal Jeevan Mission (DDWS, Ministry of Jal Shakti)",https://ejalshakti.gov.in/jjmreport/JJMBlockMapView.aspx
IN-KA-BAGALKOTE-BAGALKOT,water.households_connected_2019,9502,households,2019,"Jal Jeevan Mission (DDWS, Ministry of Jal Shakti)",https://ejalshakti.gov.in/jjmreport/JJMBlockMapView.aspx
IN-KA-BAGALKOTE-BAGALKOT,water.piped_household_pct,76.56,percent,2026,"Jal Jeevan Mission (DDWS, Ministry of Jal Shakti)",https://ejalshakti.gov.in/jjmreport/JJMBlockMapView.aspx
IN-KA-BAGALKOTE-BAGALKOT,water.piped_household_pct_2019,18.78,percent,2019,"Jal Jeevan Mission (DDWS, Ministry of Jal Shakti)",https://ejalshakti.gov.in/jjmreport/JJMBlockMapView.aspx
IN-KA-BAGALKOTE-BILAGI,demography.rural_households,33129,households,2026,"Jal Jeevan Mission (DDWS, Ministry of Jal Shakti)",https://ejalshakti.gov.in/jjmreport/JJMBlockMapView.aspx
IN-KA-BAGALKOTE-BILAGI,water.households_connected,24290,households,2026,"Jal Jeevan Mission (DDWS, Ministry of Jal Shakti)",https://ejalshakti.gov.in/jjmreport/JJMBlockMapView.aspx
IN-KA-BAGALKOTE-BILAGI,water.households_connected_2019,5776,households,2019,"Jal Jeevan Mission (DDWS, Ministry of Jal Shakti)",https://ejalshakti.gov.in/jjmreport/JJMBlockMapView.aspx
IN-KA-BAGALKOTE-BILAGI,water.piped_household_pct,73.32,percent,2026,"Jal Jeevan Mission (DDWS, Ministry of Jal Shakti)",https://ejalshakti.gov.in/jjmreport/JJMBlockMapView.aspx
IN-KA-BAGALKOTE-BILAGI,water.piped_household_pct_2019,17.44,percent,2019,"Jal Jeevan Mission (DDWS, Ministry of Jal Shakti)",https://ejalshakti.gov.in/jjmreport/JJMBlockMapView.aspx
IN-KA-VIJAYAPURA,demography.rural_households,464242,households,2026,"Jal Jeevan Mission (DDWS, Ministry of Jal Shakti)",https://ejalshakti.gov.in/jjmreport/JJMBlockMapView.aspx
IN-KA-VIJAYAPURA,water.households_connected,413585,households,2026,"Jal Jeevan Mission (DDWS, Ministry of Jal Shakti)",https://ejalshakti.gov.in/jjmreport/JJMBlockMapView.aspx
IN-KA-VIJAYAPURA,water.piped_household_pct,89.09,percent,2026,"Jal Jeevan Mission (DDWS, Ministry of Jal Shakti)",https://ejalshakti.gov.in/jjmreport/JJMBlockMapView.aspx
IN-KA-VIJAYAPURA-KOLHAR,demography.rural_households,21282,households,2026,"Jal Jeevan Mission (DDWS, Ministry of Jal Shakti)",https://ejalshakti.gov.in/jjmreport/JJMBlockMapView.aspx
IN-KA-VIJAYAPURA-KOLHAR,water.households_connected,21135,households,2026,"Jal Jeevan Mission (DDWS, Ministry of Jal Shakti)",https://ejalshakti.gov.in/jjmreport/JJMBlockMapView.aspx
IN-KA-VIJAYAPURA-KOLHAR,water.households_connected_2019,2179,households,2019,"Jal Jeevan Mission (DDWS, Ministry of Jal Shakti)",https://ejalshakti.gov.in/jjmreport/JJMBlockMapView.aspx
IN-KA-VIJAYAPURA-KOLHAR,water.piped_household_pct,99.31,percent,2026,"Jal Jeevan Mission (DDWS, Ministry of Jal Shakti)",https://ejalshakti.gov.in/jjmreport/JJMBlockMapView.aspx
IN-KA-VIJAYAPURA-KOLHAR,water.piped_household_pct_2019,10.24,percent,2019,"Jal Jeevan Mission (DDWS, Ministry of Jal Shakti)",https://ejalshakti.gov.in/jjmreport/JJMBlockMapView.aspx
IN-KA-VIJAYAPURA-THALIKOTI,demography.rural_households,30491,households,2026,"Jal Jeevan Mission (DDWS, Ministry of Jal Shakti)",https://ejalshakti.gov.in/jjmreport/JJMBlockMapView.aspx
IN-KA-VIJAYAPURA-THALIKOTI,water.households_connected,30058,households,2026,"Jal Jeevan Mission (DDWS, Ministry of Jal Shakti)",https://ejalshakti.gov.in/jjmreport/JJMBlockMapView.aspx
IN-KA-VIJAYAPURA-THALIKOTI,water.households_connected_2019,5594,households,2019,"Jal Jeevan Mission (DDWS, Ministry of Jal Shakti)",https://ejalshakti.gov.in/jjmreport/JJMBlockMapView.aspx
IN-KA-VIJAYAPURA-THALIKOTI,water.piped_household_pct,98.58,percent,2026,"Jal Jeevan Mission (DDWS, Ministry of Jal Shakti)",https://ejalshakti.gov.in/jjmreport/JJMBlockMapView.aspx
IN-KA-VIJAYAPURA-THALIKOTI,water.piped_household_pct_2019,18.35,percent,2019,"Jal Jeevan Mission (DDWS, Ministry of Jal Shakti)",https://ejalshakti.gov.in/jjmreport/JJMBlockMapView.aspx
IN-KA-VIJAYAPURA-MUDDEBIHAL,demography.rural_households,38318,households,2026,"Jal Jeevan Mission (DDWS, Ministry of Jal Shakti)",https://ejalshakti.gov.in/jjmreport/JJMBlockMapView.aspx
IN-KA-VIJAYAPURA-MUDDEBIHAL,water.households_connected,37676,households,2026,"Jal Jeevan Mission (DDWS, Ministry of Jal Shakti)",https://ejalshakti.gov.in/jjmreport/JJMBlockMapView.aspx
IN-KA-VIJAYAPURA-MUDDEBIHAL,water.households_connected_2019,9595,households,2019,"Jal Jeevan Mission (DDWS, Ministry of Jal Shakti)",https://ejalshakti.gov.in/jjmreport/JJMBlockMapView.aspx
IN-KA-VIJAYAPURA-MUDDEBIHAL,water.piped_household_pct,98.33,percent,2026,"Jal Jeevan Mission (DDWS, Ministry of Jal Shakti)",https://ejalshakti.gov.in/jjmreport/JJMBlockMapView.aspx
IN-KA-VIJAYAPURA-MUDDEBIHAL,water.piped_household_pct_2019,25.04,percent,2019,"Jal Jeevan Mission (DDWS, Ministry of Jal Shakti)",https://ejalshakti.gov.in/jjmreport/JJMBlockMapView.aspx
IN-KA-VIJAYAPURA-NIDAGUNDI,demography.rural_households,21854,households,2026,"Jal Jeevan Mission (DDWS, Ministry of Jal Shakti)",https://ejalshakti.gov.in/jjmreport/JJMBlockMapView.aspx
IN-KA-VIJAYAPURA-NIDAGUNDI,water.households_connected,20760,households,2026,"Jal Jeevan Mission (DDWS, Ministry of Jal Shakti)",https://ejalshakti.gov.in/jjmreport/JJMBlockMapView.aspx
IN-KA-VIJAYAPURA-NIDAGUNDI,water.households_connected_2019,3558,households,2019,"Jal Jeevan Mission (DDWS, Ministry of Jal Shakti)",https://ejalshakti.gov.in/jjmreport/JJMBlockMapView.aspx
IN-KA-VIJAYAPURA-NIDAGUNDI,water.piped_household_pct,94.99,percent,2026,"Jal Jeevan Mission (DDWS, Ministry of Jal Shakti)",https://ejalshakti.gov.in/jjmreport/JJMBlockMapView.aspx
IN-KA-VIJAYAPURA-NIDAGUNDI,water.piped_household_pct_2019,16.28,percent,2019,"Jal Jeevan Mission (DDWS, Ministry of Jal Shakti)",https://ejalshakti.gov.in/jjmreport/JJMBlockMapView.aspx
IN-KA-VIJAYAPURA-CHADACHAN,demography.rural_households,25667,households,2026,"Jal Jeevan Mission (DDWS, Ministry of Jal Shakti)",https://ejalshakti.gov.in/jjmreport/JJMBlockMapView.aspx
IN-KA-VIJAYAPURA-CHADACHAN,water.households_connected,24068,households,2026,"Jal Jeevan Mission (DDWS, Ministry of Jal Shakti)",https://ejalshakti.gov.in/jjmreport/JJMBlockMapView.aspx
IN-KA-VIJAYAPURA-CHADACHAN,water.households_connected_2019,2899,households,2019,"Jal Jeevan Mission (DDWS, Ministry of Jal Shakti)",https://ejalshakti.gov.in/jjmreport/JJMBlockMapView.aspx
IN-KA-VIJAYAPURA-CHADACHAN,water.piped_household_pct,93.77,percent,2026,"Jal Jeevan Mission (DDWS, Ministry of Jal Shakti)",https://ejalshakti.gov.in/jjmreport/JJMBlockMapView.aspx
IN-KA-VIJAYAPURA-CHADACHAN,water.piped_household_pct_2019,11.30,percent,2019,"Jal Jeevan Mission (DDWS, Ministry of Jal Shakti)",https://ejalshakti.gov.in/jjmreport/JJMBlockMapView.aspx
IN-KA-VIJAYAPURA-INDI,demography.rural_households,64081,households,2026,"Jal Jeevan Mission (DDWS, Ministry of Jal Shakti)",https://ejalshakti.gov.in/jjmreport/JJMBlockMapView.aspx
IN-KA-VIJAYAPURA-INDI,water.households_connected,59724,households,2026,"Jal Jeevan Mission (DDWS, Ministry of Jal Shakti)",https://ejalshakti.gov.in/jjmreport/JJMBlockMapView.aspx
IN-KA-VIJAYAPURA-INDI,water.households_connected_2019,7150,households,2019,"Jal Jeevan Mission (DDWS, Ministry of Jal Shakti)",https://ejalshakti.gov.in/jjmreport/JJMBlockMapView.aspx
IN-KA-VIJAYAPURA-INDI,water.piped_household_pct,93.20,percent,2026,"Jal Jeevan Mission (DDWS, Ministry of Jal Shakti)",https://ejalshakti.gov.in/jjmreport/JJMBlockMapView.aspx
IN-KA-VIJAYAPURA-INDI,water.piped_household_pct_2019,11.16,percent,2019,"Jal Jeevan Mission (DDWS, Ministry of Jal Shakti)",https://ejalshakti.gov.in/jjmreport/JJMBlockMapView.aspx
IN-KA-VIJAYAPURA-SINDAGI,demography.rural_households,40624,households,2026,"Jal Jeevan Mission (DDWS, Ministry of Jal Shakti)",https://ejalshakti.gov.in/jjmreport/JJMBlockMapView.aspx
IN-KA-VIJAYAPURA-SINDAGI,water.households_connected,36237,households,2026,"Jal Jeevan Mission (DDWS, Ministry of Jal Shakti)",https://ejalshakti.gov.in/jjmreport/JJMBlockMapView.aspx
IN-KA-VIJAYAPURA-SINDAGI,water.households_connected_2019,5973,households,2019,"Jal Jeevan Mission (DDWS, Ministry of Jal Shakti)",https://ejalshakti.gov.in/jjmreport/JJMBlockMapView.aspx
IN-KA-VIJAYAPURA-SINDAGI,water.piped_household_pct,89.20,percent,2026,"Jal Jeevan Mission (DDWS, Ministry of Jal Shakti)",https://ejalshakti.gov.in/jjmreport/JJMBlockMapView.aspx
IN-KA-VIJAYAPURA-SINDAGI,water.piped_household_pct_2019,14.70,percent,2019,"Jal Jeevan Mission (DDWS, Ministry of Jal Shakti)",https://ejalshakti.gov.in/jjmreport/JJMBlockMapView.aspx
IN-KA-VIJAYAPURA-BASAVANA-BAGEWADI,demography.rural_households,42377,households,2026,"Jal Jeevan Mission (DDWS, Ministry of Jal Shakti)",https://ejalshakti.gov.in/jjmreport/JJMBlockMapView.aspx
IN-KA-VIJAYAPURA-BASAVANA-BAGEWADI,water.households_connected,36948,households,2026,"Jal Jeevan Mission (DDWS, Ministry of Jal Shakti)",https://ejalshakti.gov.in/jjmreport/JJMBlockMapView.aspx
IN-KA-VIJAYAPURA-BASAVANA-BAGEWADI,water.households_connected_2019,7168,households,2019,"Jal Jeevan Mission (DDWS, Ministry of Jal Shakti)",https://ejalshakti.gov.in/jjmreport/JJMBlockMapView.aspx
IN-KA-VIJAYAPURA-BASAVANA-BAGEWADI,water.piped_household_pct,87.19,percent,2026,"Jal Jeevan Mission (DDWS, Ministry of Jal Shakti)",https://ejalshakti.gov.in/jjmreport/JJMBlockMapView.aspx
IN-KA-VIJAYAPURA-BASAVANA-BAGEWADI,water.piped_household_pct_2019,16.92,percent,2019,"Jal Jeevan Mission (DDWS, Ministry of Jal Shakti)",https://ejalshakti.gov.in/jjmreport/JJMBlockMapView.aspx
IN-KA-VIJAYAPURA-ALMEL,demography.rural_households,26640,households,2026,"Jal Jeevan Mission (DDWS, Ministry of Jal Shakti)",https://ejalshakti.gov.in/jjmreport/JJMBlockMapView.aspx
IN-KA-VIJAYAPURA-ALMEL,water.households_connected,22625,households,2026,"Jal Jeevan Mission (DDWS, Ministry of Jal Shakti)",https://ejalshakti.gov.in/jjmreport/JJMBlockMapView.aspx
IN-KA-VIJAYAPURA-ALMEL,water.households_connected_2019,5004,households,2019,"Jal Jeevan Mission (DDWS, Ministry of Jal Shakti)",https://ejalshakti.gov.in/jjmreport/JJMBlockMapView.aspx
IN-KA-VIJAYAPURA-ALMEL,water.piped_household_pct,84.93,percent,2026,"Jal Jeevan Mission (DDWS, Ministry of Jal Shakti)",https://ejalshakti.gov.in/jjmreport/JJMBlockMapView.aspx
IN-KA-VIJAYAPURA-ALMEL,water.piped_household_pct_2019,18.78,percent,2019,"Jal Jeevan Mission (DDWS, Ministry of Jal Shakti)",https://ejalshakti.gov.in/jjmreport/JJMBlockMapView.aspx
IN-KA-VIJAYAPURA-VIJAYAPURA,demography.rural_households,43188,households,2026,"Jal Jeevan Mission (DDWS, Ministry of Jal Shakti)",https://ejalshakti.gov.in/jjmreport/JJMBlockMapView.aspx
IN-KA-VIJAYAPURA-VIJAYAPURA,water.households_connected,36227,households,2026,"Jal Jeevan Mission (DDWS, Ministry of Jal Shakti)",https://ejalshakti.gov.in/jjmreport/JJMBlockMapView.aspx
IN-KA-VIJAYAPURA-VIJAYAPURA,water.households_connected_2019,5644,households,2019,"Jal Jeevan Mission (DDWS, Ministry of Jal Shakti)",https://ejalshakti.gov.in/jjmreport/JJMBlockMapView.aspx
IN-KA-VIJAYAPURA-VIJAYAPURA,water.piped_household_pct,83.88,percent,2026,"Jal Jeevan Mission (DDWS, Ministry of Jal Shakti)",https://ejalshakti.gov.in/jjmreport/JJMBlockMapView.aspx
IN-KA-VIJAYAPURA-VIJAYAPURA,water.piped_household_pct_2019,13.07,percent,2019,"Jal Jeevan Mission (DDWS, Ministry of Jal Shakti)",https://ejalshakti.gov.in/jjmreport/JJMBlockMapView.aspx
IN-KA-VIJAYAPURA-THIKOTA,demography.rural_households,37978,households,2026,"Jal Jeevan Mission (DDWS, Ministry of Jal Shakti)",https://ejalshakti.gov.in/jjmreport/JJMBlockMapView.aspx
IN-KA-VIJAYAPURA-THIKOTA,water.households_connected,31165,households,2026,"Jal Jeevan Mission (DDWS, Ministry of Jal Shakti)",https://ejalshakti.gov.in/jjmreport/JJMBlockMapView.aspx
IN-KA-VIJAYAPURA-THIKOTA,water.households_connected_2019,3640,households,2019,"Jal Jeevan Mission (DDWS, Ministry of Jal Shakti)",https://ejalshakti.gov.in/jjmreport/JJMBlockMapView.aspx
IN-KA-VIJAYAPURA-THIKOTA,water.piped_household_pct,82.06,percent,2026,"Jal Jeevan Mission (DDWS, Ministry of Jal Shakti)",https://ejalshakti.gov.in/jjmreport/JJMBlockMapView.aspx
IN-KA-VIJAYAPURA-THIKOTA,water.piped_household_pct_2019,9.58,percent,2019,"Jal Jeevan Mission (DDWS, Ministry of Jal Shakti)",https://ejalshakti.gov.in/jjmreport/JJMBlockMapView.aspx
IN-KA-VIJAYAPURA-BABALESHWAR,demography.rural_households,36211,households,2026,"Jal Jeevan Mission (DDWS, Ministry of Jal Shakti)",https://ejalshakti.gov.in/jjmreport/JJMBlockMapView.aspx
IN-KA-VIJAYAPURA-BABALESHWAR,water.households_connected,29091,households,2026,"Jal Jeevan Mission (DDWS, Ministry of Jal Shakti)",https://ejalshakti.gov.in/jjmreport/JJMBlockMapView.aspx
IN-KA-VIJAYAPURA-BABALESHWAR,water.households_connected_2019,5511,households,2019,"Jal Jeevan Mission (DDWS, Ministry of Jal Shakti)",https://ejalshakti.gov.in/jjmreport/JJMBlockMapView.aspx
IN-KA-VIJAYAPURA-BABALESHWAR,water.piped_household_pct,80.34,percent,2026,"Jal Jeevan Mission (DDWS, Ministry of Jal Shakti)",https://ejalshakti.gov.in/jjmreport/JJMBlockMapView.aspx
IN-KA-VIJAYAPURA-BABALESHWAR,water.piped_household_pct_2019,15.22,percent,2019,"Jal Jeevan Mission (DDWS, Ministry of Jal Shakti)",https://ejalshakti.gov.in/jjmreport/JJMBlockMapView.aspx
IN-KA-VIJAYAPURA-DEVARA-HIPPARAGI,demography.rural_households,35531,households,2026,"Jal Jeevan Mission (DDWS, Ministry of Jal Shakti)",https://ejalshakti.gov.in/jjmreport/JJMBlockMapView.aspx
IN-KA-VIJAYAPURA-DEVARA-HIPPARAGI,water.households_connected,27871,households,2026,"Jal Jeevan Mission (DDWS, Ministry of Jal Shakti)",https://ejalshakti.gov.in/jjmreport/JJMBlockMapView.aspx
IN-KA-VIJAYAPURA-DEVARA-HIPPARAGI,water.households_connected_2019,4627,households,2019,"Jal Jeevan Mission (DDWS, Ministry of Jal Shakti)",https://ejalshakti.gov.in/jjmreport/JJMBlockMapView.aspx
IN-KA-VIJAYAPURA-DEVARA-HIPPARAGI,water.piped_household_pct,78.44,percent,2026,"Jal Jeevan Mission (DDWS, Ministry of Jal Shakti)",https://ejalshakti.gov.in/jjmreport/JJMBlockMapView.aspx
IN-KA-VIJAYAPURA-DEVARA-HIPPARAGI,water.piped_household_pct_2019,13.02,percent,2019,"Jal Jeevan Mission (DDWS, Ministry of Jal Shakti)",https://ejalshakti.gov.in/jjmreport/JJMBlockMapView.aspx
IN-KA-BIDAR,demography.rural_households,314887,households,2026,"Jal Jeevan Mission (DDWS, Ministry of Jal Shakti)",https://ejalshakti.gov.in/jjmreport/JJMBlockMapView.aspx
IN-KA-BIDAR,water.households_connected,292721,households,2026,"Jal Jeevan Mission (DDWS, Ministry of Jal Shakti)",https://ejalshakti.gov.in/jjmreport/JJMBlockMapView.aspx
IN-KA-BIDAR,water.piped_household_pct,92.96,percent,2026,"Jal Jeevan Mission (DDWS, Ministry of Jal Shakti)",https://ejalshakti.gov.in/jjmreport/JJMBlockMapView.aspx
IN-KA-BIDAR-BASAVAKALYAN,demography.rural_households,59176,households,2026,"Jal Jeevan Mission (DDWS, Ministry of Jal Shakti)",https://ejalshakti.gov.in/jjmreport/JJMBlockMapView.aspx
IN-KA-BIDAR-BASAVAKALYAN,water.households_connected,56974,households,2026,"Jal Jeevan Mission (DDWS, Ministry of Jal Shakti)",https://ejalshakti.gov.in/jjmreport/JJMBlockMapView.aspx
IN-KA-BIDAR-BASAVAKALYAN,water.households_connected_2019,7977,households,2019,"Jal Jeevan Mission (DDWS, Ministry of Jal Shakti)",https://ejalshakti.gov.in/jjmreport/JJMBlockMapView.aspx
IN-KA-BIDAR-BASAVAKALYAN,water.piped_household_pct,96.28,percent,2026,"Jal Jeevan Mission (DDWS, Ministry of Jal Shakti)",https://ejalshakti.gov.in/jjmreport/JJMBlockMapView.aspx
IN-KA-BIDAR-BASAVAKALYAN,water.piped_household_pct_2019,13.48,percent,2019,"Jal Jeevan Mission (DDWS, Ministry of Jal Shakti)",https://ejalshakti.gov.in/jjmreport/JJMBlockMapView.aspx
IN-KA-BIDAR-CHITTAGUPPA,demography.rural_households,23509,households,2026,"Jal Jeevan Mission (DDWS, Ministry of Jal Shakti)",https://ejalshakti.gov.in/jjmreport/JJMBlockMapView.aspx
IN-KA-BIDAR-CHITTAGUPPA,water.households_connected,22186,households,2026,"Jal Jeevan Mission (DDWS, Ministry of Jal Shakti)",https://ejalshakti.gov.in/jjmreport/JJMBlockMapView.aspx
IN-KA-BIDAR-CHITTAGUPPA,water.households_connected_2019,4506,households,2019,"Jal Jeevan Mission (DDWS, Ministry of Jal Shakti)",https://ejalshakti.gov.in/jjmreport/JJMBlockMapView.aspx
IN-KA-BIDAR-CHITTAGUPPA,water.piped_household_pct,94.37,percent,2026,"Jal Jeevan Mission (DDWS, Ministry of Jal Shakti)",https://ejalshakti.gov.in/jjmreport/JJMBlockMapView.aspx
IN-KA-BIDAR-CHITTAGUPPA,water.piped_household_pct_2019,19.17,percent,2019,"Jal Jeevan Mission (DDWS, Ministry of Jal Shakti)",https://ejalshakti.gov.in/jjmreport/JJMBlockMapView.aspx
IN-KA-BIDAR-HUMNABAD,demography.rural_households,30339,households,2026,"Jal Jeevan Mission (DDWS, Ministry of Jal Shakti)",https://ejalshakti.gov.in/jjmreport/JJMBlockMapView.aspx
IN-KA-BIDAR-HUMNABAD,water.households_connected,28505,households,2026,"Jal Jeevan Mission (DDWS, Ministry of Jal Shakti)",https://ejalshakti.gov.in/jjmreport/JJMBlockMapView.aspx
IN-KA-BIDAR-HUMNABAD,water.households_connected_2019,4517,households,2019,"Jal Jeevan Mission (DDWS, Ministry of Jal Shakti)",https://ejalshakti.gov.in/jjmreport/JJMBlockMapView.aspx
IN-KA-BIDAR-HUMNABAD,water.piped_household_pct,93.96,percent,2026,"Jal Jeevan Mission (DDWS, Ministry of Jal Shakti)",https://ejalshakti.gov.in/jjmreport/JJMBlockMapView.aspx
IN-KA-BIDAR-HUMNABAD,water.piped_household_pct_2019,14.89,percent,2019,"Jal Jeevan Mission (DDWS, Ministry of Jal Shakti)",https://ejalshakti.gov.in/jjmreport/JJMBlockMapView.aspx
IN-KA-BIDAR-BIDAR,demography.rural_households,63769,households,2026,"Jal Jeevan Mission (DDWS, Ministry of Jal Shakti)",https://ejalshakti.gov.in/jjmreport/JJMBlockMapView.aspx
IN-KA-BIDAR-BIDAR,water.households_connected,59753,households,2026,"Jal Jeevan Mission (DDWS, Ministry of Jal Shakti)",https://ejalshakti.gov.in/jjmreport/JJMBlockMapView.aspx
IN-KA-BIDAR-BIDAR,water.households_connected_2019,9991,households,2019,"Jal Jeevan Mission (DDWS, Ministry of Jal Shakti)",https://ejalshakti.gov.in/jjmreport/JJMBlockMapView.aspx
IN-KA-BIDAR-BIDAR,water.piped_household_pct,93.70,percent,2026,"Jal Jeevan Mission (DDWS, Ministry of Jal Shakti)",https://ejalshakti.gov.in/jjmreport/JJMBlockMapView.aspx
IN-KA-BIDAR-BIDAR,water.piped_household_pct_2019,15.67,percent,2019,"Jal Jeevan Mission (DDWS, Ministry of Jal Shakti)",https://ejalshakti.gov.in/jjmreport/JJMBlockMapView.aspx
IN-KA-BIDAR-BHALKI,demography.rural_households,62717,households,2026,"Jal Jeevan Mission (DDWS, Ministry of Jal Shakti)",https://ejalshakti.gov.in/jjmreport/JJMBlockMapView.aspx
IN-KA-BIDAR-BHALKI,water.households_connected,58624,households,2026,"Jal Jeevan Mission (DDWS, Ministry of Jal Shakti)",https://ejalshakti.gov.in/jjmreport/JJMBlockMapView.aspx
IN-KA-BIDAR-BHALKI,water.households_connected_2019,7607,households,2019,"Jal Jeevan Mission (DDWS, Ministry of Jal Shakti)",https://ejalshakti.gov.in/jjmreport/JJMBlockMapView.aspx
IN-KA-BIDAR-BHALKI,water.piped_household_pct,93.47,percent,2026,"Jal Jeevan Mission (DDWS, Ministry of Jal Shakti)",https://ejalshakti.gov.in/jjmreport/JJMBlockMapView.aspx
IN-KA-BIDAR-BHALKI,water.piped_household_pct_2019,12.13,percent,2019,"Jal Jeevan Mission (DDWS, Ministry of Jal Shakti)",https://ejalshakti.gov.in/jjmreport/JJMBlockMapView.aspx
IN-KA-BIDAR-AURAD,demography.rural_households,34841,households,2026,"Jal Jeevan Mission (DDWS, Ministry of Jal Shakti)",https://ejalshakti.gov.in/jjmreport/JJMBlockMapView.aspx
IN-KA-BIDAR-AURAD,water.households_connected,31785,households,2026,"Jal Jeevan Mission (DDWS, Ministry of Jal Shakti)",https://ejalshakti.gov.in/jjmreport/JJMBlockMapView.aspx
IN-KA-BIDAR-AURAD,water.households_connected_2019,6050,households,2019,"Jal Jeevan Mission (DDWS, Ministry of Jal Shakti)",https://ejalshakti.gov.in/jjmreport/JJMBlockMapView.aspx
IN-KA-BIDAR-AURAD,water.piped_household_pct,91.23,percent,2026,"Jal Jeevan Mission (DDWS, Ministry of Jal Shakti)",https://ejalshakti.gov.in/jjmreport/JJMBlockMapView.aspx
IN-KA-BIDAR-AURAD,water.piped_household_pct_2019,17.37,percent,2019,"Jal Jeevan Mission (DDWS, Ministry of Jal Shakti)",https://ejalshakti.gov.in/jjmreport/JJMBlockMapView.aspx
IN-KA-BIDAR-KAMALANAGARA,demography.rural_households,27152,households,2026,"Jal Jeevan Mission (DDWS, Ministry of Jal Shakti)",https://ejalshakti.gov.in/jjmreport/JJMBlockMapView.aspx
IN-KA-BIDAR-KAMALANAGARA,water.households_connected,23842,households,2026,"Jal Jeevan Mission (DDWS, Ministry of Jal Shakti)",https://ejalshakti.gov.in/jjmreport/JJMBlockMapView.aspx
IN-KA-BIDAR-KAMALANAGARA,water.households_connected_2019,5387,households,2019,"Jal Jeevan Mission (DDWS, Ministry of Jal Shakti)",https://ejalshakti.gov.in/jjmreport/JJMBlockMapView.aspx
IN-KA-BIDAR-KAMALANAGARA,water.piped_household_pct,87.81,percent,2026,"Jal Jeevan Mission (DDWS, Ministry of Jal Shakti)",https://ejalshakti.gov.in/jjmreport/JJMBlockMapView.aspx
IN-KA-BIDAR-KAMALANAGARA,water.piped_household_pct_2019,19.84,percent,2019,"Jal Jeevan Mission (DDWS, Ministry of Jal Shakti)",https://ejalshakti.gov.in/jjmreport/JJMBlockMapView.aspx
IN-KA-BIDAR-HULASURU,demography.rural_households,13384,households,2026,"Jal Jeevan Mission (DDWS, Ministry of Jal Shakti)",https://ejalshakti.gov.in/jjmreport/JJMBlockMapView.aspx
IN-KA-BIDAR-HULASURU,water.households_connected,11052,households,2026,"Jal Jeevan Mission (DDWS, Ministry of Jal Shakti)",https://ejalshakti.gov.in/jjmreport/JJMBlockMapView.aspx
IN-KA-BIDAR-HULASURU,water.households_connected_2019,1656,households,2019,"Jal Jeevan Mission (DDWS, Ministry of Jal Shakti)",https://ejalshakti.gov.in/jjmreport/JJMBlockMapView.aspx
IN-KA-BIDAR-HULASURU,water.piped_household_pct,82.58,percent,2026,"Jal Jeevan Mission (DDWS, Ministry of Jal Shakti)",https://ejalshakti.gov.in/jjmreport/JJMBlockMapView.aspx
IN-KA-BIDAR-HULASURU,water.piped_household_pct_2019,12.37,percent,2019,"Jal Jeevan Mission (DDWS, Ministry of Jal Shakti)",https://ejalshakti.gov.in/jjmreport/JJMBlockMapView.aspx
IN-KA-RAICHUR,demography.rural_households,362190,households,2026,"Jal Jeevan Mission (DDWS, Ministry of Jal Shakti)",https://ejalshakti.gov.in/jjmreport/JJMBlockMapView.aspx
IN-KA-RAICHUR,water.households_connected,354212,households,2026,"Jal Jeevan Mission (DDWS, Ministry of Jal Shakti)",https://ejalshakti.gov.in/jjmreport/JJMBlockMapView.aspx
IN-KA-RAICHUR,water.piped_household_pct,97.80,percent,2026,"Jal Jeevan Mission (DDWS, Ministry of Jal Shakti)",https://ejalshakti.gov.in/jjmreport/JJMBlockMapView.aspx
IN-KA-RAICHUR-MANVI,demography.rural_households,35045,households,2026,"Jal Jeevan Mission (DDWS, Ministry of Jal Shakti)",https://ejalshakti.gov.in/jjmreport/JJMBlockMapView.aspx
IN-KA-RAICHUR-MANVI,water.households_connected,34828,households,2026,"Jal Jeevan Mission (DDWS, Ministry of Jal Shakti)",https://ejalshakti.gov.in/jjmreport/JJMBlockMapView.aspx
IN-KA-RAICHUR-MANVI,water.households_connected_2019,9515,households,2019,"Jal Jeevan Mission (DDWS, Ministry of Jal Shakti)",https://ejalshakti.gov.in/jjmreport/JJMBlockMapView.aspx
IN-KA-RAICHUR-MANVI,water.piped_household_pct,99.38,percent,2026,"Jal Jeevan Mission (DDWS, Ministry of Jal Shakti)",https://ejalshakti.gov.in/jjmreport/JJMBlockMapView.aspx
IN-KA-RAICHUR-MANVI,water.piped_household_pct_2019,27.15,percent,2019,"Jal Jeevan Mission (DDWS, Ministry of Jal Shakti)",https://ejalshakti.gov.in/jjmreport/JJMBlockMapView.aspx
IN-KA-RAICHUR-SIRAWARA,demography.rural_households,34619,households,2026,"Jal Jeevan Mission (DDWS, Ministry of Jal Shakti)",https://ejalshakti.gov.in/jjmreport/JJMBlockMapView.aspx
IN-KA-RAICHUR-SIRAWARA,water.households_connected,34381,households,2026,"Jal Jeevan Mission (DDWS, Ministry of Jal Shakti)",https://ejalshakti.gov.in/jjmreport/JJMBlockMapView.aspx
IN-KA-RAICHUR-SIRAWARA,water.households_connected_2019,9373,households,2019,"Jal Jeevan Mission (DDWS, Ministry of Jal Shakti)",https://ejalshakti.gov.in/jjmreport/JJMBlockMapView.aspx
IN-KA-RAICHUR-SIRAWARA,water.piped_household_pct,99.31,percent,2026,"Jal Jeevan Mission (DDWS, Ministry of Jal Shakti)",https://ejalshakti.gov.in/jjmreport/JJMBlockMapView.aspx
IN-KA-RAICHUR-SIRAWARA,water.piped_household_pct_2019,27.08,percent,2019,"Jal Jeevan Mission (DDWS, Ministry of Jal Shakti)",https://ejalshakti.gov.in/jjmreport/JJMBlockMapView.aspx
IN-KA-RAICHUR-MASKI,demography.rural_households,41654,households,2026,"Jal Jeevan Mission (DDWS, Ministry of Jal Shakti)",https://ejalshakti.gov.in/jjmreport/JJMBlockMapView.aspx
IN-KA-RAICHUR-MASKI,water.households_connected,41297,households,2026,"Jal Jeevan Mission (DDWS, Ministry of Jal Shakti)",https://ejalshakti.gov.in/jjmreport/JJMBlockMapView.aspx
IN-KA-RAICHUR-MASKI,water.households_connected_2019,8572,households,2019,"Jal Jeevan Mission (DDWS, Ministry of Jal Shakti)",https://ejalshakti.gov.in/jjmreport/JJMBlockMapView.aspx
IN-KA-RAICHUR-MASKI,water.piped_household_pct,99.14,percent,2026,"Jal Jeevan Mission (DDWS, Ministry of Jal Shakti)",https://ejalshakti.gov.in/jjmreport/JJMBlockMapView.aspx
IN-KA-RAICHUR-MASKI,water.piped_household_pct_2019,20.58,percent,2019,"Jal Jeevan Mission (DDWS, Ministry of Jal Shakti)",https://ejalshakti.gov.in/jjmreport/JJMBlockMapView.aspx
IN-KA-RAICHUR-DEVADURGA,demography.rural_households,64184,households,2026,"Jal Jeevan Mission (DDWS, Ministry of Jal Shakti)",https://ejalshakti.gov.in/jjmreport/JJMBlockMapView.aspx
IN-KA-RAICHUR-DEVADURGA,water.households_connected,63527,households,2026,"Jal Jeevan Mission (DDWS, Ministry of Jal Shakti)",https://ejalshakti.gov.in/jjmreport/JJMBlockMapView.aspx
IN-KA-RAICHUR-DEVADURGA,water.households_connected_2019,14001,households,2019,"Jal Jeevan Mission (DDWS, Ministry of Jal Shakti)",https://ejalshakti.gov.in/jjmreport/JJMBlockMapView.aspx
IN-KA-RAICHUR-DEVADURGA,water.piped_household_pct,98.98,percent,2026,"Jal Jeevan Mission (DDWS, Ministry of Jal Shakti)",https://ejalshakti.gov.in/jjmreport/JJMBlockMapView.aspx
IN-KA-RAICHUR-DEVADURGA,water.piped_household_pct_2019,21.81,percent,2019,"Jal Jeevan Mission (DDWS, Ministry of Jal Shakti)",https://ejalshakti.gov.in/jjmreport/JJMBlockMapView.aspx
IN-KA-RAICHUR-RAICHUR,demography.rural_households,67224,households,2026,"Jal Jeevan Mission (DDWS, Ministry of Jal Shakti)",https://ejalshakti.gov.in/jjmreport/JJMBlockMapView.aspx
IN-KA-RAICHUR-RAICHUR,water.households_connected,65488,households,2026,"Jal Jeevan Mission (DDWS, Ministry of Jal Shakti)",https://ejalshakti.gov.in/jjmreport/JJMBlockMapView.aspx
IN-KA-RAICHUR-RAICHUR,water.households_connected_2019,13635,households,2019,"Jal Jeevan Mission (DDWS, Ministry of Jal Shakti)",https://ejalshakti.gov.in/jjmreport/JJMBlockMapView.aspx
IN-KA-RAICHUR-RAICHUR,water.piped_household_pct,97.42,percent,2026,"Jal Jeevan Mission (DDWS, Ministry of Jal Shakti)",https://ejalshakti.gov.in/jjmreport/JJMBlockMapView.aspx
IN-KA-RAICHUR-RAICHUR,water.piped_household_pct_2019,20.28,percent,2019,"Jal Jeevan Mission (DDWS, Ministry of Jal Shakti)",https://ejalshakti.gov.in/jjmreport/JJMBlockMapView.aspx
IN-KA-RAICHUR-LINGSUGUR,demography.rural_households,56882,households,2026,"Jal Jeevan Mission (DDWS, Ministry of Jal Shakti)",https://ejalshakti.gov.in/jjmreport/JJMBlockMapView.aspx
IN-KA-RAICHUR-LINGSUGUR,water.households_connected,54816,households,2026,"Jal Jeevan Mission (DDWS, Ministry of Jal Shakti)",https://ejalshakti.gov.in/jjmreport/JJMBlockMapView.aspx
IN-KA-RAICHUR-LINGSUGUR,water.households_connected_2019,12179,households,2019,"Jal Jeevan Mission (DDWS, Ministry of Jal Shakti)",https://ejalshakti.gov.in/jjmreport/JJMBlockMapView.aspx
IN-KA-RAICHUR-LINGSUGUR,water.piped_household_pct,96.37,percent,2026,"Jal Jeevan Mission (DDWS, Ministry of Jal Shakti)",https://ejalshakti.gov.in/jjmreport/JJMBlockMapView.aspx
IN-KA-RAICHUR-LINGSUGUR,water.piped_household_pct_2019,21.41,percent,2019,"Jal Jeevan Mission (DDWS, Ministry of Jal Shakti)",https://ejalshakti.gov.in/jjmreport/JJMBlockMapView.aspx
IN-KA-RAICHUR-SINDHANUR,demography.rural_households,62582,households,2026,"Jal Jeevan Mission (DDWS, Ministry of Jal Shakti)",https://ejalshakti.gov.in/jjmreport/JJMBlockMapView.aspx
IN-KA-RAICHUR-SINDHANUR,water.households_connected,59875,households,2026,"Jal Jeevan Mission (DDWS, Ministry of Jal Shakti)",https://ejalshakti.gov.in/jjmreport/JJMBlockMapView.aspx
IN-KA-RAICHUR-SINDHANUR,water.households_connected_2019,14984,households,2019,"Jal Jeevan Mission (DDWS, Ministry of Jal Shakti)",https://ejalshakti.gov.in/jjmreport/JJMBlockMapView.aspx
IN-KA-RAICHUR-SINDHANUR,water.piped_household_pct,95.67,percent,2026,"Jal Jeevan Mission (DDWS, Ministry of Jal Shakti)",https://ejalshakti.gov.in/jjmreport/JJMBlockMapView.aspx
IN-KA-RAICHUR-SINDHANUR,water.piped_household_pct_2019,23.94,percent,2019,"Jal Jeevan Mission (DDWS, Ministry of Jal Shakti)",https://ejalshakti.gov.in/jjmreport/JJMBlockMapView.aspx
IN-KA-KOPPAL,demography.rural_households,305862,households,2026,"Jal Jeevan Mission (DDWS, Ministry of Jal Shakti)",https://ejalshakti.gov.in/jjmreport/JJMBlockMapView.aspx
IN-KA-KOPPAL,water.households_connected,275119,households,2026,"Jal Jeevan Mission (DDWS, Ministry of Jal Shakti)",https://ejalshakti.gov.in/jjmreport/JJMBlockMapView.aspx
IN-KA-KOPPAL,water.piped_household_pct,89.95,percent,2026,"Jal Jeevan Mission (DDWS, Ministry of Jal Shakti)",https://ejalshakti.gov.in/jjmreport/JJMBlockMapView.aspx
IN-KA-KOPPAL-KANAKAGIRI,demography.rural_households,17794,households,2026,"Jal Jeevan Mission (DDWS, Ministry of Jal Shakti)",https://ejalshakti.gov.in/jjmreport/JJMBlockMapView.aspx
IN-KA-KOPPAL-KANAKAGIRI,water.households_connected,16944,households,2026,"Jal Jeevan Mission (DDWS, Ministry of Jal Shakti)",https://ejalshakti.gov.in/jjmreport/JJMBlockMapView.aspx
IN-KA-KOPPAL-KANAKAGIRI,water.households_connected_2019,8266,households,2019,"Jal Jeevan Mission (DDWS, Ministry of Jal Shakti)",https://ejalshakti.gov.in/jjmreport/JJMBlockMapView.aspx
IN-KA-KOPPAL-KANAKAGIRI,water.piped_household_pct,95.22,percent,2026,"Jal Jeevan Mission (DDWS, Ministry of Jal Shakti)",https://ejalshakti.gov.in/jjmreport/JJMBlockMapView.aspx
IN-KA-KOPPAL-KANAKAGIRI,water.piped_household_pct_2019,46.45,percent,2019,"Jal Jeevan Mission (DDWS, Ministry of Jal Shakti)",https://ejalshakti.gov.in/jjmreport/JJMBlockMapView.aspx
IN-KA-KOPPAL-KARATAGI,demography.rural_households,25618,households,2026,"Jal Jeevan Mission (DDWS, Ministry of Jal Shakti)",https://ejalshakti.gov.in/jjmreport/JJMBlockMapView.aspx
IN-KA-KOPPAL-KARATAGI,water.households_connected,23920,households,2026,"Jal Jeevan Mission (DDWS, Ministry of Jal Shakti)",https://ejalshakti.gov.in/jjmreport/JJMBlockMapView.aspx
IN-KA-KOPPAL-KARATAGI,water.households_connected_2019,12065,households,2019,"Jal Jeevan Mission (DDWS, Ministry of Jal Shakti)",https://ejalshakti.gov.in/jjmreport/JJMBlockMapView.aspx
IN-KA-KOPPAL-KARATAGI,water.piped_household_pct,93.37,percent,2026,"Jal Jeevan Mission (DDWS, Ministry of Jal Shakti)",https://ejalshakti.gov.in/jjmreport/JJMBlockMapView.aspx
IN-KA-KOPPAL-KARATAGI,water.piped_household_pct_2019,47.10,percent,2019,"Jal Jeevan Mission (DDWS, Ministry of Jal Shakti)",https://ejalshakti.gov.in/jjmreport/JJMBlockMapView.aspx
IN-KA-KOPPAL-KUSHTAGI,demography.rural_households,68904,households,2026,"Jal Jeevan Mission (DDWS, Ministry of Jal Shakti)",https://ejalshakti.gov.in/jjmreport/JJMBlockMapView.aspx
IN-KA-KOPPAL-KUSHTAGI,water.households_connected,63531,households,2026,"Jal Jeevan Mission (DDWS, Ministry of Jal Shakti)",https://ejalshakti.gov.in/jjmreport/JJMBlockMapView.aspx
IN-KA-KOPPAL-KUSHTAGI,water.households_connected_2019,15935,households,2019,"Jal Jeevan Mission (DDWS, Ministry of Jal Shakti)",https://ejalshakti.gov.in/jjmreport/JJMBlockMapView.aspx
IN-KA-KOPPAL-KUSHTAGI,water.piped_household_pct,92.20,percent,2026,"Jal Jeevan Mission (DDWS, Ministry of Jal Shakti)",https://ejalshakti.gov.in/jjmreport/JJMBlockMapView.aspx
IN-KA-KOPPAL-KUSHTAGI,water.piped_household_pct_2019,23.13,percent,2019,"Jal Jeevan Mission (DDWS, Ministry of Jal Shakti)",https://ejalshakti.gov.in/jjmreport/JJMBlockMapView.aspx
IN-KA-KOPPAL-KUKUNOOR,demography.rural_households,28447,households,2026,"Jal Jeevan Mission (DDWS, Ministry of Jal Shakti)",https://ejalshakti.gov.in/jjmreport/JJMBlockMapView.aspx
IN-KA-KOPPAL-KUKUNOOR,water.households_connected,25858,households,2026,"Jal Jeevan Mission (DDWS, Ministry of Jal Shakti)",https://ejalshakti.gov.in/jjmreport/JJMBlockMapView.aspx
IN-KA-KOPPAL-KUKUNOOR,water.households_connected_2019,9322,households,2019,"Jal Jeevan Mission (DDWS, Ministry of Jal Shakti)",https://ejalshakti.gov.in/jjmreport/JJMBlockMapView.aspx
IN-KA-KOPPAL-KUKUNOOR,water.piped_household_pct,90.90,percent,2026,"Jal Jeevan Mission (DDWS, Ministry of Jal Shakti)",https://ejalshakti.gov.in/jjmreport/JJMBlockMapView.aspx
IN-KA-KOPPAL-KUKUNOOR,water.piped_household_pct_2019,32.77,percent,2019,"Jal Jeevan Mission (DDWS, Ministry of Jal Shakti)",https://ejalshakti.gov.in/jjmreport/JJMBlockMapView.aspx
IN-KA-KOPPAL-YELBURGA,demography.rural_households,46151,households,2026,"Jal Jeevan Mission (DDWS, Ministry of Jal Shakti)",https://ejalshakti.gov.in/jjmreport/JJMBlockMapView.aspx
IN-KA-KOPPAL-YELBURGA,water.households_connected,41062,households,2026,"Jal Jeevan Mission (DDWS, Ministry of Jal Shakti)",https://ejalshakti.gov.in/jjmreport/JJMBlockMapView.aspx
IN-KA-KOPPAL-YELBURGA,water.households_connected_2019,14634,households,2019,"Jal Jeevan Mission (DDWS, Ministry of Jal Shakti)",https://ejalshakti.gov.in/jjmreport/JJMBlockMapView.aspx
IN-KA-KOPPAL-YELBURGA,water.piped_household_pct,88.97,percent,2026,"Jal Jeevan Mission (DDWS, Ministry of Jal Shakti)",https://ejalshakti.gov.in/jjmreport/JJMBlockMapView.aspx
IN-KA-KOPPAL-YELBURGA,water.piped_household_pct_2019,31.71,percent,2019,"Jal Jeevan Mission (DDWS, Ministry of Jal Shakti)",https://ejalshakti.gov.in/jjmreport/JJMBlockMapView.aspx
IN-KA-KOPPAL-KOPPAL,demography.rural_households,76930,households,2026,"Jal Jeevan Mission (DDWS, Ministry of Jal Shakti)",https://ejalshakti.gov.in/jjmreport/JJMBlockMapView.aspx
IN-KA-KOPPAL-KOPPAL,water.households_connected,67317,households,2026,"Jal Jeevan Mission (DDWS, Ministry of Jal Shakti)",https://ejalshakti.gov.in/jjmreport/JJMBlockMapView.aspx
IN-KA-KOPPAL-KOPPAL,water.households_connected_2019,25147,households,2019,"Jal Jeevan Mission (DDWS, Ministry of Jal Shakti)",https://ejalshakti.gov.in/jjmreport/JJMBlockMapView.aspx
IN-KA-KOPPAL-KOPPAL,water.piped_household_pct,87.50,percent,2026,"Jal Jeevan Mission (DDWS, Ministry of Jal Shakti)",https://ejalshakti.gov.in/jjmreport/JJMBlockMapView.aspx
IN-KA-KOPPAL-KOPPAL,water.piped_household_pct_2019,32.69,percent,2019,"Jal Jeevan Mission (DDWS, Ministry of Jal Shakti)",https://ejalshakti.gov.in/jjmreport/JJMBlockMapView.aspx
IN-KA-KOPPAL-GANGAVATHI,demography.rural_households,42018,households,2026,"Jal Jeevan Mission (DDWS, Ministry of Jal Shakti)",https://ejalshakti.gov.in/jjmreport/JJMBlockMapView.aspx
IN-KA-KOPPAL-GANGAVATHI,water.households_connected,36487,households,2026,"Jal Jeevan Mission (DDWS, Ministry of Jal Shakti)",https://ejalshakti.gov.in/jjmreport/JJMBlockMapView.aspx
IN-KA-KOPPAL-GANGAVATHI,water.households_connected_2019,14932,households,2019,"Jal Jeevan Mission (DDWS, Ministry of Jal Shakti)",https://ejalshakti.gov.in/jjmreport/JJMBlockMapView.aspx
IN-KA-KOPPAL-GANGAVATHI,water.piped_household_pct,86.84,percent,2026,"Jal Jeevan Mission (DDWS, Ministry of Jal Shakti)",https://ejalshakti.gov.in/jjmreport/JJMBlockMapView.aspx
IN-KA-KOPPAL-GANGAVATHI,water.piped_household_pct_2019,35.54,percent,2019,"Jal Jeevan Mission (DDWS, Ministry of Jal Shakti)",https://ejalshakti.gov.in/jjmreport/JJMBlockMapView.aspx
IN-KA-GADAG,demography.rural_households,200113,households,2026,"Jal Jeevan Mission (DDWS, Ministry of Jal Shakti)",https://ejalshakti.gov.in/jjmreport/JJMBlockMapView.aspx
IN-KA-GADAG,water.households_connected,200113,households,2026,"Jal Jeevan Mission (DDWS, Ministry of Jal Shakti)",https://ejalshakti.gov.in/jjmreport/JJMBlockMapView.aspx
IN-KA-GADAG,water.piped_household_pct,100.00,percent,2026,"Jal Jeevan Mission (DDWS, Ministry of Jal Shakti)",https://ejalshakti.gov.in/jjmreport/JJMBlockMapView.aspx
IN-KA-GADAG-GADAG,demography.rural_households,53000,households,2026,"Jal Jeevan Mission (DDWS, Ministry of Jal Shakti)",https://ejalshakti.gov.in/jjmreport/JJMBlockMapView.aspx
IN-KA-GADAG-GADAG,water.households_connected,53000,households,2026,"Jal Jeevan Mission (DDWS, Ministry of Jal Shakti)",https://ejalshakti.gov.in/jjmreport/JJMBlockMapView.aspx
IN-KA-GADAG-GADAG,water.households_connected_2019,11032,households,2019,"Jal Jeevan Mission (DDWS, Ministry of Jal Shakti)",https://ejalshakti.gov.in/jjmreport/JJMBlockMapView.aspx
IN-KA-GADAG-GADAG,water.piped_household_pct,100.00,percent,2026,"Jal Jeevan Mission (DDWS, Ministry of Jal Shakti)",https://ejalshakti.gov.in/jjmreport/JJMBlockMapView.aspx
IN-KA-GADAG-GADAG,water.piped_household_pct_2019,20.82,percent,2019,"Jal Jeevan Mission (DDWS, Ministry of Jal Shakti)",https://ejalshakti.gov.in/jjmreport/JJMBlockMapView.aspx
IN-KA-GADAG-GAJENDRAGAD,demography.rural_households,20536,households,2026,"Jal Jeevan Mission (DDWS, Ministry of Jal Shakti)",https://ejalshakti.gov.in/jjmreport/JJMBlockMapView.aspx
IN-KA-GADAG-GAJENDRAGAD,water.households_connected,20536,households,2026,"Jal Jeevan Mission (DDWS, Ministry of Jal Shakti)",https://ejalshakti.gov.in/jjmreport/JJMBlockMapView.aspx
IN-KA-GADAG-GAJENDRAGAD,water.households_connected_2019,2540,households,2019,"Jal Jeevan Mission (DDWS, Ministry of Jal Shakti)",https://ejalshakti.gov.in/jjmreport/JJMBlockMapView.aspx
IN-KA-GADAG-GAJENDRAGAD,water.piped_household_pct,100.00,percent,2026,"Jal Jeevan Mission (DDWS, Ministry of Jal Shakti)",https://ejalshakti.gov.in/jjmreport/JJMBlockMapView.aspx
IN-KA-GADAG-GAJENDRAGAD,water.piped_household_pct_2019,12.37,percent,2019,"Jal Jeevan Mission (DDWS, Ministry of Jal Shakti)",https://ejalshakti.gov.in/jjmreport/JJMBlockMapView.aspx
IN-KA-GADAG-LAXMESHWAR,demography.rural_households,19510,households,2026,"Jal Jeevan Mission (DDWS, Ministry of Jal Shakti)",https://ejalshakti.gov.in/jjmreport/JJMBlockMapView.aspx
IN-KA-GADAG-LAXMESHWAR,water.households_connected,19510,households,2026,"Jal Jeevan Mission (DDWS, Ministry of Jal Shakti)",https://ejalshakti.gov.in/jjmreport/JJMBlockMapView.aspx
IN-KA-GADAG-LAXMESHWAR,water.households_connected_2019,1996,households,2019,"Jal Jeevan Mission (DDWS, Ministry of Jal Shakti)",https://ejalshakti.gov.in/jjmreport/JJMBlockMapView.aspx
IN-KA-GADAG-LAXMESHWAR,water.piped_household_pct,100.00,percent,2026,"Jal Jeevan Mission (DDWS, Ministry of Jal Shakti)",https://ejalshakti.gov.in/jjmreport/JJMBlockMapView.aspx
IN-KA-GADAG-LAXMESHWAR,water.piped_household_pct_2019,10.23,percent,2019,"Jal Jeevan Mission (DDWS, Ministry of Jal Shakti)",https://ejalshakti.gov.in/jjmreport/JJMBlockMapView.aspx
IN-KA-GADAG-MUNDARAGI,demography.rural_households,32274,households,2026,"Jal Jeevan Mission (DDWS, Ministry of Jal Shakti)",https://ejalshakti.gov.in/jjmreport/JJMBlockMapView.aspx
IN-KA-GADAG-MUNDARAGI,water.households_connected,32274,households,2026,"Jal Jeevan Mission (DDWS, Ministry of Jal Shakti)",https://ejalshakti.gov.in/jjmreport/JJMBlockMapView.aspx
IN-KA-GADAG-MUNDARAGI,water.households_connected_2019,4467,households,2019,"Jal Jeevan Mission (DDWS, Ministry of Jal Shakti)",https://ejalshakti.gov.in/jjmreport/JJMBlockMapView.aspx
IN-KA-GADAG-MUNDARAGI,water.piped_household_pct,100.00,percent,2026,"Jal Jeevan Mission (DDWS, Ministry of Jal Shakti)",https://ejalshakti.gov.in/jjmreport/JJMBlockMapView.aspx
IN-KA-GADAG-MUNDARAGI,water.piped_household_pct_2019,13.84,percent,2019,"Jal Jeevan Mission (DDWS, Ministry of Jal Shakti)",https://ejalshakti.gov.in/jjmreport/JJMBlockMapView.aspx
IN-KA-GADAG-NARAGUND,demography.rural_households,16153,households,2026,"Jal Jeevan Mission (DDWS, Ministry of Jal Shakti)",https://ejalshakti.gov.in/jjmreport/JJMBlockMapView.aspx
IN-KA-GADAG-NARAGUND,water.households_connected,16153,households,2026,"Jal Jeevan Mission (DDWS, Ministry of Jal Shakti)",https://ejalshakti.gov.in/jjmreport/JJMBlockMapView.aspx
IN-KA-GADAG-NARAGUND,water.households_connected_2019,3956,households,2019,"Jal Jeevan Mission (DDWS, Ministry of Jal Shakti)",https://ejalshakti.gov.in/jjmreport/JJMBlockMapView.aspx
IN-KA-GADAG-NARAGUND,water.piped_household_pct,100.00,percent,2026,"Jal Jeevan Mission (DDWS, Ministry of Jal Shakti)",https://ejalshakti.gov.in/jjmreport/JJMBlockMapView.aspx
IN-KA-GADAG-NARAGUND,water.piped_household_pct_2019,24.49,percent,2019,"Jal Jeevan Mission (DDWS, Ministry of Jal Shakti)",https://ejalshakti.gov.in/jjmreport/JJMBlockMapView.aspx
IN-KA-GADAG-RON,demography.rural_households,39176,households,2026,"Jal Jeevan Mission (DDWS, Ministry of Jal Shakti)",https://ejalshakti.gov.in/jjmreport/JJMBlockMapView.aspx
IN-KA-GADAG-RON,water.households_connected,39176,households,2026,"Jal Jeevan Mission (DDWS, Ministry of Jal Shakti)",https://ejalshakti.gov.in/jjmreport/JJMBlockMapView.aspx
IN-KA-GADAG-RON,water.households_connected_2019,5077,households,2019,"Jal Jeevan Mission (DDWS, Ministry of Jal Shakti)",https://ejalshakti.gov.in/jjmreport/JJMBlockMapView.aspx
IN-KA-GADAG-RON,water.piped_household_pct,100.00,percent,2026,"Jal Jeevan Mission (DDWS, Ministry of Jal Shakti)",https://ejalshakti.gov.in/jjmreport/JJMBlockMapView.aspx
IN-KA-GADAG-RON,water.piped_household_pct_2019,12.96,percent,2019,"Jal Jeevan Mission (DDWS, Ministry of Jal Shakti)",https://ejalshakti.gov.in/jjmreport/JJMBlockMapView.aspx
IN-KA-GADAG-SHIRAHATTI,demography.rural_households,19464,households,2026,"Jal Jeevan Mission (DDWS, Ministry of Jal Shakti)",https://ejalshakti.gov.in/jjmreport/JJMBlockMapView.aspx
IN-KA-GADAG-SHIRAHATTI,water.households_connected,19464,households,2026,"Jal Jeevan Mission (DDWS, Ministry of Jal Shakti)",https://ejalshakti.gov.in/jjmreport/JJMBlockMapView.aspx
IN-KA-GADAG-SHIRAHATTI,water.households_connected_2019,1687,households,2019,"Jal Jeevan Mission (DDWS, Ministry of Jal Shakti)",https://ejalshakti.gov.in/jjmreport/JJMBlockMapView.aspx
IN-KA-GADAG-SHIRAHATTI,water.piped_household_pct,100.00,percent,2026,"Jal Jeevan Mission (DDWS, Ministry of Jal Shakti)",https://ejalshakti.gov.in/jjmreport/JJMBlockMapView.aspx
IN-KA-GADAG-SHIRAHATTI,water.piped_household_pct_2019,8.67,percent,2019,"Jal Jeevan Mission (DDWS, Ministry of Jal Shakti)",https://ejalshakti.gov.in/jjmreport/JJMBlockMapView.aspx
IN-KA-DHARWAD,demography.rural_households,201332,households,2026,"Jal Jeevan Mission (DDWS, Ministry of Jal Shakti)",https://ejalshakti.gov.in/jjmreport/JJMBlockMapView.aspx
IN-KA-DHARWAD,water.households_connected,201146,households,2026,"Jal Jeevan Mission (DDWS, Ministry of Jal Shakti)",https://ejalshakti.gov.in/jjmreport/JJMBlockMapView.aspx
IN-KA-DHARWAD,water.piped_household_pct,99.91,percent,2026,"Jal Jeevan Mission (DDWS, Ministry of Jal Shakti)",https://ejalshakti.gov.in/jjmreport/JJMBlockMapView.aspx
IN-KA-DHARWAD-ANNIGERI,demography.rural_households,11580,households,2026,"Jal Jeevan Mission (DDWS, Ministry of Jal Shakti)",https://ejalshakti.gov.in/jjmreport/JJMBlockMapView.aspx
IN-KA-DHARWAD-ANNIGERI,water.households_connected,11580,households,2026,"Jal Jeevan Mission (DDWS, Ministry of Jal Shakti)",https://ejalshakti.gov.in/jjmreport/JJMBlockMapView.aspx
IN-KA-DHARWAD-ANNIGERI,water.households_connected_2019,4912,households,2019,"Jal Jeevan Mission (DDWS, Ministry of Jal Shakti)",https://ejalshakti.gov.in/jjmreport/JJMBlockMapView.aspx
IN-KA-DHARWAD-ANNIGERI,water.piped_household_pct,100.00,percent,2026,"Jal Jeevan Mission (DDWS, Ministry of Jal Shakti)",https://ejalshakti.gov.in/jjmreport/JJMBlockMapView.aspx
IN-KA-DHARWAD-ANNIGERI,water.piped_household_pct_2019,42.42,percent,2019,"Jal Jeevan Mission (DDWS, Ministry of Jal Shakti)",https://ejalshakti.gov.in/jjmreport/JJMBlockMapView.aspx
IN-KA-DHARWAD-HUBBALLI,demography.rural_households,36521,households,2026,"Jal Jeevan Mission (DDWS, Ministry of Jal Shakti)",https://ejalshakti.gov.in/jjmreport/JJMBlockMapView.aspx
IN-KA-DHARWAD-HUBBALLI,water.households_connected,36521,households,2026,"Jal Jeevan Mission (DDWS, Ministry of Jal Shakti)",https://ejalshakti.gov.in/jjmreport/JJMBlockMapView.aspx
IN-KA-DHARWAD-HUBBALLI,water.households_connected_2019,12000,households,2019,"Jal Jeevan Mission (DDWS, Ministry of Jal Shakti)",https://ejalshakti.gov.in/jjmreport/JJMBlockMapView.aspx
IN-KA-DHARWAD-HUBBALLI,water.piped_household_pct,100.00,percent,2026,"Jal Jeevan Mission (DDWS, Ministry of Jal Shakti)",https://ejalshakti.gov.in/jjmreport/JJMBlockMapView.aspx
IN-KA-DHARWAD-HUBBALLI,water.piped_household_pct_2019,32.86,percent,2019,"Jal Jeevan Mission (DDWS, Ministry of Jal Shakti)",https://ejalshakti.gov.in/jjmreport/JJMBlockMapView.aspx
IN-KA-DHARWAD-KALGHATGI,demography.rural_households,35031,households,2026,"Jal Jeevan Mission (DDWS, Ministry of Jal Shakti)",https://ejalshakti.gov.in/jjmreport/JJMBlockMapView.aspx
IN-KA-DHARWAD-KALGHATGI,water.households_connected,35031,households,2026,"Jal Jeevan Mission (DDWS, Ministry of Jal Shakti)",https://ejalshakti.gov.in/jjmreport/JJMBlockMapView.aspx
IN-KA-DHARWAD-KALGHATGI,water.households_connected_2019,13888,households,2019,"Jal Jeevan Mission (DDWS, Ministry of Jal Shakti)",https://ejalshakti.gov.in/jjmreport/JJMBlockMapView.aspx
IN-KA-DHARWAD-KALGHATGI,water.piped_household_pct,100.00,percent,2026,"Jal Jeevan Mission (DDWS, Ministry of Jal Shakti)",https://ejalshakti.gov.in/jjmreport/JJMBlockMapView.aspx
IN-KA-DHARWAD-KALGHATGI,water.piped_household_pct_2019,39.65,percent,2019,"Jal Jeevan Mission (DDWS, Ministry of Jal Shakti)",https://ejalshakti.gov.in/jjmreport/JJMBlockMapView.aspx
IN-KA-DHARWAD-KUNDGOL,demography.rural_households,37409,households,2026,"Jal Jeevan Mission (DDWS, Ministry of Jal Shakti)",https://ejalshakti.gov.in/jjmreport/JJMBlockMapView.aspx
IN-KA-DHARWAD-KUNDGOL,water.households_connected,37409,households,2026,"Jal Jeevan Mission (DDWS, Ministry of Jal Shakti)",https://ejalshakti.gov.in/jjmreport/JJMBlockMapView.aspx
IN-KA-DHARWAD-KUNDGOL,water.households_connected_2019,16000,households,2019,"Jal Jeevan Mission (DDWS, Ministry of Jal Shakti)",https://ejalshakti.gov.in/jjmreport/JJMBlockMapView.aspx
IN-KA-DHARWAD-KUNDGOL,water.piped_household_pct,100.00,percent,2026,"Jal Jeevan Mission (DDWS, Ministry of Jal Shakti)",https://ejalshakti.gov.in/jjmreport/JJMBlockMapView.aspx
IN-KA-DHARWAD-KUNDGOL,water.piped_household_pct_2019,42.77,percent,2019,"Jal Jeevan Mission (DDWS, Ministry of Jal Shakti)",https://ejalshakti.gov.in/jjmreport/JJMBlockMapView.aspx
IN-KA-DHARWAD-NAVALGUND,demography.rural_households,21390,households,2026,"Jal Jeevan Mission (DDWS, Ministry of Jal Shakti)",https://ejalshakti.gov.in/jjmreport/JJMBlockMapView.aspx
IN-KA-DHARWAD-NAVALGUND,water.households_connected,21390,households,2026,"Jal Jeevan Mission (DDWS, Ministry of Jal Shakti)",https://ejalshakti.gov.in/jjmreport/JJMBlockMapView.aspx
IN-KA-DHARWAD-NAVALGUND,water.households_connected_2019,7400,households,2019,"Jal Jeevan Mission (DDWS, Ministry of Jal Shakti)",https://ejalshakti.gov.in/jjmreport/JJMBlockMapView.aspx
IN-KA-DHARWAD-NAVALGUND,water.piped_household_pct,100.00,percent,2026,"Jal Jeevan Mission (DDWS, Ministry of Jal Shakti)",https://ejalshakti.gov.in/jjmreport/JJMBlockMapView.aspx
IN-KA-DHARWAD-NAVALGUND,water.piped_household_pct_2019,34.60,percent,2019,"Jal Jeevan Mission (DDWS, Ministry of Jal Shakti)",https://ejalshakti.gov.in/jjmreport/JJMBlockMapView.aspx
IN-KA-DHARWAD-DHARWAD,demography.rural_households,54619,households,2026,"Jal Jeevan Mission (DDWS, Ministry of Jal Shakti)",https://ejalshakti.gov.in/jjmreport/JJMBlockMapView.aspx
IN-KA-DHARWAD-DHARWAD,water.households_connected,54577,households,2026,"Jal Jeevan Mission (DDWS, Ministry of Jal Shakti)",https://ejalshakti.gov.in/jjmreport/JJMBlockMapView.aspx
IN-KA-DHARWAD-DHARWAD,water.households_connected_2019,23922,households,2019,"Jal Jeevan Mission (DDWS, Ministry of Jal Shakti)",https://ejalshakti.gov.in/jjmreport/JJMBlockMapView.aspx
IN-KA-DHARWAD-DHARWAD,water.piped_household_pct,99.92,percent,2026,"Jal Jeevan Mission (DDWS, Ministry of Jal Shakti)",https://ejalshakti.gov.in/jjmreport/JJMBlockMapView.aspx
IN-KA-DHARWAD-DHARWAD,water.piped_household_pct_2019,43.80,percent,2019,"Jal Jeevan Mission (DDWS, Ministry of Jal Shakti)",https://ejalshakti.gov.in/jjmreport/JJMBlockMapView.aspx
IN-KA-DHARWAD-ALNAVAR,demography.rural_households,4782,households,2026,"Jal Jeevan Mission (DDWS, Ministry of Jal Shakti)",https://ejalshakti.gov.in/jjmreport/JJMBlockMapView.aspx
IN-KA-DHARWAD-ALNAVAR,water.households_connected,4638,households,2026,"Jal Jeevan Mission (DDWS, Ministry of Jal Shakti)",https://ejalshakti.gov.in/jjmreport/JJMBlockMapView.aspx
IN-KA-DHARWAD-ALNAVAR,water.households_connected_2019,1798,households,2019,"Jal Jeevan Mission (DDWS, Ministry of Jal Shakti)",https://ejalshakti.gov.in/jjmreport/JJMBlockMapView.aspx
IN-KA-DHARWAD-ALNAVAR,water.piped_household_pct,96.99,percent,2026,"Jal Jeevan Mission (DDWS, Ministry of Jal Shakti)",https://ejalshakti.gov.in/jjmreport/JJMBlockMapView.aspx
IN-KA-DHARWAD-ALNAVAR,water.piped_household_pct_2019,37.60,percent,2019,"Jal Jeevan Mission (DDWS, Ministry of Jal Shakti)",https://ejalshakti.gov.in/jjmreport/JJMBlockMapView.aspx
IN-KA-UTTARA-KANNADA,demography.rural_households,286318,households,2026,"Jal Jeevan Mission (DDWS, Ministry of Jal Shakti)",https://ejalshakti.gov.in/jjmreport/JJMBlockMapView.aspx
IN-KA-UTTARA-KANNADA,water.households_connected,204657,households,2026,"Jal Jeevan Mission (DDWS, Ministry of Jal Shakti)",https://ejalshakti.gov.in/jjmreport/JJMBlockMapView.aspx
IN-KA-UTTARA-KANNADA,water.piped_household_pct,71.48,percent,2026,"Jal Jeevan Mission (DDWS, Ministry of Jal Shakti)",https://ejalshakti.gov.in/jjmreport/JJMBlockMapView.aspx
IN-KA-UTTARA-KANNADA-HALIYAL,demography.rural_households,22567,households,2026,"Jal Jeevan Mission (DDWS, Ministry of Jal Shakti)",https://ejalshakti.gov.in/jjmreport/JJMBlockMapView.aspx
IN-KA-UTTARA-KANNADA-HALIYAL,water.households_connected,21986,households,2026,"Jal Jeevan Mission (DDWS, Ministry of Jal Shakti)",https://ejalshakti.gov.in/jjmreport/JJMBlockMapView.aspx
IN-KA-UTTARA-KANNADA-HALIYAL,water.households_connected_2019,5006,households,2019,"Jal Jeevan Mission (DDWS, Ministry of Jal Shakti)",https://ejalshakti.gov.in/jjmreport/JJMBlockMapView.aspx
IN-KA-UTTARA-KANNADA-HALIYAL,water.piped_household_pct,97.43,percent,2026,"Jal Jeevan Mission (DDWS, Ministry of Jal Shakti)",https://ejalshakti.gov.in/jjmreport/JJMBlockMapView.aspx
IN-KA-UTTARA-KANNADA-HALIYAL,water.piped_household_pct_2019,22.18,percent,2019,"Jal Jeevan Mission (DDWS, Ministry of Jal Shakti)",https://ejalshakti.gov.in/jjmreport/JJMBlockMapView.aspx
IN-KA-UTTARA-KANNADA-DANDELI,demography.rural_households,3799,households,2026,"Jal Jeevan Mission (DDWS, Ministry of Jal Shakti)",https://ejalshakti.gov.in/jjmreport/JJMBlockMapView.aspx
IN-KA-UTTARA-KANNADA-DANDELI,water.households_connected,3602,households,2026,"Jal Jeevan Mission (DDWS, Ministry of Jal Shakti)",https://ejalshakti.gov.in/jjmreport/JJMBlockMapView.aspx
IN-KA-UTTARA-KANNADA-DANDELI,water.households_connected_2019,292,households,2019,"Jal Jeevan Mission (DDWS, Ministry of Jal Shakti)",https://ejalshakti.gov.in/jjmreport/JJMBlockMapView.aspx
IN-KA-UTTARA-KANNADA-DANDELI,water.piped_household_pct,94.81,percent,2026,"Jal Jeevan Mission (DDWS, Ministry of Jal Shakti)",https://ejalshakti.gov.in/jjmreport/JJMBlockMapView.aspx
IN-KA-UTTARA-KANNADA-DANDELI,water.piped_household_pct_2019,7.69,percent,2019,"Jal Jeevan Mission (DDWS, Ministry of Jal Shakti)",https://ejalshakti.gov.in/jjmreport/JJMBlockMapView.aspx
IN-KA-UTTARA-KANNADA-MUNDGOD,demography.rural_households,23377,households,2026,"Jal Jeevan Mission (DDWS, Ministry of Jal Shakti)",https://ejalshakti.gov.in/jjmreport/JJMBlockMapView.aspx
IN-KA-UTTARA-KANNADA-MUNDGOD,water.households_connected,22135,households,2026,"Jal Jeevan Mission (DDWS, Ministry of Jal Shakti)",https://ejalshakti.gov.in/jjmreport/JJMBlockMapView.aspx
IN-KA-UTTARA-KANNADA-MUNDGOD,water.households_connected_2019,3323,households,2019,"Jal Jeevan Mission (DDWS, Ministry of Jal Shakti)",https://ejalshakti.gov.in/jjmreport/JJMBlockMapView.aspx
IN-KA-UTTARA-KANNADA-MUNDGOD,water.piped_household_pct,94.69,percent,2026,"Jal Jeevan Mission (DDWS, Ministry of Jal Shakti)",https://ejalshakti.gov.in/jjmreport/JJMBlockMapView.aspx
IN-KA-UTTARA-KANNADA-MUNDGOD,water.piped_household_pct_2019,14.22,percent,2019,"Jal Jeevan Mission (DDWS, Ministry of Jal Shakti)",https://ejalshakti.gov.in/jjmreport/JJMBlockMapView.aspx
IN-KA-UTTARA-KANNADA-SUPA,demography.rural_households,16157,households,2026,"Jal Jeevan Mission (DDWS, Ministry of Jal Shakti)",https://ejalshakti.gov.in/jjmreport/JJMBlockMapView.aspx
IN-KA-UTTARA-KANNADA-SUPA,water.households_connected,13598,households,2026,"Jal Jeevan Mission (DDWS, Ministry of Jal Shakti)",https://ejalshakti.gov.in/jjmreport/JJMBlockMapView.aspx
IN-KA-UTTARA-KANNADA-SUPA,water.households_connected_2019,1768,households,2019,"Jal Jeevan Mission (DDWS, Ministry of Jal Shakti)",https://ejalshakti.gov.in/jjmreport/JJMBlockMapView.aspx
IN-KA-UTTARA-KANNADA-SUPA,water.piped_household_pct,84.16,percent,2026,"Jal Jeevan Mission (DDWS, Ministry of Jal Shakti)",https://ejalshakti.gov.in/jjmreport/JJMBlockMapView.aspx
IN-KA-UTTARA-KANNADA-SUPA,water.piped_household_pct_2019,10.94,percent,2019,"Jal Jeevan Mission (DDWS, Ministry of Jal Shakti)",https://ejalshakti.gov.in/jjmreport/JJMBlockMapView.aspx
IN-KA-UTTARA-KANNADA-YELLAPUR,demography.rural_households,16496,households,2026,"Jal Jeevan Mission (DDWS, Ministry of Jal Shakti)",https://ejalshakti.gov.in/jjmreport/JJMBlockMapView.aspx
IN-KA-UTTARA-KANNADA-YELLAPUR,water.households_connected,13863,households,2026,"Jal Jeevan Mission (DDWS, Ministry of Jal Shakti)",https://ejalshakti.gov.in/jjmreport/JJMBlockMapView.aspx
IN-KA-UTTARA-KANNADA-YELLAPUR,water.households_connected_2019,1396,households,2019,"Jal Jeevan Mission (DDWS, Ministry of Jal Shakti)",https://ejalshakti.gov.in/jjmreport/JJMBlockMapView.aspx
IN-KA-UTTARA-KANNADA-YELLAPUR,water.piped_household_pct,84.04,percent,2026,"Jal Jeevan Mission (DDWS, Ministry of Jal Shakti)",https://ejalshakti.gov.in/jjmreport/JJMBlockMapView.aspx
IN-KA-UTTARA-KANNADA-YELLAPUR,water.piped_household_pct_2019,8.46,percent,2019,"Jal Jeevan Mission (DDWS, Ministry of Jal Shakti)",https://ejalshakti.gov.in/jjmreport/JJMBlockMapView.aspx
IN-KA-UTTARA-KANNADA-SIDDAPUR,demography.rural_households,22796,households,2026,"Jal Jeevan Mission (DDWS, Ministry of Jal Shakti)",https://ejalshakti.gov.in/jjmreport/JJMBlockMapView.aspx
IN-KA-UTTARA-KANNADA-SIDDAPUR,water.households_connected,18709,households,2026,"Jal Jeevan Mission (DDWS, Ministry of Jal Shakti)",https://ejalshakti.gov.in/jjmreport/JJMBlockMapView.aspx
IN-KA-UTTARA-KANNADA-SIDDAPUR,water.households_connected_2019,963,households,2019,"Jal Jeevan Mission (DDWS, Ministry of Jal Shakti)",https://ejalshakti.gov.in/jjmreport/JJMBlockMapView.aspx
IN-KA-UTTARA-KANNADA-SIDDAPUR,water.piped_household_pct,82.07,percent,2026,"Jal Jeevan Mission (DDWS, Ministry of Jal Shakti)",https://ejalshakti.gov.in/jjmreport/JJMBlockMapView.aspx
IN-KA-UTTARA-KANNADA-SIDDAPUR,water.piped_household_pct_2019,4.22,percent,2019,"Jal Jeevan Mission (DDWS, Ministry of Jal Shakti)",https://ejalshakti.gov.in/jjmreport/JJMBlockMapView.aspx
IN-KA-UTTARA-KANNADA-KUMTA,demography.rural_households,30650,households,2026,"Jal Jeevan Mission (DDWS, Ministry of Jal Shakti)",https://ejalshakti.gov.in/jjmreport/JJMBlockMapView.aspx
IN-KA-UTTARA-KANNADA-KUMTA,water.households_connected,24042,households,2026,"Jal Jeevan Mission (DDWS, Ministry of Jal Shakti)",https://ejalshakti.gov.in/jjmreport/JJMBlockMapView.aspx
IN-KA-UTTARA-KANNADA-KUMTA,water.households_connected_2019,208,households,2019,"Jal Jeevan Mission (DDWS, Ministry of Jal Shakti)",https://ejalshakti.gov.in/jjmreport/JJMBlockMapView.aspx
IN-KA-UTTARA-KANNADA-KUMTA,water.piped_household_pct,78.44,percent,2026,"Jal Jeevan Mission (DDWS, Ministry of Jal Shakti)",https://ejalshakti.gov.in/jjmreport/JJMBlockMapView.aspx
IN-KA-UTTARA-KANNADA-KUMTA,water.piped_household_pct_2019,0.68,percent,2019,"Jal Jeevan Mission (DDWS, Ministry of Jal Shakti)",https://ejalshakti.gov.in/jjmreport/JJMBlockMapView.aspx
IN-KA-UTTARA-KANNADA-SIRSI,demography.rural_households,33650,households,2026,"Jal Jeevan Mission (DDWS, Ministry of Jal Shakti)",https://ejalshakti.gov.in/jjmreport/JJMBlockMapView.aspx
IN-KA-UTTARA-KANNADA-SIRSI,water.households_connected,25485,households,2026,"Jal Jeevan Mission (DDWS, Ministry of Jal Shakti)",https://ejalshakti.gov.in/jjmreport/JJMBlockMapView.aspx
IN-KA-UTTARA-KANNADA-SIRSI,water.households_connected_2019,1143,households,2019,"Jal Jeevan Mission (DDWS, Ministry of Jal Shakti)",https://ejalshakti.gov.in/jjmreport/JJMBlockMapView.aspx
IN-KA-UTTARA-KANNADA-SIRSI,water.piped_household_pct,75.74,percent,2026,"Jal Jeevan Mission (DDWS, Ministry of Jal Shakti)",https://ejalshakti.gov.in/jjmreport/JJMBlockMapView.aspx
IN-KA-UTTARA-KANNADA-SIRSI,water.piped_household_pct_2019,3.40,percent,2019,"Jal Jeevan Mission (DDWS, Ministry of Jal Shakti)",https://ejalshakti.gov.in/jjmreport/JJMBlockMapView.aspx
IN-KA-UTTARA-KANNADA-BHATKAL,demography.rural_households,25767,households,2026,"Jal Jeevan Mission (DDWS, Ministry of Jal Shakti)",https://ejalshakti.gov.in/jjmreport/JJMBlockMapView.aspx
IN-KA-UTTARA-KANNADA-BHATKAL,water.households_connected,17122,households,2026,"Jal Jeevan Mission (DDWS, Ministry of Jal Shakti)",https://ejalshakti.gov.in/jjmreport/JJMBlockMapView.aspx
IN-KA-UTTARA-KANNADA-BHATKAL,water.households_connected_2019,0,households,2019,"Jal Jeevan Mission (DDWS, Ministry of Jal Shakti)",https://ejalshakti.gov.in/jjmreport/JJMBlockMapView.aspx
IN-KA-UTTARA-KANNADA-BHATKAL,water.piped_household_pct,66.45,percent,2026,"Jal Jeevan Mission (DDWS, Ministry of Jal Shakti)",https://ejalshakti.gov.in/jjmreport/JJMBlockMapView.aspx
IN-KA-UTTARA-KANNADA-BHATKAL,water.piped_household_pct_2019,0.00,percent,2019,"Jal Jeevan Mission (DDWS, Ministry of Jal Shakti)",https://ejalshakti.gov.in/jjmreport/JJMBlockMapView.aspx
IN-KA-UTTARA-KANNADA-KARWAR,demography.rural_households,28095,households,2026,"Jal Jeevan Mission (DDWS, Ministry of Jal Shakti)",https://ejalshakti.gov.in/jjmreport/JJMBlockMapView.aspx
IN-KA-UTTARA-KANNADA-KARWAR,water.households_connected,15845,households,2026,"Jal Jeevan Mission (DDWS, Ministry of Jal Shakti)",https://ejalshakti.gov.in/jjmreport/JJMBlockMapView.aspx
IN-KA-UTTARA-KANNADA-KARWAR,water.households_connected_2019,902,households,2019,"Jal Jeevan Mission (DDWS, Ministry of Jal Shakti)",https://ejalshakti.gov.in/jjmreport/JJMBlockMapView.aspx
IN-KA-UTTARA-KANNADA-KARWAR,water.piped_household_pct,56.40,percent,2026,"Jal Jeevan Mission (DDWS, Ministry of Jal Shakti)",https://ejalshakti.gov.in/jjmreport/JJMBlockMapView.aspx
IN-KA-UTTARA-KANNADA-KARWAR,water.piped_household_pct_2019,3.21,percent,2019,"Jal Jeevan Mission (DDWS, Ministry of Jal Shakti)",https://ejalshakti.gov.in/jjmreport/JJMBlockMapView.aspx
IN-KA-UTTARA-KANNADA-ANKOLA,demography.rural_households,29268,households,2026,"Jal Jeevan Mission (DDWS, Ministry of Jal Shakti)",https://ejalshakti.gov.in/jjmreport/JJMBlockMapView.aspx
IN-KA-UTTARA-KANNADA-ANKOLA,water.households_connected,15628,households,2026,"Jal Jeevan Mission (DDWS, Ministry of Jal Shakti)",https://ejalshakti.gov.in/jjmreport/JJMBlockMapView.aspx
IN-KA-UTTARA-KANNADA-ANKOLA,water.households_connected_2019,241,households,2019,"Jal Jeevan Mission (DDWS, Ministry of Jal Shakti)",https://ejalshakti.gov.in/jjmreport/JJMBlockMapView.aspx
IN-KA-UTTARA-KANNADA-ANKOLA,water.piped_household_pct,53.40,percent,2026,"Jal Jeevan Mission (DDWS, Ministry of Jal Shakti)",https://ejalshakti.gov.in/jjmreport/JJMBlockMapView.aspx
IN-KA-UTTARA-KANNADA-ANKOLA,water.piped_household_pct_2019,0.82,percent,2019,"Jal Jeevan Mission (DDWS, Ministry of Jal Shakti)",https://ejalshakti.gov.in/jjmreport/JJMBlockMapView.aspx
IN-KA-UTTARA-KANNADA-HONAVAR,demography.rural_households,33696,households,2026,"Jal Jeevan Mission (DDWS, Ministry of Jal Shakti)",https://ejalshakti.gov.in/jjmreport/JJMBlockMapView.aspx
IN-KA-UTTARA-KANNADA-HONAVAR,water.households_connected,12642,households,2026,"Jal Jeevan Mission (DDWS, Ministry of Jal Shakti)",https://ejalshakti.gov.in/jjmreport/JJMBlockMapView.aspx
IN-KA-UTTARA-KANNADA-HONAVAR,water.households_connected_2019,16,households,2019,"Jal Jeevan Mission (DDWS, Ministry of Jal Shakti)",https://ejalshakti.gov.in/jjmreport/JJMBlockMapView.aspx
IN-KA-UTTARA-KANNADA-HONAVAR,water.piped_household_pct,37.52,percent,2026,"Jal Jeevan Mission (DDWS, Ministry of Jal Shakti)",https://ejalshakti.gov.in/jjmreport/JJMBlockMapView.aspx
IN-KA-UTTARA-KANNADA-HONAVAR,water.piped_household_pct_2019,0.05,percent,2019,"Jal Jeevan Mission (DDWS, Ministry of Jal Shakti)",https://ejalshakti.gov.in/jjmreport/JJMBlockMapView.aspx
IN-KA-HAVERI,demography.rural_households,294643,households,2026,"Jal Jeevan Mission (DDWS, Ministry of Jal Shakti)",https://ejalshakti.gov.in/jjmreport/JJMBlockMapView.aspx
IN-KA-HAVERI,water.households_connected,285203,households,2026,"Jal Jeevan Mission (DDWS, Ministry of Jal Shakti)",https://ejalshakti.gov.in/jjmreport/JJMBlockMapView.aspx
IN-KA-HAVERI,water.piped_household_pct,96.80,percent,2026,"Jal Jeevan Mission (DDWS, Ministry of Jal Shakti)",https://ejalshakti.gov.in/jjmreport/JJMBlockMapView.aspx
IN-KA-HAVERI-RANEBENNUR,demography.rural_households,57082,households,2026,"Jal Jeevan Mission (DDWS, Ministry of Jal Shakti)",https://ejalshakti.gov.in/jjmreport/JJMBlockMapView.aspx
IN-KA-HAVERI-RANEBENNUR,water.households_connected,57082,households,2026,"Jal Jeevan Mission (DDWS, Ministry of Jal Shakti)",https://ejalshakti.gov.in/jjmreport/JJMBlockMapView.aspx
IN-KA-HAVERI-RANEBENNUR,water.households_connected_2019,10432,households,2019,"Jal Jeevan Mission (DDWS, Ministry of Jal Shakti)",https://ejalshakti.gov.in/jjmreport/JJMBlockMapView.aspx
IN-KA-HAVERI-RANEBENNUR,water.piped_household_pct,100.00,percent,2026,"Jal Jeevan Mission (DDWS, Ministry of Jal Shakti)",https://ejalshakti.gov.in/jjmreport/JJMBlockMapView.aspx
IN-KA-HAVERI-RANEBENNUR,water.piped_household_pct_2019,18.28,percent,2019,"Jal Jeevan Mission (DDWS, Ministry of Jal Shakti)",https://ejalshakti.gov.in/jjmreport/JJMBlockMapView.aspx
IN-KA-HAVERI-SAVANUR,demography.rural_households,27636,households,2026,"Jal Jeevan Mission (DDWS, Ministry of Jal Shakti)",https://ejalshakti.gov.in/jjmreport/JJMBlockMapView.aspx
IN-KA-HAVERI-SAVANUR,water.households_connected,27440,households,2026,"Jal Jeevan Mission (DDWS, Ministry of Jal Shakti)",https://ejalshakti.gov.in/jjmreport/JJMBlockMapView.aspx
IN-KA-HAVERI-SAVANUR,water.households_connected_2019,6048,households,2019,"Jal Jeevan Mission (DDWS, Ministry of Jal Shakti)",https://ejalshakti.gov.in/jjmreport/JJMBlockMapView.aspx
IN-KA-HAVERI-SAVANUR,water.piped_household_pct,99.29,percent,2026,"Jal Jeevan Mission (DDWS, Ministry of Jal Shakti)",https://ejalshakti.gov.in/jjmreport/JJMBlockMapView.aspx
IN-KA-HAVERI-SAVANUR,water.piped_household_pct_2019,21.88,percent,2019,"Jal Jeevan Mission (DDWS, Ministry of Jal Shakti)",https://ejalshakti.gov.in/jjmreport/JJMBlockMapView.aspx
IN-KA-HAVERI-SHIGGAON,demography.rural_households,32302,households,2026,"Jal Jeevan Mission (DDWS, Ministry of Jal Shakti)",https://ejalshakti.gov.in/jjmreport/JJMBlockMapView.aspx
IN-KA-HAVERI-SHIGGAON,water.households_connected,31851,households,2026,"Jal Jeevan Mission (DDWS, Ministry of Jal Shakti)",https://ejalshakti.gov.in/jjmreport/JJMBlockMapView.aspx
IN-KA-HAVERI-SHIGGAON,water.households_connected_2019,7050,households,2019,"Jal Jeevan Mission (DDWS, Ministry of Jal Shakti)",https://ejalshakti.gov.in/jjmreport/JJMBlockMapView.aspx
IN-KA-HAVERI-SHIGGAON,water.piped_household_pct,98.60,percent,2026,"Jal Jeevan Mission (DDWS, Ministry of Jal Shakti)",https://ejalshakti.gov.in/jjmreport/JJMBlockMapView.aspx
IN-KA-HAVERI-SHIGGAON,water.piped_household_pct_2019,21.83,percent,2019,"Jal Jeevan Mission (DDWS, Ministry of Jal Shakti)",https://ejalshakti.gov.in/jjmreport/JJMBlockMapView.aspx
IN-KA-HAVERI-HAVERI,demography.rural_households,48473,households,2026,"Jal Jeevan Mission (DDWS, Ministry of Jal Shakti)",https://ejalshakti.gov.in/jjmreport/JJMBlockMapView.aspx
IN-KA-HAVERI-HAVERI,water.households_connected,47593,households,2026,"Jal Jeevan Mission (DDWS, Ministry of Jal Shakti)",https://ejalshakti.gov.in/jjmreport/JJMBlockMapView.aspx
IN-KA-HAVERI-HAVERI,water.households_connected_2019,11471,households,2019,"Jal Jeevan Mission (DDWS, Ministry of Jal Shakti)",https://ejalshakti.gov.in/jjmreport/JJMBlockMapView.aspx
IN-KA-HAVERI-HAVERI,water.piped_household_pct,98.19,percent,2026,"Jal Jeevan Mission (DDWS, Ministry of Jal Shakti)",https://ejalshakti.gov.in/jjmreport/JJMBlockMapView.aspx
IN-KA-HAVERI-HAVERI,water.piped_household_pct_2019,23.67,percent,2019,"Jal Jeevan Mission (DDWS, Ministry of Jal Shakti)",https://ejalshakti.gov.in/jjmreport/JJMBlockMapView.aspx
IN-KA-HAVERI-BYADGI,demography.rural_households,27247,households,2026,"Jal Jeevan Mission (DDWS, Ministry of Jal Shakti)",https://ejalshakti.gov.in/jjmreport/JJMBlockMapView.aspx
IN-KA-HAVERI-BYADGI,water.households_connected,26636,households,2026,"Jal Jeevan Mission (DDWS, Ministry of Jal Shakti)",https://ejalshakti.gov.in/jjmreport/JJMBlockMapView.aspx
IN-KA-HAVERI-BYADGI,water.households_connected_2019,6619,households,2019,"Jal Jeevan Mission (DDWS, Ministry of Jal Shakti)",https://ejalshakti.gov.in/jjmreport/JJMBlockMapView.aspx
IN-KA-HAVERI-BYADGI,water.piped_household_pct,97.76,percent,2026,"Jal Jeevan Mission (DDWS, Ministry of Jal Shakti)",https://ejalshakti.gov.in/jjmreport/JJMBlockMapView.aspx
IN-KA-HAVERI-BYADGI,water.piped_household_pct_2019,24.29,percent,2019,"Jal Jeevan Mission (DDWS, Ministry of Jal Shakti)",https://ejalshakti.gov.in/jjmreport/JJMBlockMapView.aspx
IN-KA-HAVERI-HANAGAL,demography.rural_households,56038,households,2026,"Jal Jeevan Mission (DDWS, Ministry of Jal Shakti)",https://ejalshakti.gov.in/jjmreport/JJMBlockMapView.aspx
IN-KA-HAVERI-HANAGAL,water.households_connected,54749,households,2026,"Jal Jeevan Mission (DDWS, Ministry of Jal Shakti)",https://ejalshakti.gov.in/jjmreport/JJMBlockMapView.aspx
IN-KA-HAVERI-HANAGAL,water.households_connected_2019,15580,households,2019,"Jal Jeevan Mission (DDWS, Ministry of Jal Shakti)",https://ejalshakti.gov.in/jjmreport/JJMBlockMapView.aspx
IN-KA-HAVERI-HANAGAL,water.piped_household_pct,97.70,percent,2026,"Jal Jeevan Mission (DDWS, Ministry of Jal Shakti)",https://ejalshakti.gov.in/jjmreport/JJMBlockMapView.aspx
IN-KA-HAVERI-HANAGAL,water.piped_household_pct_2019,27.80,percent,2019,"Jal Jeevan Mission (DDWS, Ministry of Jal Shakti)",https://ejalshakti.gov.in/jjmreport/JJMBlockMapView.aspx
IN-KA-HAVERI-RATTIHALLI,demography.rural_households,21859,households,2026,"Jal Jeevan Mission (DDWS, Ministry of Jal Shakti)",https://ejalshakti.gov.in/jjmreport/JJMBlockMapView.aspx
IN-KA-HAVERI-RATTIHALLI,water.households_connected,20284,households,2026,"Jal Jeevan Mission (DDWS, Ministry of Jal Shakti)",https://ejalshakti.gov.in/jjmreport/JJMBlockMapView.aspx
IN-KA-HAVERI-RATTIHALLI,water.households_connected_2019,5585,households,2019,"Jal Jeevan Mission (DDWS, Ministry of Jal Shakti)",https://ejalshakti.gov.in/jjmreport/JJMBlockMapView.aspx
IN-KA-HAVERI-RATTIHALLI,water.piped_household_pct,92.80,percent,2026,"Jal Jeevan Mission (DDWS, Ministry of Jal Shakti)",https://ejalshakti.gov.in/jjmreport/JJMBlockMapView.aspx
IN-KA-HAVERI-RATTIHALLI,water.piped_household_pct_2019,25.55,percent,2019,"Jal Jeevan Mission (DDWS, Ministry of Jal Shakti)",https://ejalshakti.gov.in/jjmreport/JJMBlockMapView.aspx
IN-KA-HAVERI-HIREKERUR,demography.rural_households,24006,households,2026,"Jal Jeevan Mission (DDWS, Ministry of Jal Shakti)",https://ejalshakti.gov.in/jjmreport/JJMBlockMapView.aspx
IN-KA-HAVERI-HIREKERUR,water.households_connected,19568,households,2026,"Jal Jeevan Mission (DDWS, Ministry of Jal Shakti)",https://ejalshakti.gov.in/jjmreport/JJMBlockMapView.aspx
IN-KA-HAVERI-HIREKERUR,water.households_connected_2019,3590,households,2019,"Jal Jeevan Mission (DDWS, Ministry of Jal Shakti)",https://ejalshakti.gov.in/jjmreport/JJMBlockMapView.aspx
IN-KA-HAVERI-HIREKERUR,water.piped_household_pct,81.51,percent,2026,"Jal Jeevan Mission (DDWS, Ministry of Jal Shakti)",https://ejalshakti.gov.in/jjmreport/JJMBlockMapView.aspx
IN-KA-HAVERI-HIREKERUR,water.piped_household_pct_2019,14.96,percent,2019,"Jal Jeevan Mission (DDWS, Ministry of Jal Shakti)",https://ejalshakti.gov.in/jjmreport/JJMBlockMapView.aspx
IN-KA-BALLARI,demography.rural_households,204068,households,2026,"Jal Jeevan Mission (DDWS, Ministry of Jal Shakti)",https://ejalshakti.gov.in/jjmreport/JJMBlockMapView.aspx
IN-KA-BALLARI,water.households_connected,199556,households,2026,"Jal Jeevan Mission (DDWS, Ministry of Jal Shakti)",https://ejalshakti.gov.in/jjmreport/JJMBlockMapView.aspx
IN-KA-BALLARI,water.piped_household_pct,97.79,percent,2026,"Jal Jeevan Mission (DDWS, Ministry of Jal Shakti)",https://ejalshakti.gov.in/jjmreport/JJMBlockMapView.aspx
IN-KA-BALLARI-BALLARI,demography.rural_households,52689,households,2026,"Jal Jeevan Mission (DDWS, Ministry of Jal Shakti)",https://ejalshakti.gov.in/jjmreport/JJMBlockMapView.aspx
IN-KA-BALLARI-BALLARI,water.households_connected,52689,households,2026,"Jal Jeevan Mission (DDWS, Ministry of Jal Shakti)",https://ejalshakti.gov.in/jjmreport/JJMBlockMapView.aspx
IN-KA-BALLARI-BALLARI,water.households_connected_2019,19039,households,2019,"Jal Jeevan Mission (DDWS, Ministry of Jal Shakti)",https://ejalshakti.gov.in/jjmreport/JJMBlockMapView.aspx
IN-KA-BALLARI-BALLARI,water.piped_household_pct,100.00,percent,2026,"Jal Jeevan Mission (DDWS, Ministry of Jal Shakti)",https://ejalshakti.gov.in/jjmreport/JJMBlockMapView.aspx
IN-KA-BALLARI-BALLARI,water.piped_household_pct_2019,36.14,percent,2019,"Jal Jeevan Mission (DDWS, Ministry of Jal Shakti)",https://ejalshakti.gov.in/jjmreport/JJMBlockMapView.aspx
IN-KA-BALLARI-KURUGODU,demography.rural_households,22009,households,2026,"Jal Jeevan Mission (DDWS, Ministry of Jal Shakti)",https://ejalshakti.gov.in/jjmreport/JJMBlockMapView.aspx
IN-KA-BALLARI-KURUGODU,water.households_connected,21941,households,2026,"Jal Jeevan Mission (DDWS, Ministry of Jal Shakti)",https://ejalshakti.gov.in/jjmreport/JJMBlockMapView.aspx
IN-KA-BALLARI-KURUGODU,water.households_connected_2019,7141,households,2019,"Jal Jeevan Mission (DDWS, Ministry of Jal Shakti)",https://ejalshakti.gov.in/jjmreport/JJMBlockMapView.aspx
IN-KA-BALLARI-KURUGODU,water.piped_household_pct,99.69,percent,2026,"Jal Jeevan Mission (DDWS, Ministry of Jal Shakti)",https://ejalshakti.gov.in/jjmreport/JJMBlockMapView.aspx
IN-KA-BALLARI-KURUGODU,water.piped_household_pct_2019,32.45,percent,2019,"Jal Jeevan Mission (DDWS, Ministry of Jal Shakti)",https://ejalshakti.gov.in/jjmreport/JJMBlockMapView.aspx
IN-KA-BALLARI-KAMPLI,demography.rural_households,20373,households,2026,"Jal Jeevan Mission (DDWS, Ministry of Jal Shakti)",https://ejalshakti.gov.in/jjmreport/JJMBlockMapView.aspx
IN-KA-BALLARI-KAMPLI,water.households_connected,20099,households,2026,"Jal Jeevan Mission (DDWS, Ministry of Jal Shakti)",https://ejalshakti.gov.in/jjmreport/JJMBlockMapView.aspx
IN-KA-BALLARI-KAMPLI,water.households_connected_2019,3233,households,2019,"Jal Jeevan Mission (DDWS, Ministry of Jal Shakti)",https://ejalshakti.gov.in/jjmreport/JJMBlockMapView.aspx
IN-KA-BALLARI-KAMPLI,water.piped_household_pct,98.66,percent,2026,"Jal Jeevan Mission (DDWS, Ministry of Jal Shakti)",https://ejalshakti.gov.in/jjmreport/JJMBlockMapView.aspx
IN-KA-BALLARI-KAMPLI,water.piped_household_pct_2019,15.87,percent,2019,"Jal Jeevan Mission (DDWS, Ministry of Jal Shakti)",https://ejalshakti.gov.in/jjmreport/JJMBlockMapView.aspx
IN-KA-BALLARI-SIRUGUPPA,demography.rural_households,52905,households,2026,"Jal Jeevan Mission (DDWS, Ministry of Jal Shakti)",https://ejalshakti.gov.in/jjmreport/JJMBlockMapView.aspx
IN-KA-BALLARI-SIRUGUPPA,water.households_connected,50901,households,2026,"Jal Jeevan Mission (DDWS, Ministry of Jal Shakti)",https://ejalshakti.gov.in/jjmreport/JJMBlockMapView.aspx
IN-KA-BALLARI-SIRUGUPPA,water.households_connected_2019,20363,households,2019,"Jal Jeevan Mission (DDWS, Ministry of Jal Shakti)",https://ejalshakti.gov.in/jjmreport/JJMBlockMapView.aspx
IN-KA-BALLARI-SIRUGUPPA,water.piped_household_pct,96.21,percent,2026,"Jal Jeevan Mission (DDWS, Ministry of Jal Shakti)",https://ejalshakti.gov.in/jjmreport/JJMBlockMapView.aspx
IN-KA-BALLARI-SIRUGUPPA,water.piped_household_pct_2019,38.49,percent,2019,"Jal Jeevan Mission (DDWS, Ministry of Jal Shakti)",https://ejalshakti.gov.in/jjmreport/JJMBlockMapView.aspx
IN-KA-BALLARI-SANDUR,demography.rural_households,56092,households,2026,"Jal Jeevan Mission (DDWS, Ministry of Jal Shakti)",https://ejalshakti.gov.in/jjmreport/JJMBlockMapView.aspx
IN-KA-BALLARI-SANDUR,water.households_connected,53926,households,2026,"Jal Jeevan Mission (DDWS, Ministry of Jal Shakti)",https://ejalshakti.gov.in/jjmreport/JJMBlockMapView.aspx
IN-KA-BALLARI-SANDUR,water.households_connected_2019,2639,households,2019,"Jal Jeevan Mission (DDWS, Ministry of Jal Shakti)",https://ejalshakti.gov.in/jjmreport/JJMBlockMapView.aspx
IN-KA-BALLARI-SANDUR,water.piped_household_pct,96.14,percent,2026,"Jal Jeevan Mission (DDWS, Ministry of Jal Shakti)",https://ejalshakti.gov.in/jjmreport/JJMBlockMapView.aspx
IN-KA-BALLARI-SANDUR,water.piped_household_pct_2019,4.71,percent,2019,"Jal Jeevan Mission (DDWS, Ministry of Jal Shakti)",https://ejalshakti.gov.in/jjmreport/JJMBlockMapView.aspx
IN-KA-CHITRADURGA,demography.rural_households,381012,households,2026,"Jal Jeevan Mission (DDWS, Ministry of Jal Shakti)",https://ejalshakti.gov.in/jjmreport/JJMBlockMapView.aspx
IN-KA-CHITRADURGA,water.households_connected,337181,households,2026,"Jal Jeevan Mission (DDWS, Ministry of Jal Shakti)",https://ejalshakti.gov.in/jjmreport/JJMBlockMapView.aspx
IN-KA-CHITRADURGA,water.piped_household_pct,88.50,percent,2026,"Jal Jeevan Mission (DDWS, Ministry of Jal Shakti)",https://ejalshakti.gov.in/jjmreport/JJMBlockMapView.aspx
IN-KA-CHITRADURGA-HOSDURGA,demography.rural_households,60448,households,2026,"Jal Jeevan Mission (DDWS, Ministry of Jal Shakti)",https://ejalshakti.gov.in/jjmreport/JJMBlockMapView.aspx
IN-KA-CHITRADURGA-HOSDURGA,water.households_connected,60354,households,2026,"Jal Jeevan Mission (DDWS, Ministry of Jal Shakti)",https://ejalshakti.gov.in/jjmreport/JJMBlockMapView.aspx
IN-KA-CHITRADURGA-HOSDURGA,water.households_connected_2019,18120,households,2019,"Jal Jeevan Mission (DDWS, Ministry of Jal Shakti)",https://ejalshakti.gov.in/jjmreport/JJMBlockMapView.aspx
IN-KA-CHITRADURGA-HOSDURGA,water.piped_household_pct,99.84,percent,2026,"Jal Jeevan Mission (DDWS, Ministry of Jal Shakti)",https://ejalshakti.gov.in/jjmreport/JJMBlockMapView.aspx
IN-KA-CHITRADURGA-HOSDURGA,water.piped_household_pct_2019,29.98,percent,2019,"Jal Jeevan Mission (DDWS, Ministry of Jal Shakti)",https://ejalshakti.gov.in/jjmreport/JJMBlockMapView.aspx
IN-KA-CHITRADURGA-HOLALKERE,demography.rural_households,50444,households,2026,"Jal Jeevan Mission (DDWS, Ministry of Jal Shakti)",https://ejalshakti.gov.in/jjmreport/JJMBlockMapView.aspx
IN-KA-CHITRADURGA-HOLALKERE,water.households_connected,49088,households,2026,"Jal Jeevan Mission (DDWS, Ministry of Jal Shakti)",https://ejalshakti.gov.in/jjmreport/JJMBlockMapView.aspx
IN-KA-CHITRADURGA-HOLALKERE,water.households_connected_2019,24409,households,2019,"Jal Jeevan Mission (DDWS, Ministry of Jal Shakti)",https://ejalshakti.gov.in/jjmreport/JJMBlockMapView.aspx
IN-KA-CHITRADURGA-HOLALKERE,water.piped_household_pct,97.31,percent,2026,"Jal Jeevan Mission (DDWS, Ministry of Jal Shakti)",https://ejalshakti.gov.in/jjmreport/JJMBlockMapView.aspx
IN-KA-CHITRADURGA-HOLALKERE,water.piped_household_pct_2019,48.39,percent,2019,"Jal Jeevan Mission (DDWS, Ministry of Jal Shakti)",https://ejalshakti.gov.in/jjmreport/JJMBlockMapView.aspx
IN-KA-CHITRADURGA-CHITRADURGA,demography.rural_households,73705,households,2026,"Jal Jeevan Mission (DDWS, Ministry of Jal Shakti)",https://ejalshakti.gov.in/jjmreport/JJMBlockMapView.aspx
IN-KA-CHITRADURGA-CHITRADURGA,water.households_connected,68100,households,2026,"Jal Jeevan Mission (DDWS, Ministry of Jal Shakti)",https://ejalshakti.gov.in/jjmreport/JJMBlockMapView.aspx
IN-KA-CHITRADURGA-CHITRADURGA,water.households_connected_2019,13132,households,2019,"Jal Jeevan Mission (DDWS, Ministry of Jal Shakti)",https://ejalshakti.gov.in/jjmreport/JJMBlockMapView.aspx
IN-KA-CHITRADURGA-CHITRADURGA,water.piped_household_pct,92.40,percent,2026,"Jal Jeevan Mission (DDWS, Ministry of Jal Shakti)",https://ejalshakti.gov.in/jjmreport/JJMBlockMapView.aspx
IN-KA-CHITRADURGA-CHITRADURGA,water.piped_household_pct_2019,17.82,percent,2019,"Jal Jeevan Mission (DDWS, Ministry of Jal Shakti)",https://ejalshakti.gov.in/jjmreport/JJMBlockMapView.aspx
IN-KA-CHITRADURGA-MOLAKALMURU,demography.rural_households,34851,households,2026,"Jal Jeevan Mission (DDWS, Ministry of Jal Shakti)",https://ejalshakti.gov.in/jjmreport/JJMBlockMapView.aspx
IN-KA-CHITRADURGA-MOLAKALMURU,water.households_connected,31729,households,2026,"Jal Jeevan Mission (DDWS, Ministry of Jal Shakti)",https://ejalshakti.gov.in/jjmreport/JJMBlockMapView.aspx
IN-KA-CHITRADURGA-MOLAKALMURU,water.households_connected_2019,15476,households,2019,"Jal Jeevan Mission (DDWS, Ministry of Jal Shakti)",https://ejalshakti.gov.in/jjmreport/JJMBlockMapView.aspx
IN-KA-CHITRADURGA-MOLAKALMURU,water.piped_household_pct,91.04,percent,2026,"Jal Jeevan Mission (DDWS, Ministry of Jal Shakti)",https://ejalshakti.gov.in/jjmreport/JJMBlockMapView.aspx
IN-KA-CHITRADURGA-MOLAKALMURU,water.piped_household_pct_2019,44.41,percent,2019,"Jal Jeevan Mission (DDWS, Ministry of Jal Shakti)",https://ejalshakti.gov.in/jjmreport/JJMBlockMapView.aspx
IN-KA-CHITRADURGA-CHALLAKERE,demography.rural_households,82648,households,2026,"Jal Jeevan Mission (DDWS, Ministry of Jal Shakti)",https://ejalshakti.gov.in/jjmreport/JJMBlockMapView.aspx
IN-KA-CHITRADURGA-CHALLAKERE,water.households_connected,66478,households,2026,"Jal Jeevan Mission (DDWS, Ministry of Jal Shakti)",https://ejalshakti.gov.in/jjmreport/JJMBlockMapView.aspx
IN-KA-CHITRADURGA-CHALLAKERE,water.households_connected_2019,28679,households,2019,"Jal Jeevan Mission (DDWS, Ministry of Jal Shakti)",https://ejalshakti.gov.in/jjmreport/JJMBlockMapView.aspx
IN-KA-CHITRADURGA-CHALLAKERE,water.piped_household_pct,80.44,percent,2026,"Jal Jeevan Mission (DDWS, Ministry of Jal Shakti)",https://ejalshakti.gov.in/jjmreport/JJMBlockMapView.aspx
IN-KA-CHITRADURGA-CHALLAKERE,water.piped_household_pct_2019,34.70,percent,2019,"Jal Jeevan Mission (DDWS, Ministry of Jal Shakti)",https://ejalshakti.gov.in/jjmreport/JJMBlockMapView.aspx
IN-KA-CHITRADURGA-HIRIYUR,demography.rural_households,78916,households,2026,"Jal Jeevan Mission (DDWS, Ministry of Jal Shakti)",https://ejalshakti.gov.in/jjmreport/JJMBlockMapView.aspx
IN-KA-CHITRADURGA-HIRIYUR,water.households_connected,61432,households,2026,"Jal Jeevan Mission (DDWS, Ministry of Jal Shakti)",https://ejalshakti.gov.in/jjmreport/JJMBlockMapView.aspx
IN-KA-CHITRADURGA-HIRIYUR,water.households_connected_2019,28269,households,2019,"Jal Jeevan Mission (DDWS, Ministry of Jal Shakti)",https://ejalshakti.gov.in/jjmreport/JJMBlockMapView.aspx
IN-KA-CHITRADURGA-HIRIYUR,water.piped_household_pct,77.85,percent,2026,"Jal Jeevan Mission (DDWS, Ministry of Jal Shakti)",https://ejalshakti.gov.in/jjmreport/JJMBlockMapView.aspx
IN-KA-CHITRADURGA-HIRIYUR,water.piped_household_pct_2019,35.82,percent,2019,"Jal Jeevan Mission (DDWS, Ministry of Jal Shakti)",https://ejalshakti.gov.in/jjmreport/JJMBlockMapView.aspx
IN-KA-DAVANGERE,demography.rural_households,259531,households,2026,"Jal Jeevan Mission (DDWS, Ministry of Jal Shakti)",https://ejalshakti.gov.in/jjmreport/JJMBlockMapView.aspx
IN-KA-DAVANGERE,water.households_connected,235916,households,2026,"Jal Jeevan Mission (DDWS, Ministry of Jal Shakti)",https://ejalshakti.gov.in/jjmreport/JJMBlockMapView.aspx
IN-KA-DAVANGERE,water.piped_household_pct,90.90,percent,2026,"Jal Jeevan Mission (DDWS, Ministry of Jal Shakti)",https://ejalshakti.gov.in/jjmreport/JJMBlockMapView.aspx
IN-KA-DAVANGERE-HARIHARA,demography.rural_households,35748,households,2026,"Jal Jeevan Mission (DDWS, Ministry of Jal Shakti)",https://ejalshakti.gov.in/jjmreport/JJMBlockMapView.aspx
IN-KA-DAVANGERE-HARIHARA,water.households_connected,35135,households,2026,"Jal Jeevan Mission (DDWS, Ministry of Jal Shakti)",https://ejalshakti.gov.in/jjmreport/JJMBlockMapView.aspx
IN-KA-DAVANGERE-HARIHARA,water.households_connected_2019,15031,households,2019,"Jal Jeevan Mission (DDWS, Ministry of Jal Shakti)",https://ejalshakti.gov.in/jjmreport/JJMBlockMapView.aspx
IN-KA-DAVANGERE-HARIHARA,water.piped_household_pct,98.29,percent,2026,"Jal Jeevan Mission (DDWS, Ministry of Jal Shakti)",https://ejalshakti.gov.in/jjmreport/JJMBlockMapView.aspx
IN-KA-DAVANGERE-HARIHARA,water.piped_household_pct_2019,42.05,percent,2019,"Jal Jeevan Mission (DDWS, Ministry of Jal Shakti)",https://ejalshakti.gov.in/jjmreport/JJMBlockMapView.aspx
IN-KA-DAVANGERE-CHANNAGIRI,demography.rural_households,71358,households,2026,"Jal Jeevan Mission (DDWS, Ministry of Jal Shakti)",https://ejalshakti.gov.in/jjmreport/JJMBlockMapView.aspx
IN-KA-DAVANGERE-CHANNAGIRI,water.households_connected,68118,households,2026,"Jal Jeevan Mission (DDWS, Ministry of Jal Shakti)",https://ejalshakti.gov.in/jjmreport/JJMBlockMapView.aspx
IN-KA-DAVANGERE-CHANNAGIRI,water.households_connected_2019,31171,households,2019,"Jal Jeevan Mission (DDWS, Ministry of Jal Shakti)",https://ejalshakti.gov.in/jjmreport/JJMBlockMapView.aspx
IN-KA-DAVANGERE-CHANNAGIRI,water.piped_household_pct,95.46,percent,2026,"Jal Jeevan Mission (DDWS, Ministry of Jal Shakti)",https://ejalshakti.gov.in/jjmreport/JJMBlockMapView.aspx
IN-KA-DAVANGERE-CHANNAGIRI,water.piped_household_pct_2019,43.68,percent,2019,"Jal Jeevan Mission (DDWS, Ministry of Jal Shakti)",https://ejalshakti.gov.in/jjmreport/JJMBlockMapView.aspx
IN-KA-DAVANGERE-HONNALI,demography.rural_households,32738,households,2026,"Jal Jeevan Mission (DDWS, Ministry of Jal Shakti)",https://ejalshakti.gov.in/jjmreport/JJMBlockMapView.aspx
IN-KA-DAVANGERE-HONNALI,water.households_connected,31220,households,2026,"Jal Jeevan Mission (DDWS, Ministry of Jal Shakti)",https://ejalshakti.gov.in/jjmreport/JJMBlockMapView.aspx
IN-KA-DAVANGERE-HONNALI,water.households_connected_2019,14773,households,2019,"Jal Jeevan Mission (DDWS, Ministry of Jal Shakti)",https://ejalshakti.gov.in/jjmreport/JJMBlockMapView.aspx
IN-KA-DAVANGERE-HONNALI,water.piped_household_pct,95.36,percent,2026,"Jal Jeevan Mission (DDWS, Ministry of Jal Shakti)",https://ejalshakti.gov.in/jjmreport/JJMBlockMapView.aspx
IN-KA-DAVANGERE-HONNALI,water.piped_household_pct_2019,45.13,percent,2019,"Jal Jeevan Mission (DDWS, Ministry of Jal Shakti)",https://ejalshakti.gov.in/jjmreport/JJMBlockMapView.aspx
IN-KA-DAVANGERE-NYAMATHI,demography.rural_households,19456,households,2026,"Jal Jeevan Mission (DDWS, Ministry of Jal Shakti)",https://ejalshakti.gov.in/jjmreport/JJMBlockMapView.aspx
IN-KA-DAVANGERE-NYAMATHI,water.households_connected,18233,households,2026,"Jal Jeevan Mission (DDWS, Ministry of Jal Shakti)",https://ejalshakti.gov.in/jjmreport/JJMBlockMapView.aspx
IN-KA-DAVANGERE-NYAMATHI,water.households_connected_2019,8994,households,2019,"Jal Jeevan Mission (DDWS, Ministry of Jal Shakti)",https://ejalshakti.gov.in/jjmreport/JJMBlockMapView.aspx
IN-KA-DAVANGERE-NYAMATHI,water.piped_household_pct,93.71,percent,2026,"Jal Jeevan Mission (DDWS, Ministry of Jal Shakti)",https://ejalshakti.gov.in/jjmreport/JJMBlockMapView.aspx
IN-KA-DAVANGERE-NYAMATHI,water.piped_household_pct_2019,46.23,percent,2019,"Jal Jeevan Mission (DDWS, Ministry of Jal Shakti)",https://ejalshakti.gov.in/jjmreport/JJMBlockMapView.aspx
IN-KA-DAVANGERE-DAVANAGERE,demography.rural_households,61791,households,2026,"Jal Jeevan Mission (DDWS, Ministry of Jal Shakti)",https://ejalshakti.gov.in/jjmreport/JJMBlockMapView.aspx
IN-KA-DAVANGERE-DAVANAGERE,water.households_connected,55145,households,2026,"Jal Jeevan Mission (DDWS, Ministry of Jal Shakti)",https://ejalshakti.gov.in/jjmreport/JJMBlockMapView.aspx
IN-KA-DAVANGERE-DAVANAGERE,water.households_connected_2019,18066,households,2019,"Jal Jeevan Mission (DDWS, Ministry of Jal Shakti)",https://ejalshakti.gov.in/jjmreport/JJMBlockMapView.aspx
IN-KA-DAVANGERE-DAVANAGERE,water.piped_household_pct,89.24,percent,2026,"Jal Jeevan Mission (DDWS, Ministry of Jal Shakti)",https://ejalshakti.gov.in/jjmreport/JJMBlockMapView.aspx
IN-KA-DAVANGERE-DAVANAGERE,water.piped_household_pct_2019,29.24,percent,2019,"Jal Jeevan Mission (DDWS, Ministry of Jal Shakti)",https://ejalshakti.gov.in/jjmreport/JJMBlockMapView.aspx
IN-KA-DAVANGERE-JAGALUR,demography.rural_households,38440,households,2026,"Jal Jeevan Mission (DDWS, Ministry of Jal Shakti)",https://ejalshakti.gov.in/jjmreport/JJMBlockMapView.aspx
IN-KA-DAVANGERE-JAGALUR,water.households_connected,28065,households,2026,"Jal Jeevan Mission (DDWS, Ministry of Jal Shakti)",https://ejalshakti.gov.in/jjmreport/JJMBlockMapView.aspx
IN-KA-DAVANGERE-JAGALUR,water.households_connected_2019,5271,households,2019,"Jal Jeevan Mission (DDWS, Ministry of Jal Shakti)",https://ejalshakti.gov.in/jjmreport/JJMBlockMapView.aspx
IN-KA-DAVANGERE-JAGALUR,water.piped_household_pct,73.01,percent,2026,"Jal Jeevan Mission (DDWS, Ministry of Jal Shakti)",https://ejalshakti.gov.in/jjmreport/JJMBlockMapView.aspx
IN-KA-DAVANGERE-JAGALUR,water.piped_household_pct_2019,13.71,percent,2019,"Jal Jeevan Mission (DDWS, Ministry of Jal Shakti)",https://ejalshakti.gov.in/jjmreport/JJMBlockMapView.aspx
IN-KA-SHIVAMOGGA,demography.rural_households,309705,households,2026,"Jal Jeevan Mission (DDWS, Ministry of Jal Shakti)",https://ejalshakti.gov.in/jjmreport/JJMBlockMapView.aspx
IN-KA-SHIVAMOGGA,water.households_connected,274853,households,2026,"Jal Jeevan Mission (DDWS, Ministry of Jal Shakti)",https://ejalshakti.gov.in/jjmreport/JJMBlockMapView.aspx
IN-KA-SHIVAMOGGA,water.piped_household_pct,88.75,percent,2026,"Jal Jeevan Mission (DDWS, Ministry of Jal Shakti)",https://ejalshakti.gov.in/jjmreport/JJMBlockMapView.aspx
IN-KA-SHIVAMOGGA-SHIKARPUR,demography.rural_households,46724,households,2026,"Jal Jeevan Mission (DDWS, Ministry of Jal Shakti)",https://ejalshakti.gov.in/jjmreport/JJMBlockMapView.aspx
IN-KA-SHIVAMOGGA-SHIKARPUR,water.households_connected,46403,households,2026,"Jal Jeevan Mission (DDWS, Ministry of Jal Shakti)",https://ejalshakti.gov.in/jjmreport/JJMBlockMapView.aspx
IN-KA-SHIVAMOGGA-SHIKARPUR,water.households_connected_2019,17893,households,2019,"Jal Jeevan Mission (DDWS, Ministry of Jal Shakti)",https://ejalshakti.gov.in/jjmreport/JJMBlockMapView.aspx
IN-KA-SHIVAMOGGA-SHIKARPUR,water.piped_household_pct,99.31,percent,2026,"Jal Jeevan Mission (DDWS, Ministry of Jal Shakti)",https://ejalshakti.gov.in/jjmreport/JJMBlockMapView.aspx
IN-KA-SHIVAMOGGA-SHIKARPUR,water.piped_household_pct_2019,38.30,percent,2019,"Jal Jeevan Mission (DDWS, Ministry of Jal Shakti)",https://ejalshakti.gov.in/jjmreport/JJMBlockMapView.aspx
IN-KA-SHIVAMOGGA-BHADRAVATI,demography.rural_households,58747,households,2026,"Jal Jeevan Mission (DDWS, Ministry of Jal Shakti)",https://ejalshakti.gov.in/jjmreport/JJMBlockMapView.aspx
IN-KA-SHIVAMOGGA-BHADRAVATI,water.households_connected,53903,households,2026,"Jal Jeevan Mission (DDWS, Ministry of Jal Shakti)",https://ejalshakti.gov.in/jjmreport/JJMBlockMapView.aspx
IN-KA-SHIVAMOGGA-BHADRAVATI,water.households_connected_2019,29001,households,2019,"Jal Jeevan Mission (DDWS, Ministry of Jal Shakti)",https://ejalshakti.gov.in/jjmreport/JJMBlockMapView.aspx
IN-KA-SHIVAMOGGA-BHADRAVATI,water.piped_household_pct,91.75,percent,2026,"Jal Jeevan Mission (DDWS, Ministry of Jal Shakti)",https://ejalshakti.gov.in/jjmreport/JJMBlockMapView.aspx
IN-KA-SHIVAMOGGA-BHADRAVATI,water.piped_household_pct_2019,49.37,percent,2019,"Jal Jeevan Mission (DDWS, Ministry of Jal Shakti)",https://ejalshakti.gov.in/jjmreport/JJMBlockMapView.aspx
IN-KA-SHIVAMOGGA-SAGAR,demography.rural_households,38469,households,2026,"Jal Jeevan Mission (DDWS, Ministry of Jal Shakti)",https://ejalshakti.gov.in/jjmreport/JJMBlockMapView.aspx
IN-KA-SHIVAMOGGA-SAGAR,water.households_connected,35101,households,2026,"Jal Jeevan Mission (DDWS, Ministry of Jal Shakti)",https://ejalshakti.gov.in/jjmreport/JJMBlockMapView.aspx
IN-KA-SHIVAMOGGA-SAGAR,water.households_connected_2019,14855,households,2019,"Jal Jeevan Mission (DDWS, Ministry of Jal Shakti)",https://ejalshakti.gov.in/jjmreport/JJMBlockMapView.aspx
IN-KA-SHIVAMOGGA-SAGAR,water.piped_household_pct,91.25,percent,2026,"Jal Jeevan Mission (DDWS, Ministry of Jal Shakti)",https://ejalshakti.gov.in/jjmreport/JJMBlockMapView.aspx
IN-KA-SHIVAMOGGA-SAGAR,water.piped_household_pct_2019,38.62,percent,2019,"Jal Jeevan Mission (DDWS, Ministry of Jal Shakti)",https://ejalshakti.gov.in/jjmreport/JJMBlockMapView.aspx
IN-KA-SHIVAMOGGA-SHIVAMOGGA,demography.rural_households,49564,households,2026,"Jal Jeevan Mission (DDWS, Ministry of Jal Shakti)",https://ejalshakti.gov.in/jjmreport/JJMBlockMapView.aspx
IN-KA-SHIVAMOGGA-SHIVAMOGGA,water.households_connected,44149,households,2026,"Jal Jeevan Mission (DDWS, Ministry of Jal Shakti)",https://ejalshakti.gov.in/jjmreport/JJMBlockMapView.aspx
IN-KA-SHIVAMOGGA-SHIVAMOGGA,water.households_connected_2019,10669,households,2019,"Jal Jeevan Mission (DDWS, Ministry of Jal Shakti)",https://ejalshakti.gov.in/jjmreport/JJMBlockMapView.aspx
IN-KA-SHIVAMOGGA-SHIVAMOGGA,water.piped_household_pct,89.08,percent,2026,"Jal Jeevan Mission (DDWS, Ministry of Jal Shakti)",https://ejalshakti.gov.in/jjmreport/JJMBlockMapView.aspx
IN-KA-SHIVAMOGGA-SHIVAMOGGA,water.piped_household_pct_2019,21.53,percent,2019,"Jal Jeevan Mission (DDWS, Ministry of Jal Shakti)",https://ejalshakti.gov.in/jjmreport/JJMBlockMapView.aspx
IN-KA-SHIVAMOGGA-SORAB,demography.rural_households,46700,households,2026,"Jal Jeevan Mission (DDWS, Ministry of Jal Shakti)",https://ejalshakti.gov.in/jjmreport/JJMBlockMapView.aspx
IN-KA-SHIVAMOGGA-SORAB,water.households_connected,41583,households,2026,"Jal Jeevan Mission (DDWS, Ministry of Jal Shakti)",https://ejalshakti.gov.in/jjmreport/JJMBlockMapView.aspx
IN-KA-SHIVAMOGGA-SORAB,water.households_connected_2019,9992,households,2019,"Jal Jeevan Mission (DDWS, Ministry of Jal Shakti)",https://ejalshakti.gov.in/jjmreport/JJMBlockMapView.aspx
IN-KA-SHIVAMOGGA-SORAB,water.piped_household_pct,89.04,percent,2026,"Jal Jeevan Mission (DDWS, Ministry of Jal Shakti)",https://ejalshakti.gov.in/jjmreport/JJMBlockMapView.aspx
IN-KA-SHIVAMOGGA-SORAB,water.piped_household_pct_2019,21.40,percent,2019,"Jal Jeevan Mission (DDWS, Ministry of Jal Shakti)",https://ejalshakti.gov.in/jjmreport/JJMBlockMapView.aspx
IN-KA-SHIVAMOGGA-TIRTHAHALLI,demography.rural_households,36994,households,2026,"Jal Jeevan Mission (DDWS, Ministry of Jal Shakti)",https://ejalshakti.gov.in/jjmreport/JJMBlockMapView.aspx
IN-KA-SHIVAMOGGA-TIRTHAHALLI,water.households_connected,31521,households,2026,"Jal Jeevan Mission (DDWS, Ministry of Jal Shakti)",https://ejalshakti.gov.in/jjmreport/JJMBlockMapView.aspx
IN-KA-SHIVAMOGGA-TIRTHAHALLI,water.households_connected_2019,9258,households,2019,"Jal Jeevan Mission (DDWS, Ministry of Jal Shakti)",https://ejalshakti.gov.in/jjmreport/JJMBlockMapView.aspx
IN-KA-SHIVAMOGGA-TIRTHAHALLI,water.piped_household_pct,85.21,percent,2026,"Jal Jeevan Mission (DDWS, Ministry of Jal Shakti)",https://ejalshakti.gov.in/jjmreport/JJMBlockMapView.aspx
IN-KA-SHIVAMOGGA-TIRTHAHALLI,water.piped_household_pct_2019,25.03,percent,2019,"Jal Jeevan Mission (DDWS, Ministry of Jal Shakti)",https://ejalshakti.gov.in/jjmreport/JJMBlockMapView.aspx
IN-KA-SHIVAMOGGA-HOSANAGARA,demography.rural_households,32507,households,2026,"Jal Jeevan Mission (DDWS, Ministry of Jal Shakti)",https://ejalshakti.gov.in/jjmreport/JJMBlockMapView.aspx
IN-KA-SHIVAMOGGA-HOSANAGARA,water.households_connected,22193,households,2026,"Jal Jeevan Mission (DDWS, Ministry of Jal Shakti)",https://ejalshakti.gov.in/jjmreport/JJMBlockMapView.aspx
IN-KA-SHIVAMOGGA-HOSANAGARA,water.households_connected_2019,2671,households,2019,"Jal Jeevan Mission (DDWS, Ministry of Jal Shakti)",https://ejalshakti.gov.in/jjmreport/JJMBlockMapView.aspx
IN-KA-SHIVAMOGGA-HOSANAGARA,water.piped_household_pct,68.27,percent,2026,"Jal Jeevan Mission (DDWS, Ministry of Jal Shakti)",https://ejalshakti.gov.in/jjmreport/JJMBlockMapView.aspx
IN-KA-SHIVAMOGGA-HOSANAGARA,water.piped_household_pct_2019,8.22,percent,2019,"Jal Jeevan Mission (DDWS, Ministry of Jal Shakti)",https://ejalshakti.gov.in/jjmreport/JJMBlockMapView.aspx
IN-KA-UDUPI,demography.rural_households,247190,households,2026,"Jal Jeevan Mission (DDWS, Ministry of Jal Shakti)",https://ejalshakti.gov.in/jjmreport/JJMBlockMapView.aspx
IN-KA-UDUPI,water.households_connected,218116,households,2026,"Jal Jeevan Mission (DDWS, Ministry of Jal Shakti)",https://ejalshakti.gov.in/jjmreport/JJMBlockMapView.aspx
IN-KA-UDUPI,water.piped_household_pct,88.24,percent,2026,"Jal Jeevan Mission (DDWS, Ministry of Jal Shakti)",https://ejalshakti.gov.in/jjmreport/JJMBlockMapView.aspx
IN-KA-UDUPI-KARKAL,demography.rural_households,43407,households,2026,"Jal Jeevan Mission (DDWS, Ministry of Jal Shakti)",https://ejalshakti.gov.in/jjmreport/JJMBlockMapView.aspx
IN-KA-UDUPI-KARKAL,water.households_connected,42804,households,2026,"Jal Jeevan Mission (DDWS, Ministry of Jal Shakti)",https://ejalshakti.gov.in/jjmreport/JJMBlockMapView.aspx
IN-KA-UDUPI-KARKAL,water.households_connected_2019,14303,households,2019,"Jal Jeevan Mission (DDWS, Ministry of Jal Shakti)",https://ejalshakti.gov.in/jjmreport/JJMBlockMapView.aspx
IN-KA-UDUPI-KARKAL,water.piped_household_pct,98.61,percent,2026,"Jal Jeevan Mission (DDWS, Ministry of Jal Shakti)",https://ejalshakti.gov.in/jjmreport/JJMBlockMapView.aspx
IN-KA-UDUPI-KARKAL,water.piped_household_pct_2019,32.95,percent,2019,"Jal Jeevan Mission (DDWS, Ministry of Jal Shakti)",https://ejalshakti.gov.in/jjmreport/JJMBlockMapView.aspx
IN-KA-UDUPI-HEBRI,demography.rural_households,12949,households,2026,"Jal Jeevan Mission (DDWS, Ministry of Jal Shakti)",https://ejalshakti.gov.in/jjmreport/JJMBlockMapView.aspx
IN-KA-UDUPI-HEBRI,water.households_connected,12710,households,2026,"Jal Jeevan Mission (DDWS, Ministry of Jal Shakti)",https://ejalshakti.gov.in/jjmreport/JJMBlockMapView.aspx
IN-KA-UDUPI-HEBRI,water.households_connected_2019,3080,households,2019,"Jal Jeevan Mission (DDWS, Ministry of Jal Shakti)",https://ejalshakti.gov.in/jjmreport/JJMBlockMapView.aspx
IN-KA-UDUPI-HEBRI,water.piped_household_pct,98.15,percent,2026,"Jal Jeevan Mission (DDWS, Ministry of Jal Shakti)",https://ejalshakti.gov.in/jjmreport/JJMBlockMapView.aspx
IN-KA-UDUPI-HEBRI,water.piped_household_pct_2019,23.79,percent,2019,"Jal Jeevan Mission (DDWS, Ministry of Jal Shakti)",https://ejalshakti.gov.in/jjmreport/JJMBlockMapView.aspx
IN-KA-UDUPI-UDUPI,demography.rural_households,32566,households,2026,"Jal Jeevan Mission (DDWS, Ministry of Jal Shakti)",https://ejalshakti.gov.in/jjmreport/JJMBlockMapView.aspx
IN-KA-UDUPI-UDUPI,water.households_connected,30297,households,2026,"Jal Jeevan Mission (DDWS, Ministry of Jal Shakti)",https://ejalshakti.gov.in/jjmreport/JJMBlockMapView.aspx
IN-KA-UDUPI-UDUPI,water.households_connected_2019,8482,households,2019,"Jal Jeevan Mission (DDWS, Ministry of Jal Shakti)",https://ejalshakti.gov.in/jjmreport/JJMBlockMapView.aspx
IN-KA-UDUPI-UDUPI,water.piped_household_pct,93.03,percent,2026,"Jal Jeevan Mission (DDWS, Ministry of Jal Shakti)",https://ejalshakti.gov.in/jjmreport/JJMBlockMapView.aspx
IN-KA-UDUPI-UDUPI,water.piped_household_pct_2019,26.05,percent,2019,"Jal Jeevan Mission (DDWS, Ministry of Jal Shakti)",https://ejalshakti.gov.in/jjmreport/JJMBlockMapView.aspx
IN-KA-UDUPI-BRAHMAVARA,demography.rural_households,42754,households,2026,"Jal Jeevan Mission (DDWS, Ministry of Jal Shakti)",https://ejalshakti.gov.in/jjmreport/JJMBlockMapView.aspx
IN-KA-UDUPI-BRAHMAVARA,water.households_connected,38102,households,2026,"Jal Jeevan Mission (DDWS, Ministry of Jal Shakti)",https://ejalshakti.gov.in/jjmreport/JJMBlockMapView.aspx
IN-KA-UDUPI-BRAHMAVARA,water.households_connected_2019,8799,households,2019,"Jal Jeevan Mission (DDWS, Ministry of Jal Shakti)",https://ejalshakti.gov.in/jjmreport/JJMBlockMapView.aspx
IN-KA-UDUPI-BRAHMAVARA,water.piped_household_pct,89.12,percent,2026,"Jal Jeevan Mission (DDWS, Ministry of Jal Shakti)",https://ejalshakti.gov.in/jjmreport/JJMBlockMapView.aspx
IN-KA-UDUPI-BRAHMAVARA,water.piped_household_pct_2019,20.58,percent,2019,"Jal Jeevan Mission (DDWS, Ministry of Jal Shakti)",https://ejalshakti.gov.in/jjmreport/JJMBlockMapView.aspx
IN-KA-UDUPI-KUNDAPURA,demography.rural_households,58478,households,2026,"Jal Jeevan Mission (DDWS, Ministry of Jal Shakti)",https://ejalshakti.gov.in/jjmreport/JJMBlockMapView.aspx
IN-KA-UDUPI-KUNDAPURA,water.households_connected,49212,households,2026,"Jal Jeevan Mission (DDWS, Ministry of Jal Shakti)",https://ejalshakti.gov.in/jjmreport/JJMBlockMapView.aspx
IN-KA-UDUPI-KUNDAPURA,water.households_connected_2019,13961,households,2019,"Jal Jeevan Mission (DDWS, Ministry of Jal Shakti)",https://ejalshakti.gov.in/jjmreport/JJMBlockMapView.aspx
IN-KA-UDUPI-KUNDAPURA,water.piped_household_pct,84.16,percent,2026,"Jal Jeevan Mission (DDWS, Ministry of Jal Shakti)",https://ejalshakti.gov.in/jjmreport/JJMBlockMapView.aspx
IN-KA-UDUPI-KUNDAPURA,water.piped_household_pct_2019,23.87,percent,2019,"Jal Jeevan Mission (DDWS, Ministry of Jal Shakti)",https://ejalshakti.gov.in/jjmreport/JJMBlockMapView.aspx
IN-KA-UDUPI-KAPU,demography.rural_households,32656,households,2026,"Jal Jeevan Mission (DDWS, Ministry of Jal Shakti)",https://ejalshakti.gov.in/jjmreport/JJMBlockMapView.aspx
IN-KA-UDUPI-KAPU,water.households_connected,26259,households,2026,"Jal Jeevan Mission (DDWS, Ministry of Jal Shakti)",https://ejalshakti.gov.in/jjmreport/JJMBlockMapView.aspx
IN-KA-UDUPI-KAPU,water.households_connected_2019,10223,households,2019,"Jal Jeevan Mission (DDWS, Ministry of Jal Shakti)",https://ejalshakti.gov.in/jjmreport/JJMBlockMapView.aspx
IN-KA-UDUPI-KAPU,water.piped_household_pct,80.41,percent,2026,"Jal Jeevan Mission (DDWS, Ministry of Jal Shakti)",https://ejalshakti.gov.in/jjmreport/JJMBlockMapView.aspx
IN-KA-UDUPI-KAPU,water.piped_household_pct_2019,31.31,percent,2019,"Jal Jeevan Mission (DDWS, Ministry of Jal Shakti)",https://ejalshakti.gov.in/jjmreport/JJMBlockMapView.aspx
IN-KA-UDUPI-BAINDURU,demography.rural_households,24380,households,2026,"Jal Jeevan Mission (DDWS, Ministry of Jal Shakti)",https://ejalshakti.gov.in/jjmreport/JJMBlockMapView.aspx
IN-KA-UDUPI-BAINDURU,water.households_connected,18732,households,2026,"Jal Jeevan Mission (DDWS, Ministry of Jal Shakti)",https://ejalshakti.gov.in/jjmreport/JJMBlockMapView.aspx
IN-KA-UDUPI-BAINDURU,water.households_connected_2019,5076,households,2019,"Jal Jeevan Mission (DDWS, Ministry of Jal Shakti)",https://ejalshakti.gov.in/jjmreport/JJMBlockMapView.aspx
IN-KA-UDUPI-BAINDURU,water.piped_household_pct,76.83,percent,2026,"Jal Jeevan Mission (DDWS, Ministry of Jal Shakti)",https://ejalshakti.gov.in/jjmreport/JJMBlockMapView.aspx
IN-KA-UDUPI-BAINDURU,water.piped_household_pct_2019,20.82,percent,2019,"Jal Jeevan Mission (DDWS, Ministry of Jal Shakti)",https://ejalshakti.gov.in/jjmreport/JJMBlockMapView.aspx
IN-KA-CHIKKAMAGALURU,demography.rural_households,240307,households,2026,"Jal Jeevan Mission (DDWS, Ministry of Jal Shakti)",https://ejalshakti.gov.in/jjmreport/JJMBlockMapView.aspx
IN-KA-CHIKKAMAGALURU,water.households_connected,201278,households,2026,"Jal Jeevan Mission (DDWS, Ministry of Jal Shakti)",https://ejalshakti.gov.in/jjmreport/JJMBlockMapView.aspx
IN-KA-CHIKKAMAGALURU,water.piped_household_pct,83.76,percent,2026,"Jal Jeevan Mission (DDWS, Ministry of Jal Shakti)",https://ejalshakti.gov.in/jjmreport/JJMBlockMapView.aspx
IN-KA-CHIKKAMAGALURU-SRINGERI,demography.rural_households,9103,households,2026,"Jal Jeevan Mission (DDWS, Ministry of Jal Shakti)",https://ejalshakti.gov.in/jjmreport/JJMBlockMapView.aspx
IN-KA-CHIKKAMAGALURU-SRINGERI,water.households_connected,8367,households,2026,"Jal Jeevan Mission (DDWS, Ministry of Jal Shakti)",https://ejalshakti.gov.in/jjmreport/JJMBlockMapView.aspx
IN-KA-CHIKKAMAGALURU-SRINGERI,water.households_connected_2019,786,households,2019,"Jal Jeevan Mission (DDWS, Ministry of Jal Shakti)",https://ejalshakti.gov.in/jjmreport/JJMBlockMapView.aspx
IN-KA-CHIKKAMAGALURU-SRINGERI,water.piped_household_pct,91.92,percent,2026,"Jal Jeevan Mission (DDWS, Ministry of Jal Shakti)",https://ejalshakti.gov.in/jjmreport/JJMBlockMapView.aspx
IN-KA-CHIKKAMAGALURU-SRINGERI,water.piped_household_pct_2019,8.64,percent,2019,"Jal Jeevan Mission (DDWS, Ministry of Jal Shakti)",https://ejalshakti.gov.in/jjmreport/JJMBlockMapView.aspx
IN-KA-CHIKKAMAGALURU-AJJAMPURA,demography.rural_households,23646,households,2026,"Jal Jeevan Mission (DDWS, Ministry of Jal Shakti)",https://ejalshakti.gov.in/jjmreport/JJMBlockMapView.aspx
IN-KA-CHIKKAMAGALURU-AJJAMPURA,water.households_connected,21085,households,2026,"Jal Jeevan Mission (DDWS, Ministry of Jal Shakti)",https://ejalshakti.gov.in/jjmreport/JJMBlockMapView.aspx
IN-KA-CHIKKAMAGALURU-AJJAMPURA,water.households_connected_2019,9252,households,2019,"Jal Jeevan Mission (DDWS, Ministry of Jal Shakti)",https://ejalshakti.gov.in/jjmreport/JJMBlockMapView.aspx
IN-KA-CHIKKAMAGALURU-AJJAMPURA,water.piped_household_pct,89.17,percent,2026,"Jal Jeevan Mission (DDWS, Ministry of Jal Shakti)",https://ejalshakti.gov.in/jjmreport/JJMBlockMapView.aspx
IN-KA-CHIKKAMAGALURU-AJJAMPURA,water.piped_household_pct_2019,39.13,percent,2019,"Jal Jeevan Mission (DDWS, Ministry of Jal Shakti)",https://ejalshakti.gov.in/jjmreport/JJMBlockMapView.aspx
IN-KA-CHIKKAMAGALURU-NARASIMHARAJAPURA,demography.rural_households,15409,households,2026,"Jal Jeevan Mission (DDWS, Ministry of Jal Shakti)",https://ejalshakti.gov.in/jjmreport/JJMBlockMapView.aspx
IN-KA-CHIKKAMAGALURU-NARASIMHARAJAPURA,water.households_connected,13710,households,2026,"Jal Jeevan Mission (DDWS, Ministry of Jal Shakti)",https://ejalshakti.gov.in/jjmreport/JJMBlockMapView.aspx
IN-KA-CHIKKAMAGALURU-NARASIMHARAJAPURA,water.households_connected_2019,6214,households,2019,"Jal Jeevan Mission (DDWS, Ministry of Jal Shakti)",https://ejalshakti.gov.in/jjmreport/JJMBlockMapView.aspx
IN-KA-CHIKKAMAGALURU-NARASIMHARAJAPURA,water.piped_household_pct,88.97,percent,2026,"Jal Jeevan Mission (DDWS, Ministry of Jal Shakti)",https://ejalshakti.gov.in/jjmreport/JJMBlockMapView.aspx
IN-KA-CHIKKAMAGALURU-NARASIMHARAJAPURA,water.piped_household_pct_2019,40.33,percent,2019,"Jal Jeevan Mission (DDWS, Ministry of Jal Shakti)",https://ejalshakti.gov.in/jjmreport/JJMBlockMapView.aspx
IN-KA-CHIKKAMAGALURU-KADUR,demography.rural_households,55731,households,2026,"Jal Jeevan Mission (DDWS, Ministry of Jal Shakti)",https://ejalshakti.gov.in/jjmreport/JJMBlockMapView.aspx
IN-KA-CHIKKAMAGALURU-KADUR,water.households_connected,47854,households,2026,"Jal Jeevan Mission (DDWS, Ministry of Jal Shakti)",https://ejalshakti.gov.in/jjmreport/JJMBlockMapView.aspx
IN-KA-CHIKKAMAGALURU-KADUR,water.households_connected_2019,14287,households,2019,"Jal Jeevan Mission (DDWS, Ministry of Jal Shakti)",https://ejalshakti.gov.in/jjmreport/JJMBlockMapView.aspx
IN-KA-CHIKKAMAGALURU-KADUR,water.piped_household_pct,85.87,percent,2026,"Jal Jeevan Mission (DDWS, Ministry of Jal Shakti)",https://ejalshakti.gov.in/jjmreport/JJMBlockMapView.aspx
IN-KA-CHIKKAMAGALURU-KADUR,water.piped_household_pct_2019,25.64,percent,2019,"Jal Jeevan Mission (DDWS, Ministry of Jal Shakti)",https://ejalshakti.gov.in/jjmreport/JJMBlockMapView.aspx
IN-KA-CHIKKAMAGALURU-TARIKERE,demography.rural_households,31841,households,2026,"Jal Jeevan Mission (DDWS, Ministry of Jal Shakti)",https://ejalshakti.gov.in/jjmreport/JJMBlockMapView.aspx
IN-KA-CHIKKAMAGALURU-TARIKERE,water.households_connected,26576,households,2026,"Jal Jeevan Mission (DDWS, Ministry of Jal Shakti)",https://ejalshakti.gov.in/jjmreport/JJMBlockMapView.aspx
IN-KA-CHIKKAMAGALURU-TARIKERE,water.households_connected_2019,10140,households,2019,"Jal Jeevan Mission (DDWS, Ministry of Jal Shakti)",https://ejalshakti.gov.in/jjmreport/JJMBlockMapView.aspx
IN-KA-CHIKKAMAGALURU-TARIKERE,water.piped_household_pct,83.47,percent,2026,"Jal Jeevan Mission (DDWS, Ministry of Jal Shakti)",https://ejalshakti.gov.in/jjmreport/JJMBlockMapView.aspx
IN-KA-CHIKKAMAGALURU-TARIKERE,water.piped_household_pct_2019,31.85,percent,2019,"Jal Jeevan Mission (DDWS, Ministry of Jal Shakti)",https://ejalshakti.gov.in/jjmreport/JJMBlockMapView.aspx
IN-KA-CHIKKAMAGALURU-CHIKKAMAGALURU,demography.rural_households,49370,households,2026,"Jal Jeevan Mission (DDWS, Ministry of Jal Shakti)",https://ejalshakti.gov.in/jjmreport/JJMBlockMapView.aspx
IN-KA-CHIKKAMAGALURU-CHIKKAMAGALURU,water.households_connected,40621,households,2026,"Jal Jeevan Mission (DDWS, Ministry of Jal Shakti)",https://ejalshakti.gov.in/jjmreport/JJMBlockMapView.aspx
IN-KA-CHIKKAMAGALURU-CHIKKAMAGALURU,water.households_connected_2019,9511,households,2019,"Jal Jeevan Mission (DDWS, Ministry of Jal Shakti)",https://ejalshakti.gov.in/jjmreport/JJMBlockMapView.aspx
IN-KA-CHIKKAMAGALURU-CHIKKAMAGALURU,water.piped_household_pct,82.28,percent,2026,"Jal Jeevan Mission (DDWS, Ministry of Jal Shakti)",https://ejalshakti.gov.in/jjmreport/JJMBlockMapView.aspx
IN-KA-CHIKKAMAGALURU-CHIKKAMAGALURU,water.piped_household_pct_2019,19.27,percent,2019,"Jal Jeevan Mission (DDWS, Ministry of Jal Shakti)",https://ejalshakti.gov.in/jjmreport/JJMBlockMapView.aspx
IN-KA-CHIKKAMAGALURU-KOPPA,demography.rural_households,22173,households,2026,"Jal Jeevan Mission (DDWS, Ministry of Jal Shakti)",https://ejalshakti.gov.in/jjmreport/JJMBlockMapView.aspx
IN-KA-CHIKKAMAGALURU-KOPPA,water.households_connected,17891,households,2026,"Jal Jeevan Mission (DDWS, Ministry of Jal Shakti)",https://ejalshakti.gov.in/jjmreport/JJMBlockMapView.aspx
IN-KA-CHIKKAMAGALURU-KOPPA,water.households_connected_2019,3620,households,2019,"Jal Jeevan Mission (DDWS, Ministry of Jal Shakti)",https://ejalshakti.gov.in/jjmreport/JJMBlockMapView.aspx
IN-KA-CHIKKAMAGALURU-KOPPA,water.piped_household_pct,80.69,percent,2026,"Jal Jeevan Mission (DDWS, Ministry of Jal Shakti)",https://ejalshakti.gov.in/jjmreport/JJMBlockMapView.aspx
IN-KA-CHIKKAMAGALURU-KOPPA,water.piped_household_pct_2019,16.33,percent,2019,"Jal Jeevan Mission (DDWS, Ministry of Jal Shakti)",https://ejalshakti.gov.in/jjmreport/JJMBlockMapView.aspx
IN-KA-CHIKKAMAGALURU-MUDIGERE,demography.rural_households,25923,households,2026,"Jal Jeevan Mission (DDWS, Ministry of Jal Shakti)",https://ejalshakti.gov.in/jjmreport/JJMBlockMapView.aspx
IN-KA-CHIKKAMAGALURU-MUDIGERE,water.households_connected,20441,households,2026,"Jal Jeevan Mission (DDWS, Ministry of Jal Shakti)",https://ejalshakti.gov.in/jjmreport/JJMBlockMapView.aspx
IN-KA-CHIKKAMAGALURU-MUDIGERE,water.households_connected_2019,7942,households,2019,"Jal Jeevan Mission (DDWS, Ministry of Jal Shakti)",https://ejalshakti.gov.in/jjmreport/JJMBlockMapView.aspx
IN-KA-CHIKKAMAGALURU-MUDIGERE,water.piped_household_pct,78.85,percent,2026,"Jal Jeevan Mission (DDWS, Ministry of Jal Shakti)",https://ejalshakti.gov.in/jjmreport/JJMBlockMapView.aspx
IN-KA-CHIKKAMAGALURU-MUDIGERE,water.piped_household_pct_2019,30.64,percent,2019,"Jal Jeevan Mission (DDWS, Ministry of Jal Shakti)",https://ejalshakti.gov.in/jjmreport/JJMBlockMapView.aspx
IN-KA-CHIKKAMAGALURU-KALASA,demography.rural_households,7111,households,2026,"Jal Jeevan Mission (DDWS, Ministry of Jal Shakti)",https://ejalshakti.gov.in/jjmreport/JJMBlockMapView.aspx
IN-KA-CHIKKAMAGALURU-KALASA,water.households_connected,4733,households,2026,"Jal Jeevan Mission (DDWS, Ministry of Jal Shakti)",https://ejalshakti.gov.in/jjmreport/JJMBlockMapView.aspx
IN-KA-CHIKKAMAGALURU-KALASA,water.households_connected_2019,2857,households,2019,"Jal Jeevan Mission (DDWS, Ministry of Jal Shakti)",https://ejalshakti.gov.in/jjmreport/JJMBlockMapView.aspx
IN-KA-CHIKKAMAGALURU-KALASA,water.piped_household_pct,66.56,percent,2026,"Jal Jeevan Mission (DDWS, Ministry of Jal Shakti)",https://ejalshakti.gov.in/jjmreport/JJMBlockMapView.aspx
IN-KA-CHIKKAMAGALURU-KALASA,water.piped_household_pct_2019,40.18,percent,2019,"Jal Jeevan Mission (DDWS, Ministry of Jal Shakti)",https://ejalshakti.gov.in/jjmreport/JJMBlockMapView.aspx
IN-KA-TUMAKURU,demography.rural_households,564687,households,2026,"Jal Jeevan Mission (DDWS, Ministry of Jal Shakti)",https://ejalshakti.gov.in/jjmreport/JJMBlockMapView.aspx
IN-KA-TUMAKURU,water.households_connected,450258,households,2026,"Jal Jeevan Mission (DDWS, Ministry of Jal Shakti)",https://ejalshakti.gov.in/jjmreport/JJMBlockMapView.aspx
IN-KA-TUMAKURU,water.piped_household_pct,79.74,percent,2026,"Jal Jeevan Mission (DDWS, Ministry of Jal Shakti)",https://ejalshakti.gov.in/jjmreport/JJMBlockMapView.aspx
IN-KA-TUMAKURU-CHIKNAYAKANHALLI,demography.rural_households,50000,households,2026,"Jal Jeevan Mission (DDWS, Ministry of Jal Shakti)",https://ejalshakti.gov.in/jjmreport/JJMBlockMapView.aspx
IN-KA-TUMAKURU-CHIKNAYAKANHALLI,water.households_connected,47429,households,2026,"Jal Jeevan Mission (DDWS, Ministry of Jal Shakti)",https://ejalshakti.gov.in/jjmreport/JJMBlockMapView.aspx
IN-KA-TUMAKURU-CHIKNAYAKANHALLI,water.households_connected_2019,7571,households,2019,"Jal Jeevan Mission (DDWS, Ministry of Jal Shakti)",https://ejalshakti.gov.in/jjmreport/JJMBlockMapView.aspx
IN-KA-TUMAKURU-CHIKNAYAKANHALLI,water.piped_household_pct,94.86,percent,2026,"Jal Jeevan Mission (DDWS, Ministry of Jal Shakti)",https://ejalshakti.gov.in/jjmreport/JJMBlockMapView.aspx
IN-KA-TUMAKURU-CHIKNAYAKANHALLI,water.piped_household_pct_2019,15.14,percent,2019,"Jal Jeevan Mission (DDWS, Ministry of Jal Shakti)",https://ejalshakti.gov.in/jjmreport/JJMBlockMapView.aspx
IN-KA-TUMAKURU-PAVAGADA,demography.rural_households,48452,households,2026,"Jal Jeevan Mission (DDWS, Ministry of Jal Shakti)",https://ejalshakti.gov.in/jjmreport/JJMBlockMapView.aspx
IN-KA-TUMAKURU-PAVAGADA,water.households_connected,43156,households,2026,"Jal Jeevan Mission (DDWS, Ministry of Jal Shakti)",https://ejalshakti.gov.in/jjmreport/JJMBlockMapView.aspx
IN-KA-TUMAKURU-PAVAGADA,water.households_connected_2019,22611,households,2019,"Jal Jeevan Mission (DDWS, Ministry of Jal Shakti)",https://ejalshakti.gov.in/jjmreport/JJMBlockMapView.aspx
IN-KA-TUMAKURU-PAVAGADA,water.piped_household_pct,89.07,percent,2026,"Jal Jeevan Mission (DDWS, Ministry of Jal Shakti)",https://ejalshakti.gov.in/jjmreport/JJMBlockMapView.aspx
IN-KA-TUMAKURU-PAVAGADA,water.piped_household_pct_2019,46.67,percent,2019,"Jal Jeevan Mission (DDWS, Ministry of Jal Shakti)",https://ejalshakti.gov.in/jjmreport/JJMBlockMapView.aspx
IN-KA-TUMAKURU-TUMAKURU,demography.rural_households,85400,households,2026,"Jal Jeevan Mission (DDWS, Ministry of Jal Shakti)",https://ejalshakti.gov.in/jjmreport/JJMBlockMapView.aspx
IN-KA-TUMAKURU-TUMAKURU,water.households_connected,72938,households,2026,"Jal Jeevan Mission (DDWS, Ministry of Jal Shakti)",https://ejalshakti.gov.in/jjmreport/JJMBlockMapView.aspx
IN-KA-TUMAKURU-TUMAKURU,water.households_connected_2019,29402,households,2019,"Jal Jeevan Mission (DDWS, Ministry of Jal Shakti)",https://ejalshakti.gov.in/jjmreport/JJMBlockMapView.aspx
IN-KA-TUMAKURU-TUMAKURU,water.piped_household_pct,85.41,percent,2026,"Jal Jeevan Mission (DDWS, Ministry of Jal Shakti)",https://ejalshakti.gov.in/jjmreport/JJMBlockMapView.aspx
IN-KA-TUMAKURU-TUMAKURU,water.piped_household_pct_2019,34.43,percent,2019,"Jal Jeevan Mission (DDWS, Ministry of Jal Shakti)",https://ejalshakti.gov.in/jjmreport/JJMBlockMapView.aspx
IN-KA-TUMAKURU-KORATAGERE,demography.rural_households,44700,households,2026,"Jal Jeevan Mission (DDWS, Ministry of Jal Shakti)",https://ejalshakti.gov.in/jjmreport/JJMBlockMapView.aspx
IN-KA-TUMAKURU-KORATAGERE,water.households_connected,37499,households,2026,"Jal Jeevan Mission (DDWS, Ministry of Jal Shakti)",https://ejalshakti.gov.in/jjmreport/JJMBlockMapView.aspx
IN-KA-TUMAKURU-KORATAGERE,water.households_connected_2019,18287,households,2019,"Jal Jeevan Mission (DDWS, Ministry of Jal Shakti)",https://ejalshakti.gov.in/jjmreport/JJMBlockMapView.aspx
IN-KA-TUMAKURU-KORATAGERE,water.piped_household_pct,83.89,percent,2026,"Jal Jeevan Mission (DDWS, Ministry of Jal Shakti)",https://ejalshakti.gov.in/jjmreport/JJMBlockMapView.aspx
IN-KA-TUMAKURU-KORATAGERE,water.piped_household_pct_2019,40.91,percent,2019,"Jal Jeevan Mission (DDWS, Ministry of Jal Shakti)",https://ejalshakti.gov.in/jjmreport/JJMBlockMapView.aspx
IN-KA-TUMAKURU-KUNIGAL,demography.rural_households,58433,households,2026,"Jal Jeevan Mission (DDWS, Ministry of Jal Shakti)",https://ejalshakti.gov.in/jjmreport/JJMBlockMapView.aspx
IN-KA-TUMAKURU-KUNIGAL,water.households_connected,47785,households,2026,"Jal Jeevan Mission (DDWS, Ministry of Jal Shakti)",https://ejalshakti.gov.in/jjmreport/JJMBlockMapView.aspx
IN-KA-TUMAKURU-KUNIGAL,water.households_connected_2019,29243,households,2019,"Jal Jeevan Mission (DDWS, Ministry of Jal Shakti)",https://ejalshakti.gov.in/jjmreport/JJMBlockMapView.aspx
IN-KA-TUMAKURU-KUNIGAL,water.piped_household_pct,81.78,percent,2026,"Jal Jeevan Mission (DDWS, Ministry of Jal Shakti)",https://ejalshakti.gov.in/jjmreport/JJMBlockMapView.aspx
IN-KA-TUMAKURU-KUNIGAL,water.piped_household_pct_2019,50.05,percent,2019,"Jal Jeevan Mission (DDWS, Ministry of Jal Shakti)",https://ejalshakti.gov.in/jjmreport/JJMBlockMapView.aspx
IN-KA-TUMAKURU-GUBBI,demography.rural_households,67578,households,2026,"Jal Jeevan Mission (DDWS, Ministry of Jal Shakti)",https://ejalshakti.gov.in/jjmreport/JJMBlockMapView.aspx
IN-KA-TUMAKURU-GUBBI,water.households_connected,51907,households,2026,"Jal Jeevan Mission (DDWS, Ministry of Jal Shakti)",https://ejalshakti.gov.in/jjmreport/JJMBlockMapView.aspx
IN-KA-TUMAKURU-GUBBI,water.households_connected_2019,9090,households,2019,"Jal Jeevan Mission (DDWS, Ministry of Jal Shakti)",https://ejalshakti.gov.in/jjmreport/JJMBlockMapView.aspx
IN-KA-TUMAKURU-GUBBI,water.piped_household_pct,76.81,percent,2026,"Jal Jeevan Mission (DDWS, Ministry of Jal Shakti)",https://ejalshakti.gov.in/jjmreport/JJMBlockMapView.aspx
IN-KA-TUMAKURU-GUBBI,water.piped_household_pct_2019,13.45,percent,2019,"Jal Jeevan Mission (DDWS, Ministry of Jal Shakti)",https://ejalshakti.gov.in/jjmreport/JJMBlockMapView.aspx
IN-KA-TUMAKURU-MADHUGIRI,demography.rural_households,62126,households,2026,"Jal Jeevan Mission (DDWS, Ministry of Jal Shakti)",https://ejalshakti.gov.in/jjmreport/JJMBlockMapView.aspx
IN-KA-TUMAKURU-MADHUGIRI,water.households_connected,46605,households,2026,"Jal Jeevan Mission (DDWS, Ministry of Jal Shakti)",https://ejalshakti.gov.in/jjmreport/JJMBlockMapView.aspx
IN-KA-TUMAKURU-MADHUGIRI,water.households_connected_2019,12464,households,2019,"Jal Jeevan Mission (DDWS, Ministry of Jal Shakti)",https://ejalshakti.gov.in/jjmreport/JJMBlockMapView.aspx
IN-KA-TUMAKURU-MADHUGIRI,water.piped_household_pct,75.02,percent,2026,"Jal Jeevan Mission (DDWS, Ministry of Jal Shakti)",https://ejalshakti.gov.in/jjmreport/JJMBlockMapView.aspx
IN-KA-TUMAKURU-MADHUGIRI,water.piped_household_pct_2019,20.06,percent,2019,"Jal Jeevan Mission (DDWS, Ministry of Jal Shakti)",https://ejalshakti.gov.in/jjmreport/JJMBlockMapView.aspx
IN-KA-TUMAKURU-TIPTUR,demography.rural_households,44349,households,2026,"Jal Jeevan Mission (DDWS, Ministry of Jal Shakti)",https://ejalshakti.gov.in/jjmreport/JJMBlockMapView.aspx
IN-KA-TUMAKURU-TIPTUR,water.households_connected,32767,households,2026,"Jal Jeevan Mission (DDWS, Ministry of Jal Shakti)",https://ejalshakti.gov.in/jjmreport/JJMBlockMapView.aspx
IN-KA-TUMAKURU-TIPTUR,water.households_connected_2019,9313,households,2019,"Jal Jeevan Mission (DDWS, Ministry of Jal Shakti)",https://ejalshakti.gov.in/jjmreport/JJMBlockMapView.aspx
IN-KA-TUMAKURU-TIPTUR,water.piped_household_pct,73.88,percent,2026,"Jal Jeevan Mission (DDWS, Ministry of Jal Shakti)",https://ejalshakti.gov.in/jjmreport/JJMBlockMapView.aspx
IN-KA-TUMAKURU-TIPTUR,water.piped_household_pct_2019,21.00,percent,2019,"Jal Jeevan Mission (DDWS, Ministry of Jal Shakti)",https://ejalshakti.gov.in/jjmreport/JJMBlockMapView.aspx
IN-KA-TUMAKURU-TURUVEKERE,demography.rural_households,42499,households,2026,"Jal Jeevan Mission (DDWS, Ministry of Jal Shakti)",https://ejalshakti.gov.in/jjmreport/JJMBlockMapView.aspx
IN-KA-TUMAKURU-TURUVEKERE,water.households_connected,29478,households,2026,"Jal Jeevan Mission (DDWS, Ministry of Jal Shakti)",https://ejalshakti.gov.in/jjmreport/JJMBlockMapView.aspx
IN-KA-TUMAKURU-TURUVEKERE,water.households_connected_2019,5468,households,2019,"Jal Jeevan Mission (DDWS, Ministry of Jal Shakti)",https://ejalshakti.gov.in/jjmreport/JJMBlockMapView.aspx
IN-KA-TUMAKURU-TURUVEKERE,water.piped_household_pct,69.36,percent,2026,"Jal Jeevan Mission (DDWS, Ministry of Jal Shakti)",https://ejalshakti.gov.in/jjmreport/JJMBlockMapView.aspx
IN-KA-TUMAKURU-TURUVEKERE,water.piped_household_pct_2019,12.87,percent,2019,"Jal Jeevan Mission (DDWS, Ministry of Jal Shakti)",https://ejalshakti.gov.in/jjmreport/JJMBlockMapView.aspx
IN-KA-TUMAKURU-SIRA,demography.rural_households,61150,households,2026,"Jal Jeevan Mission (DDWS, Ministry of Jal Shakti)",https://ejalshakti.gov.in/jjmreport/JJMBlockMapView.aspx
IN-KA-TUMAKURU-SIRA,water.households_connected,40694,households,2026,"Jal Jeevan Mission (DDWS, Ministry of Jal Shakti)",https://ejalshakti.gov.in/jjmreport/JJMBlockMapView.aspx
IN-KA-TUMAKURU-SIRA,water.households_connected_2019,10261,households,2019,"Jal Jeevan Mission (DDWS, Ministry of Jal Shakti)",https://ejalshakti.gov.in/jjmreport/JJMBlockMapView.aspx
IN-KA-TUMAKURU-SIRA,water.piped_household_pct,66.55,percent,2026,"Jal Jeevan Mission (DDWS, Ministry of Jal Shakti)",https://ejalshakti.gov.in/jjmreport/JJMBlockMapView.aspx
IN-KA-TUMAKURU-SIRA,water.piped_household_pct_2019,16.78,percent,2019,"Jal Jeevan Mission (DDWS, Ministry of Jal Shakti)",https://ejalshakti.gov.in/jjmreport/JJMBlockMapView.aspx
IN-KA-BENGALURU-URBAN,demography.rural_households,317618,households,2026,"Jal Jeevan Mission (DDWS, Ministry of Jal Shakti)",https://ejalshakti.gov.in/jjmreport/JJMBlockMapView.aspx
IN-KA-BENGALURU-URBAN,water.households_connected,229089,households,2026,"Jal Jeevan Mission (DDWS, Ministry of Jal Shakti)",https://ejalshakti.gov.in/jjmreport/JJMBlockMapView.aspx
IN-KA-BENGALURU-URBAN,water.piped_household_pct,72.13,percent,2026,"Jal Jeevan Mission (DDWS, Ministry of Jal Shakti)",https://ejalshakti.gov.in/jjmreport/JJMBlockMapView.aspx
IN-KA-BENGALURU-URBAN-BENGALURU-EAST,demography.rural_households,39726,households,2026,"Jal Jeevan Mission (DDWS, Ministry of Jal Shakti)",https://ejalshakti.gov.in/jjmreport/JJMBlockMapView.aspx
IN-KA-BENGALURU-URBAN-BENGALURU-EAST,water.households_connected,36234,households,2026,"Jal Jeevan Mission (DDWS, Ministry of Jal Shakti)",https://ejalshakti.gov.in/jjmreport/JJMBlockMapView.aspx
IN-KA-BENGALURU-URBAN-BENGALURU-EAST,water.households_connected_2019,6367,households,2019,"Jal Jeevan Mission (DDWS, Ministry of Jal Shakti)",https://ejalshakti.gov.in/jjmreport/JJMBlockMapView.aspx
IN-KA-BENGALURU-URBAN-BENGALURU-EAST,water.piped_household_pct,91.21,percent,2026,"Jal Jeevan Mission (DDWS, Ministry of Jal Shakti)",https://ejalshakti.gov.in/jjmreport/JJMBlockMapView.aspx
IN-KA-BENGALURU-URBAN-BENGALURU-EAST,water.piped_household_pct_2019,16.03,percent,2019,"Jal Jeevan Mission (DDWS, Ministry of Jal Shakti)",https://ejalshakti.gov.in/jjmreport/JJMBlockMapView.aspx
IN-KA-BENGALURU-URBAN-BENGALURU-NORTH,demography.rural_households,35071,households,2026,"Jal Jeevan Mission (DDWS, Ministry of Jal Shakti)",https://ejalshakti.gov.in/jjmreport/JJMBlockMapView.aspx
IN-KA-BENGALURU-URBAN-BENGALURU-NORTH,water.households_connected,31582,households,2026,"Jal Jeevan Mission (DDWS, Ministry of Jal Shakti)",https://ejalshakti.gov.in/jjmreport/JJMBlockMapView.aspx
IN-KA-BENGALURU-URBAN-BENGALURU-NORTH,water.households_connected_2019,5251,households,2019,"Jal Jeevan Mission (DDWS, Ministry of Jal Shakti)",https://ejalshakti.gov.in/jjmreport/JJMBlockMapView.aspx
IN-KA-BENGALURU-URBAN-BENGALURU-NORTH,water.piped_household_pct,90.05,percent,2026,"Jal Jeevan Mission (DDWS, Ministry of Jal Shakti)",https://ejalshakti.gov.in/jjmreport/JJMBlockMapView.aspx
IN-KA-BENGALURU-URBAN-BENGALURU-NORTH,water.piped_household_pct_2019,14.97,percent,2019,"Jal Jeevan Mission (DDWS, Ministry of Jal Shakti)",https://ejalshakti.gov.in/jjmreport/JJMBlockMapView.aspx
IN-KA-BENGALURU-URBAN-YELAHANKA,demography.rural_households,51891,households,2026,"Jal Jeevan Mission (DDWS, Ministry of Jal Shakti)",https://ejalshakti.gov.in/jjmreport/JJMBlockMapView.aspx
IN-KA-BENGALURU-URBAN-YELAHANKA,water.households_connected,46216,households,2026,"Jal Jeevan Mission (DDWS, Ministry of Jal Shakti)",https://ejalshakti.gov.in/jjmreport/JJMBlockMapView.aspx
IN-KA-BENGALURU-URBAN-YELAHANKA,water.households_connected_2019,10618,households,2019,"Jal Jeevan Mission (DDWS, Ministry of Jal Shakti)",https://ejalshakti.gov.in/jjmreport/JJMBlockMapView.aspx
IN-KA-BENGALURU-URBAN-YELAHANKA,water.piped_household_pct,89.06,percent,2026,"Jal Jeevan Mission (DDWS, Ministry of Jal Shakti)",https://ejalshakti.gov.in/jjmreport/JJMBlockMapView.aspx
IN-KA-BENGALURU-URBAN-YELAHANKA,water.piped_household_pct_2019,20.46,percent,2019,"Jal Jeevan Mission (DDWS, Ministry of Jal Shakti)",https://ejalshakti.gov.in/jjmreport/JJMBlockMapView.aspx
IN-KA-BENGALURU-URBAN-ANEKAL,demography.rural_households,96974,households,2026,"Jal Jeevan Mission (DDWS, Ministry of Jal Shakti)",https://ejalshakti.gov.in/jjmreport/JJMBlockMapView.aspx
IN-KA-BENGALURU-URBAN-ANEKAL,water.households_connected,70978,households,2026,"Jal Jeevan Mission (DDWS, Ministry of Jal Shakti)",https://ejalshakti.gov.in/jjmreport/JJMBlockMapView.aspx
IN-KA-BENGALURU-URBAN-ANEKAL,water.households_connected_2019,22591,households,2019,"Jal Jeevan Mission (DDWS, Ministry of Jal Shakti)",https://ejalshakti.gov.in/jjmreport/JJMBlockMapView.aspx
IN-KA-BENGALURU-URBAN-ANEKAL,water.piped_household_pct,73.19,percent,2026,"Jal Jeevan Mission (DDWS, Ministry of Jal Shakti)",https://ejalshakti.gov.in/jjmreport/JJMBlockMapView.aspx
IN-KA-BENGALURU-URBAN-ANEKAL,water.piped_household_pct_2019,23.30,percent,2019,"Jal Jeevan Mission (DDWS, Ministry of Jal Shakti)",https://ejalshakti.gov.in/jjmreport/JJMBlockMapView.aspx
IN-KA-BENGALURU-URBAN-BENGALURU-SOUTH,demography.rural_households,93956,households,2026,"Jal Jeevan Mission (DDWS, Ministry of Jal Shakti)",https://ejalshakti.gov.in/jjmreport/JJMBlockMapView.aspx
IN-KA-BENGALURU-URBAN-BENGALURU-SOUTH,water.households_connected,44079,households,2026,"Jal Jeevan Mission (DDWS, Ministry of Jal Shakti)",https://ejalshakti.gov.in/jjmreport/JJMBlockMapView.aspx
IN-KA-BENGALURU-URBAN-BENGALURU-SOUTH,water.households_connected_2019,9570,households,2019,"Jal Jeevan Mission (DDWS, Ministry of Jal Shakti)",https://ejalshakti.gov.in/jjmreport/JJMBlockMapView.aspx
IN-KA-BENGALURU-URBAN-BENGALURU-SOUTH,water.piped_household_pct,46.92,percent,2026,"Jal Jeevan Mission (DDWS, Ministry of Jal Shakti)",https://ejalshakti.gov.in/jjmreport/JJMBlockMapView.aspx
IN-KA-BENGALURU-URBAN-BENGALURU-SOUTH,water.piped_household_pct_2019,10.19,percent,2019,"Jal Jeevan Mission (DDWS, Ministry of Jal Shakti)",https://ejalshakti.gov.in/jjmreport/JJMBlockMapView.aspx
IN-KA-MANDYA,demography.rural_households,401102,households,2026,"Jal Jeevan Mission (DDWS, Ministry of Jal Shakti)",https://ejalshakti.gov.in/jjmreport/JJMBlockMapView.aspx
IN-KA-MANDYA,water.households_connected,376261,households,2026,"Jal Jeevan Mission (DDWS, Ministry of Jal Shakti)",https://ejalshakti.gov.in/jjmreport/JJMBlockMapView.aspx
IN-KA-MANDYA,water.piped_household_pct,93.81,percent,2026,"Jal Jeevan Mission (DDWS, Ministry of Jal Shakti)",https://ejalshakti.gov.in/jjmreport/JJMBlockMapView.aspx
IN-KA-MANDYA-MADDUR,demography.rural_households,71529,households,2026,"Jal Jeevan Mission (DDWS, Ministry of Jal Shakti)",https://ejalshakti.gov.in/jjmreport/JJMBlockMapView.aspx
IN-KA-MANDYA-MADDUR,water.households_connected,69914,households,2026,"Jal Jeevan Mission (DDWS, Ministry of Jal Shakti)",https://ejalshakti.gov.in/jjmreport/JJMBlockMapView.aspx
IN-KA-MANDYA-MADDUR,water.households_connected_2019,45848,households,2019,"Jal Jeevan Mission (DDWS, Ministry of Jal Shakti)",https://ejalshakti.gov.in/jjmreport/JJMBlockMapView.aspx
IN-KA-MANDYA-MADDUR,water.piped_household_pct,97.74,percent,2026,"Jal Jeevan Mission (DDWS, Ministry of Jal Shakti)",https://ejalshakti.gov.in/jjmreport/JJMBlockMapView.aspx
IN-KA-MANDYA-MADDUR,water.piped_household_pct_2019,64.10,percent,2019,"Jal Jeevan Mission (DDWS, Ministry of Jal Shakti)",https://ejalshakti.gov.in/jjmreport/JJMBlockMapView.aspx
IN-KA-MANDYA-PANDAVAPURA,demography.rural_households,40702,households,2026,"Jal Jeevan Mission (DDWS, Ministry of Jal Shakti)",https://ejalshakti.gov.in/jjmreport/JJMBlockMapView.aspx
IN-KA-MANDYA-PANDAVAPURA,water.households_connected,39782,households,2026,"Jal Jeevan Mission (DDWS, Ministry of Jal Shakti)",https://ejalshakti.gov.in/jjmreport/JJMBlockMapView.aspx
IN-KA-MANDYA-PANDAVAPURA,water.households_connected_2019,24096,households,2019,"Jal Jeevan Mission (DDWS, Ministry of Jal Shakti)",https://ejalshakti.gov.in/jjmreport/JJMBlockMapView.aspx
IN-KA-MANDYA-PANDAVAPURA,water.piped_household_pct,97.74,percent,2026,"Jal Jeevan Mission (DDWS, Ministry of Jal Shakti)",https://ejalshakti.gov.in/jjmreport/JJMBlockMapView.aspx
IN-KA-MANDYA-PANDAVAPURA,water.piped_household_pct_2019,59.20,percent,2019,"Jal Jeevan Mission (DDWS, Ministry of Jal Shakti)",https://ejalshakti.gov.in/jjmreport/JJMBlockMapView.aspx
IN-KA-MANDYA-SHRIRANGAPATTANA,demography.rural_households,41225,households,2026,"Jal Jeevan Mission (DDWS, Ministry of Jal Shakti)",https://ejalshakti.gov.in/jjmreport/JJMBlockMapView.aspx
IN-KA-MANDYA-SHRIRANGAPATTANA,water.households_connected,40234,households,2026,"Jal Jeevan Mission (DDWS, Ministry of Jal Shakti)",https://ejalshakti.gov.in/jjmreport/JJMBlockMapView.aspx
IN-KA-MANDYA-SHRIRANGAPATTANA,water.households_connected_2019,32766,households,2019,"Jal Jeevan Mission (DDWS, Ministry of Jal Shakti)",https://ejalshakti.gov.in/jjmreport/JJMBlockMapView.aspx
IN-KA-MANDYA-SHRIRANGAPATTANA,water.piped_household_pct,97.60,percent,2026,"Jal Jeevan Mission (DDWS, Ministry of Jal Shakti)",https://ejalshakti.gov.in/jjmreport/JJMBlockMapView.aspx
IN-KA-MANDYA-SHRIRANGAPATTANA,water.piped_household_pct_2019,79.48,percent,2019,"Jal Jeevan Mission (DDWS, Ministry of Jal Shakti)",https://ejalshakti.gov.in/jjmreport/JJMBlockMapView.aspx
IN-KA-MANDYA-MANDYA,demography.rural_households,74006,households,2026,"Jal Jeevan Mission (DDWS, Ministry of Jal Shakti)",https://ejalshakti.gov.in/jjmreport/JJMBlockMapView.aspx
IN-KA-MANDYA-MANDYA,water.households_connected,69997,households,2026,"Jal Jeevan Mission (DDWS, Ministry of Jal Shakti)",https://ejalshakti.gov.in/jjmreport/JJMBlockMapView.aspx
IN-KA-MANDYA-MANDYA,water.households_connected_2019,45622,households,2019,"Jal Jeevan Mission (DDWS, Ministry of Jal Shakti)",https://ejalshakti.gov.in/jjmreport/JJMBlockMapView.aspx
IN-KA-MANDYA-MANDYA,water.piped_household_pct,94.58,percent,2026,"Jal Jeevan Mission (DDWS, Ministry of Jal Shakti)",https://ejalshakti.gov.in/jjmreport/JJMBlockMapView.aspx
IN-KA-MANDYA-MANDYA,water.piped_household_pct_2019,61.65,percent,2019,"Jal Jeevan Mission (DDWS, Ministry of Jal Shakti)",https://ejalshakti.gov.in/jjmreport/JJMBlockMapView.aspx
IN-KA-MANDYA-KRISHNARAJPET,demography.rural_households,64029,households,2026,"Jal Jeevan Mission (DDWS, Ministry of Jal Shakti)",https://ejalshakti.gov.in/jjmreport/JJMBlockMapView.aspx
IN-KA-MANDYA-KRISHNARAJPET,water.households_connected,58374,households,2026,"Jal Jeevan Mission (DDWS, Ministry of Jal Shakti)",https://ejalshakti.gov.in/jjmreport/JJMBlockMapView.aspx
IN-KA-MANDYA-KRISHNARAJPET,water.households_connected_2019,33423,households,2019,"Jal Jeevan Mission (DDWS, Ministry of Jal Shakti)",https://ejalshakti.gov.in/jjmreport/JJMBlockMapView.aspx
IN-KA-MANDYA-KRISHNARAJPET,water.piped_household_pct,91.17,percent,2026,"Jal Jeevan Mission (DDWS, Ministry of Jal Shakti)",https://ejalshakti.gov.in/jjmreport/JJMBlockMapView.aspx
IN-KA-MANDYA-KRISHNARAJPET,water.piped_household_pct_2019,52.20,percent,2019,"Jal Jeevan Mission (DDWS, Ministry of Jal Shakti)",https://ejalshakti.gov.in/jjmreport/JJMBlockMapView.aspx
IN-KA-MANDYA-MALVALLI,demography.rural_households,65077,households,2026,"Jal Jeevan Mission (DDWS, Ministry of Jal Shakti)",https://ejalshakti.gov.in/jjmreport/JJMBlockMapView.aspx
IN-KA-MANDYA-MALVALLI,water.households_connected,59319,households,2026,"Jal Jeevan Mission (DDWS, Ministry of Jal Shakti)",https://ejalshakti.gov.in/jjmreport/JJMBlockMapView.aspx
IN-KA-MANDYA-MALVALLI,water.households_connected_2019,24449,households,2019,"Jal Jeevan Mission (DDWS, Ministry of Jal Shakti)",https://ejalshakti.gov.in/jjmreport/JJMBlockMapView.aspx
IN-KA-MANDYA-MALVALLI,water.piped_household_pct,91.15,percent,2026,"Jal Jeevan Mission (DDWS, Ministry of Jal Shakti)",https://ejalshakti.gov.in/jjmreport/JJMBlockMapView.aspx
IN-KA-MANDYA-MALVALLI,water.piped_household_pct_2019,37.57,percent,2019,"Jal Jeevan Mission (DDWS, Ministry of Jal Shakti)",https://ejalshakti.gov.in/jjmreport/JJMBlockMapView.aspx
IN-KA-MANDYA-NAGAMANGALA,demography.rural_households,44534,households,2026,"Jal Jeevan Mission (DDWS, Ministry of Jal Shakti)",https://ejalshakti.gov.in/jjmreport/JJMBlockMapView.aspx
IN-KA-MANDYA-NAGAMANGALA,water.households_connected,38641,households,2026,"Jal Jeevan Mission (DDWS, Ministry of Jal Shakti)",https://ejalshakti.gov.in/jjmreport/JJMBlockMapView.aspx
IN-KA-MANDYA-NAGAMANGALA,water.households_connected_2019,9780,households,2019,"Jal Jeevan Mission (DDWS, Ministry of Jal Shakti)",https://ejalshakti.gov.in/jjmreport/JJMBlockMapView.aspx
IN-KA-MANDYA-NAGAMANGALA,water.piped_household_pct,86.77,percent,2026,"Jal Jeevan Mission (DDWS, Ministry of Jal Shakti)",https://ejalshakti.gov.in/jjmreport/JJMBlockMapView.aspx
IN-KA-MANDYA-NAGAMANGALA,water.piped_household_pct_2019,21.96,percent,2019,"Jal Jeevan Mission (DDWS, Ministry of Jal Shakti)",https://ejalshakti.gov.in/jjmreport/JJMBlockMapView.aspx
IN-KA-HASSAN,demography.rural_households,431593,households,2026,"Jal Jeevan Mission (DDWS, Ministry of Jal Shakti)",https://ejalshakti.gov.in/jjmreport/JJMBlockMapView.aspx
IN-KA-HASSAN,water.households_connected,381156,households,2026,"Jal Jeevan Mission (DDWS, Ministry of Jal Shakti)",https://ejalshakti.gov.in/jjmreport/JJMBlockMapView.aspx
IN-KA-HASSAN,water.piped_household_pct,88.31,percent,2026,"Jal Jeevan Mission (DDWS, Ministry of Jal Shakti)",https://ejalshakti.gov.in/jjmreport/JJMBlockMapView.aspx
IN-KA-HASSAN-ARSIKERE,demography.rural_households,68822,households,2026,"Jal Jeevan Mission (DDWS, Ministry of Jal Shakti)",https://ejalshakti.gov.in/jjmreport/JJMBlockMapView.aspx
IN-KA-HASSAN-ARSIKERE,water.households_connected,68822,households,2026,"Jal Jeevan Mission (DDWS, Ministry of Jal Shakti)",https://ejalshakti.gov.in/jjmreport/JJMBlockMapView.aspx
IN-KA-HASSAN-ARSIKERE,water.households_connected_2019,8047,households,2019,"Jal Jeevan Mission (DDWS, Ministry of Jal Shakti)",https://ejalshakti.gov.in/jjmreport/JJMBlockMapView.aspx
IN-KA-HASSAN-ARSIKERE,water.piped_household_pct,100.00,percent,2026,"Jal Jeevan Mission (DDWS, Ministry of Jal Shakti)",https://ejalshakti.gov.in/jjmreport/JJMBlockMapView.aspx
IN-KA-HASSAN-ARSIKERE,water.piped_household_pct_2019,11.69,percent,2019,"Jal Jeevan Mission (DDWS, Ministry of Jal Shakti)",https://ejalshakti.gov.in/jjmreport/JJMBlockMapView.aspx
IN-KA-HASSAN-HOLENARSIPUR,demography.rural_households,46716,households,2026,"Jal Jeevan Mission (DDWS, Ministry of Jal Shakti)",https://ejalshakti.gov.in/jjmreport/JJMBlockMapView.aspx
IN-KA-HASSAN-HOLENARSIPUR,water.households_connected,46617,households,2026,"Jal Jeevan Mission (DDWS, Ministry of Jal Shakti)",https://ejalshakti.gov.in/jjmreport/JJMBlockMapView.aspx
IN-KA-HASSAN-HOLENARSIPUR,water.households_connected_2019,10728,households,2019,"Jal Jeevan Mission (DDWS, Ministry of Jal Shakti)",https://ejalshakti.gov.in/jjmreport/JJMBlockMapView.aspx
IN-KA-HASSAN-HOLENARSIPUR,water.piped_household_pct,99.79,percent,2026,"Jal Jeevan Mission (DDWS, Ministry of Jal Shakti)",https://ejalshakti.gov.in/jjmreport/JJMBlockMapView.aspx
IN-KA-HASSAN-HOLENARSIPUR,water.piped_household_pct_2019,22.96,percent,2019,"Jal Jeevan Mission (DDWS, Ministry of Jal Shakti)",https://ejalshakti.gov.in/jjmreport/JJMBlockMapView.aspx
IN-KA-HASSAN-SAKALESHPUR,demography.rural_households,29485,households,2026,"Jal Jeevan Mission (DDWS, Ministry of Jal Shakti)",https://ejalshakti.gov.in/jjmreport/JJMBlockMapView.aspx
IN-KA-HASSAN-SAKALESHPUR,water.households_connected,28334,households,2026,"Jal Jeevan Mission (DDWS, Ministry of Jal Shakti)",https://ejalshakti.gov.in/jjmreport/JJMBlockMapView.aspx
IN-KA-HASSAN-SAKALESHPUR,water.households_connected_2019,939,households,2019,"Jal Jeevan Mission (DDWS, Ministry of Jal Shakti)",https://ejalshakti.gov.in/jjmreport/JJMBlockMapView.aspx
IN-KA-HASSAN-SAKALESHPUR,water.piped_household_pct,96.10,percent,2026,"Jal Jeevan Mission (DDWS, Ministry of Jal Shakti)",https://ejalshakti.gov.in/jjmreport/JJMBlockMapView.aspx
IN-KA-HASSAN-SAKALESHPUR,water.piped_household_pct_2019,3.19,percent,2019,"Jal Jeevan Mission (DDWS, Ministry of Jal Shakti)",https://ejalshakti.gov.in/jjmreport/JJMBlockMapView.aspx
IN-KA-HASSAN-ARKALGUD,demography.rural_households,52845,households,2026,"Jal Jeevan Mission (DDWS, Ministry of Jal Shakti)",https://ejalshakti.gov.in/jjmreport/JJMBlockMapView.aspx
IN-KA-HASSAN-ARKALGUD,water.households_connected,46646,households,2026,"Jal Jeevan Mission (DDWS, Ministry of Jal Shakti)",https://ejalshakti.gov.in/jjmreport/JJMBlockMapView.aspx
IN-KA-HASSAN-ARKALGUD,water.households_connected_2019,7551,households,2019,"Jal Jeevan Mission (DDWS, Ministry of Jal Shakti)",https://ejalshakti.gov.in/jjmreport/JJMBlockMapView.aspx
IN-KA-HASSAN-ARKALGUD,water.piped_household_pct,88.27,percent,2026,"Jal Jeevan Mission (DDWS, Ministry of Jal Shakti)",https://ejalshakti.gov.in/jjmreport/JJMBlockMapView.aspx
IN-KA-HASSAN-ARKALGUD,water.piped_household_pct_2019,14.29,percent,2019,"Jal Jeevan Mission (DDWS, Ministry of Jal Shakti)",https://ejalshakti.gov.in/jjmreport/JJMBlockMapView.aspx
IN-KA-HASSAN-BELUR,demography.rural_households,46814,households,2026,"Jal Jeevan Mission (DDWS, Ministry of Jal Shakti)",https://ejalshakti.gov.in/jjmreport/JJMBlockMapView.aspx
IN-KA-HASSAN-BELUR,water.households_connected,41107,households,2026,"Jal Jeevan Mission (DDWS, Ministry of Jal Shakti)",https://ejalshakti.gov.in/jjmreport/JJMBlockMapView.aspx
IN-KA-HASSAN-BELUR,water.households_connected_2019,2040,households,2019,"Jal Jeevan Mission (DDWS, Ministry of Jal Shakti)",https://ejalshakti.gov.in/jjmreport/JJMBlockMapView.aspx
IN-KA-HASSAN-BELUR,water.piped_household_pct,87.81,percent,2026,"Jal Jeevan Mission (DDWS, Ministry of Jal Shakti)",https://ejalshakti.gov.in/jjmreport/JJMBlockMapView.aspx
IN-KA-HASSAN-BELUR,water.piped_household_pct_2019,4.36,percent,2019,"Jal Jeevan Mission (DDWS, Ministry of Jal Shakti)",https://ejalshakti.gov.in/jjmreport/JJMBlockMapView.aspx
IN-KA-HASSAN-CHANNARAYAPATNA,demography.rural_households,70742,households,2026,"Jal Jeevan Mission (DDWS, Ministry of Jal Shakti)",https://ejalshakti.gov.in/jjmreport/JJMBlockMapView.aspx
IN-KA-HASSAN-CHANNARAYAPATNA,water.households_connected,58270,households,2026,"Jal Jeevan Mission (DDWS, Ministry of Jal Shakti)",https://ejalshakti.gov.in/jjmreport/JJMBlockMapView.aspx
IN-KA-HASSAN-CHANNARAYAPATNA,water.households_connected_2019,6580,households,2019,"Jal Jeevan Mission (DDWS, Ministry of Jal Shakti)",https://ejalshakti.gov.in/jjmreport/JJMBlockMapView.aspx
IN-KA-HASSAN-CHANNARAYAPATNA,water.piped_household_pct,82.37,percent,2026,"Jal Jeevan Mission (DDWS, Ministry of Jal Shakti)",https://ejalshakti.gov.in/jjmreport/JJMBlockMapView.aspx
IN-KA-HASSAN-CHANNARAYAPATNA,water.piped_household_pct_2019,9.30,percent,2019,"Jal Jeevan Mission (DDWS, Ministry of Jal Shakti)",https://ejalshakti.gov.in/jjmreport/JJMBlockMapView.aspx
IN-KA-HASSAN-ALUR,demography.rural_households,20268,households,2026,"Jal Jeevan Mission (DDWS, Ministry of Jal Shakti)",https://ejalshakti.gov.in/jjmreport/JJMBlockMapView.aspx
IN-KA-HASSAN-ALUR,water.households_connected,16660,households,2026,"Jal Jeevan Mission (DDWS, Ministry of Jal Shakti)",https://ejalshakti.gov.in/jjmreport/JJMBlockMapView.aspx
IN-KA-HASSAN-ALUR,water.households_connected_2019,1312,households,2019,"Jal Jeevan Mission (DDWS, Ministry of Jal Shakti)",https://ejalshakti.gov.in/jjmreport/JJMBlockMapView.aspx
IN-KA-HASSAN-ALUR,water.piped_household_pct,82.20,percent,2026,"Jal Jeevan Mission (DDWS, Ministry of Jal Shakti)",https://ejalshakti.gov.in/jjmreport/JJMBlockMapView.aspx
IN-KA-HASSAN-ALUR,water.piped_household_pct_2019,6.47,percent,2019,"Jal Jeevan Mission (DDWS, Ministry of Jal Shakti)",https://ejalshakti.gov.in/jjmreport/JJMBlockMapView.aspx
IN-KA-HASSAN-HASSAN,demography.rural_households,95901,households,2026,"Jal Jeevan Mission (DDWS, Ministry of Jal Shakti)",https://ejalshakti.gov.in/jjmreport/JJMBlockMapView.aspx
IN-KA-HASSAN-HASSAN,water.households_connected,74700,households,2026,"Jal Jeevan Mission (DDWS, Ministry of Jal Shakti)",https://ejalshakti.gov.in/jjmreport/JJMBlockMapView.aspx
IN-KA-HASSAN-HASSAN,water.households_connected_2019,7115,households,2019,"Jal Jeevan Mission (DDWS, Ministry of Jal Shakti)",https://ejalshakti.gov.in/jjmreport/JJMBlockMapView.aspx
IN-KA-HASSAN-HASSAN,water.piped_household_pct,77.89,percent,2026,"Jal Jeevan Mission (DDWS, Ministry of Jal Shakti)",https://ejalshakti.gov.in/jjmreport/JJMBlockMapView.aspx
IN-KA-HASSAN-HASSAN,water.piped_household_pct_2019,7.42,percent,2019,"Jal Jeevan Mission (DDWS, Ministry of Jal Shakti)",https://ejalshakti.gov.in/jjmreport/JJMBlockMapView.aspx
IN-KA-DAKSHINA-KANNADA,demography.rural_households,334185,households,2026,"Jal Jeevan Mission (DDWS, Ministry of Jal Shakti)",https://ejalshakti.gov.in/jjmreport/JJMBlockMapView.aspx
IN-KA-DAKSHINA-KANNADA,water.households_connected,313047,households,2026,"Jal Jeevan Mission (DDWS, Ministry of Jal Shakti)",https://ejalshakti.gov.in/jjmreport/JJMBlockMapView.aspx
IN-KA-DAKSHINA-KANNADA,water.piped_household_pct,93.68,percent,2026,"Jal Jeevan Mission (DDWS, Ministry of Jal Shakti)",https://ejalshakti.gov.in/jjmreport/JJMBlockMapView.aspx
IN-KA-DAKSHINA-KANNADA-PUTTUR,demography.rural_households,30666,households,2026,"Jal Jeevan Mission (DDWS, Ministry of Jal Shakti)",https://ejalshakti.gov.in/jjmreport/JJMBlockMapView.aspx
IN-KA-DAKSHINA-KANNADA-PUTTUR,water.households_connected,30666,households,2026,"Jal Jeevan Mission (DDWS, Ministry of Jal Shakti)",https://ejalshakti.gov.in/jjmreport/JJMBlockMapView.aspx
IN-KA-DAKSHINA-KANNADA-PUTTUR,water.households_connected_2019,12543,households,2019,"Jal Jeevan Mission (DDWS, Ministry of Jal Shakti)",https://ejalshakti.gov.in/jjmreport/JJMBlockMapView.aspx
IN-KA-DAKSHINA-KANNADA-PUTTUR,water.piped_household_pct,100.00,percent,2026,"Jal Jeevan Mission (DDWS, Ministry of Jal Shakti)",https://ejalshakti.gov.in/jjmreport/JJMBlockMapView.aspx
IN-KA-DAKSHINA-KANNADA-PUTTUR,water.piped_household_pct_2019,40.90,percent,2019,"Jal Jeevan Mission (DDWS, Ministry of Jal Shakti)",https://ejalshakti.gov.in/jjmreport/JJMBlockMapView.aspx
IN-KA-DAKSHINA-KANNADA-BANTVAL,demography.rural_households,77491,households,2026,"Jal Jeevan Mission (DDWS, Ministry of Jal Shakti)",https://ejalshakti.gov.in/jjmreport/JJMBlockMapView.aspx
IN-KA-DAKSHINA-KANNADA-BANTVAL,water.households_connected,74455,households,2026,"Jal Jeevan Mission (DDWS, Ministry of Jal Shakti)",https://ejalshakti.gov.in/jjmreport/JJMBlockMapView.aspx
IN-KA-DAKSHINA-KANNADA-BANTVAL,water.households_connected_2019,29043,households,2019,"Jal Jeevan Mission (DDWS, Ministry of Jal Shakti)",https://ejalshakti.gov.in/jjmreport/JJMBlockMapView.aspx
IN-KA-DAKSHINA-KANNADA-BANTVAL,water.piped_household_pct,96.08,percent,2026,"Jal Jeevan Mission (DDWS, Ministry of Jal Shakti)",https://ejalshakti.gov.in/jjmreport/JJMBlockMapView.aspx
IN-KA-DAKSHINA-KANNADA-BANTVAL,water.piped_household_pct_2019,37.48,percent,2019,"Jal Jeevan Mission (DDWS, Ministry of Jal Shakti)",https://ejalshakti.gov.in/jjmreport/JJMBlockMapView.aspx
IN-KA-DAKSHINA-KANNADA-MANGALURU,demography.rural_households,47324,households,2026,"Jal Jeevan Mission (DDWS, Ministry of Jal Shakti)",https://ejalshakti.gov.in/jjmreport/JJMBlockMapView.aspx
IN-KA-DAKSHINA-KANNADA-MANGALURU,water.households_connected,44318,households,2026,"Jal Jeevan Mission (DDWS, Ministry of Jal Shakti)",https://ejalshakti.gov.in/jjmreport/JJMBlockMapView.aspx
IN-KA-DAKSHINA-KANNADA-MANGALURU,water.households_connected_2019,16456,households,2019,"Jal Jeevan Mission (DDWS, Ministry of Jal Shakti)",https://ejalshakti.gov.in/jjmreport/JJMBlockMapView.aspx
IN-KA-DAKSHINA-KANNADA-MANGALURU,water.piped_household_pct,93.65,percent,2026,"Jal Jeevan Mission (DDWS, Ministry of Jal Shakti)",https://ejalshakti.gov.in/jjmreport/JJMBlockMapView.aspx
IN-KA-DAKSHINA-KANNADA-MANGALURU,water.piped_household_pct_2019,34.77,percent,2019,"Jal Jeevan Mission (DDWS, Ministry of Jal Shakti)",https://ejalshakti.gov.in/jjmreport/JJMBlockMapView.aspx
IN-KA-DAKSHINA-KANNADA-KADABA,demography.rural_households,28481,households,2026,"Jal Jeevan Mission (DDWS, Ministry of Jal Shakti)",https://ejalshakti.gov.in/jjmreport/JJMBlockMapView.aspx
IN-KA-DAKSHINA-KANNADA-KADABA,water.households_connected,26621,households,2026,"Jal Jeevan Mission (DDWS, Ministry of Jal Shakti)",https://ejalshakti.gov.in/jjmreport/JJMBlockMapView.aspx
IN-KA-DAKSHINA-KANNADA-KADABA,water.households_connected_2019,9126,households,2019,"Jal Jeevan Mission (DDWS, Ministry of Jal Shakti)",https://ejalshakti.gov.in/jjmreport/JJMBlockMapView.aspx
IN-KA-DAKSHINA-KANNADA-KADABA,water.piped_household_pct,93.47,percent,2026,"Jal Jeevan Mission (DDWS, Ministry of Jal Shakti)",https://ejalshakti.gov.in/jjmreport/JJMBlockMapView.aspx
IN-KA-DAKSHINA-KANNADA-KADABA,water.piped_household_pct_2019,32.04,percent,2019,"Jal Jeevan Mission (DDWS, Ministry of Jal Shakti)",https://ejalshakti.gov.in/jjmreport/JJMBlockMapView.aspx
IN-KA-DAKSHINA-KANNADA-BELTANGADI,demography.rural_households,62054,households,2026,"Jal Jeevan Mission (DDWS, Ministry of Jal Shakti)",https://ejalshakti.gov.in/jjmreport/JJMBlockMapView.aspx
IN-KA-DAKSHINA-KANNADA-BELTANGADI,water.households_connected,57776,households,2026,"Jal Jeevan Mission (DDWS, Ministry of Jal Shakti)",https://ejalshakti.gov.in/jjmreport/JJMBlockMapView.aspx
IN-KA-DAKSHINA-KANNADA-BELTANGADI,water.households_connected_2019,19327,households,2019,"Jal Jeevan Mission (DDWS, Ministry of Jal Shakti)",https://ejalshakti.gov.in/jjmreport/JJMBlockMapView.aspx
IN-KA-DAKSHINA-KANNADA-BELTANGADI,water.piped_household_pct,93.11,percent,2026,"Jal Jeevan Mission (DDWS, Ministry of Jal Shakti)",https://ejalshakti.gov.in/jjmreport/JJMBlockMapView.aspx
IN-KA-DAKSHINA-KANNADA-BELTANGADI,water.piped_household_pct_2019,31.15,percent,2019,"Jal Jeevan Mission (DDWS, Ministry of Jal Shakti)",https://ejalshakti.gov.in/jjmreport/JJMBlockMapView.aspx
IN-KA-DAKSHINA-KANNADA-MUDUBIDARE,demography.rural_households,20692,households,2026,"Jal Jeevan Mission (DDWS, Ministry of Jal Shakti)",https://ejalshakti.gov.in/jjmreport/JJMBlockMapView.aspx
IN-KA-DAKSHINA-KANNADA-MUDUBIDARE,water.households_connected,19208,households,2026,"Jal Jeevan Mission (DDWS, Ministry of Jal Shakti)",https://ejalshakti.gov.in/jjmreport/JJMBlockMapView.aspx
IN-KA-DAKSHINA-KANNADA-MUDUBIDARE,water.households_connected_2019,5440,households,2019,"Jal Jeevan Mission (DDWS, Ministry of Jal Shakti)",https://ejalshakti.gov.in/jjmreport/JJMBlockMapView.aspx
IN-KA-DAKSHINA-KANNADA-MUDUBIDARE,water.piped_household_pct,92.83,percent,2026,"Jal Jeevan Mission (DDWS, Ministry of Jal Shakti)",https://ejalshakti.gov.in/jjmreport/JJMBlockMapView.aspx
IN-KA-DAKSHINA-KANNADA-MUDUBIDARE,water.piped_household_pct_2019,26.29,percent,2019,"Jal Jeevan Mission (DDWS, Ministry of Jal Shakti)",https://ejalshakti.gov.in/jjmreport/JJMBlockMapView.aspx
IN-KA-DAKSHINA-KANNADA-ULLALA,demography.rural_households,28486,households,2026,"Jal Jeevan Mission (DDWS, Ministry of Jal Shakti)",https://ejalshakti.gov.in/jjmreport/JJMBlockMapView.aspx
IN-KA-DAKSHINA-KANNADA-ULLALA,water.households_connected,26225,households,2026,"Jal Jeevan Mission (DDWS, Ministry of Jal Shakti)",https://ejalshakti.gov.in/jjmreport/JJMBlockMapView.aspx
IN-KA-DAKSHINA-KANNADA-ULLALA,water.households_connected_2019,11104,households,2019,"Jal Jeevan Mission (DDWS, Ministry of Jal Shakti)",https://ejalshakti.gov.in/jjmreport/JJMBlockMapView.aspx
IN-KA-DAKSHINA-KANNADA-ULLALA,water.piped_household_pct,92.06,percent,2026,"Jal Jeevan Mission (DDWS, Ministry of Jal Shakti)",https://ejalshakti.gov.in/jjmreport/JJMBlockMapView.aspx
IN-KA-DAKSHINA-KANNADA-ULLALA,water.piped_household_pct_2019,38.98,percent,2019,"Jal Jeevan Mission (DDWS, Ministry of Jal Shakti)",https://ejalshakti.gov.in/jjmreport/JJMBlockMapView.aspx
IN-KA-DAKSHINA-KANNADA-SULYA,demography.rural_households,27229,households,2026,"Jal Jeevan Mission (DDWS, Ministry of Jal Shakti)",https://ejalshakti.gov.in/jjmreport/JJMBlockMapView.aspx
IN-KA-DAKSHINA-KANNADA-SULYA,water.households_connected,23896,households,2026,"Jal Jeevan Mission (DDWS, Ministry of Jal Shakti)",https://ejalshakti.gov.in/jjmreport/JJMBlockMapView.aspx
IN-KA-DAKSHINA-KANNADA-SULYA,water.households_connected_2019,7192,households,2019,"Jal Jeevan Mission (DDWS, Ministry of Jal Shakti)",https://ejalshakti.gov.in/jjmreport/JJMBlockMapView.aspx
IN-KA-DAKSHINA-KANNADA-SULYA,water.piped_household_pct,87.76,percent,2026,"Jal Jeevan Mission (DDWS, Ministry of Jal Shakti)",https://ejalshakti.gov.in/jjmreport/JJMBlockMapView.aspx
IN-KA-DAKSHINA-KANNADA-SULYA,water.piped_household_pct_2019,26.41,percent,2019,"Jal Jeevan Mission (DDWS, Ministry of Jal Shakti)",https://ejalshakti.gov.in/jjmreport/JJMBlockMapView.aspx
IN-KA-DAKSHINA-KANNADA-MULKI,demography.rural_households,11762,households,2026,"Jal Jeevan Mission (DDWS, Ministry of Jal Shakti)",https://ejalshakti.gov.in/jjmreport/JJMBlockMapView.aspx
IN-KA-DAKSHINA-KANNADA-MULKI,water.households_connected,9882,households,2026,"Jal Jeevan Mission (DDWS, Ministry of Jal Shakti)",https://ejalshakti.gov.in/jjmreport/JJMBlockMapView.aspx
IN-KA-DAKSHINA-KANNADA-MULKI,water.households_connected_2019,5197,households,2019,"Jal Jeevan Mission (DDWS, Ministry of Jal Shakti)",https://ejalshakti.gov.in/jjmreport/JJMBlockMapView.aspx
IN-KA-DAKSHINA-KANNADA-MULKI,water.piped_household_pct,84.02,percent,2026,"Jal Jeevan Mission (DDWS, Ministry of Jal Shakti)",https://ejalshakti.gov.in/jjmreport/JJMBlockMapView.aspx
IN-KA-DAKSHINA-KANNADA-MULKI,water.piped_household_pct_2019,44.19,percent,2019,"Jal Jeevan Mission (DDWS, Ministry of Jal Shakti)",https://ejalshakti.gov.in/jjmreport/JJMBlockMapView.aspx
IN-KA-KODAGU,demography.rural_households,144036,households,2026,"Jal Jeevan Mission (DDWS, Ministry of Jal Shakti)",https://ejalshakti.gov.in/jjmreport/JJMBlockMapView.aspx
IN-KA-KODAGU,water.households_connected,123502,households,2026,"Jal Jeevan Mission (DDWS, Ministry of Jal Shakti)",https://ejalshakti.gov.in/jjmreport/JJMBlockMapView.aspx
IN-KA-KODAGU,water.piped_household_pct,85.74,percent,2026,"Jal Jeevan Mission (DDWS, Ministry of Jal Shakti)",https://ejalshakti.gov.in/jjmreport/JJMBlockMapView.aspx
IN-KA-KODAGU-MADIKERI,demography.rural_households,32708,households,2026,"Jal Jeevan Mission (DDWS, Ministry of Jal Shakti)",https://ejalshakti.gov.in/jjmreport/JJMBlockMapView.aspx
IN-KA-KODAGU-MADIKERI,water.households_connected,31444,households,2026,"Jal Jeevan Mission (DDWS, Ministry of Jal Shakti)",https://ejalshakti.gov.in/jjmreport/JJMBlockMapView.aspx
IN-KA-KODAGU-MADIKERI,water.households_connected_2019,12709,households,2019,"Jal Jeevan Mission (DDWS, Ministry of Jal Shakti)",https://ejalshakti.gov.in/jjmreport/JJMBlockMapView.aspx
IN-KA-KODAGU-MADIKERI,water.piped_household_pct,96.14,percent,2026,"Jal Jeevan Mission (DDWS, Ministry of Jal Shakti)",https://ejalshakti.gov.in/jjmreport/JJMBlockMapView.aspx
IN-KA-KODAGU-MADIKERI,water.piped_household_pct_2019,38.86,percent,2019,"Jal Jeevan Mission (DDWS, Ministry of Jal Shakti)",https://ejalshakti.gov.in/jjmreport/JJMBlockMapView.aspx
IN-KA-KODAGU-VIRAJPET,demography.rural_households,22369,households,2026,"Jal Jeevan Mission (DDWS, Ministry of Jal Shakti)",https://ejalshakti.gov.in/jjmreport/JJMBlockMapView.aspx
IN-KA-KODAGU-VIRAJPET,water.households_connected,19207,households,2026,"Jal Jeevan Mission (DDWS, Ministry of Jal Shakti)",https://ejalshakti.gov.in/jjmreport/JJMBlockMapView.aspx
IN-KA-KODAGU-VIRAJPET,water.households_connected_2019,1489,households,2019,"Jal Jeevan Mission (DDWS, Ministry of Jal Shakti)",https://ejalshakti.gov.in/jjmreport/JJMBlockMapView.aspx
IN-KA-KODAGU-VIRAJPET,water.piped_household_pct,85.86,percent,2026,"Jal Jeevan Mission (DDWS, Ministry of Jal Shakti)",https://ejalshakti.gov.in/jjmreport/JJMBlockMapView.aspx
IN-KA-KODAGU-VIRAJPET,water.piped_household_pct_2019,6.66,percent,2019,"Jal Jeevan Mission (DDWS, Ministry of Jal Shakti)",https://ejalshakti.gov.in/jjmreport/JJMBlockMapView.aspx
IN-KA-KODAGU-SOMVARPET,demography.rural_households,30455,households,2026,"Jal Jeevan Mission (DDWS, Ministry of Jal Shakti)",https://ejalshakti.gov.in/jjmreport/JJMBlockMapView.aspx
IN-KA-KODAGU-SOMVARPET,water.households_connected,25678,households,2026,"Jal Jeevan Mission (DDWS, Ministry of Jal Shakti)",https://ejalshakti.gov.in/jjmreport/JJMBlockMapView.aspx
IN-KA-KODAGU-SOMVARPET,water.households_connected_2019,13563,households,2019,"Jal Jeevan Mission (DDWS, Ministry of Jal Shakti)",https://ejalshakti.gov.in/jjmreport/JJMBlockMapView.aspx
IN-KA-KODAGU-SOMVARPET,water.piped_household_pct,84.32,percent,2026,"Jal Jeevan Mission (DDWS, Ministry of Jal Shakti)",https://ejalshakti.gov.in/jjmreport/JJMBlockMapView.aspx
IN-KA-KODAGU-SOMVARPET,water.piped_household_pct_2019,44.54,percent,2019,"Jal Jeevan Mission (DDWS, Ministry of Jal Shakti)",https://ejalshakti.gov.in/jjmreport/JJMBlockMapView.aspx
IN-KA-KODAGU-KUSHALANAGAR,demography.rural_households,28144,households,2026,"Jal Jeevan Mission (DDWS, Ministry of Jal Shakti)",https://ejalshakti.gov.in/jjmreport/JJMBlockMapView.aspx
IN-KA-KODAGU-KUSHALANAGAR,water.households_connected,23658,households,2026,"Jal Jeevan Mission (DDWS, Ministry of Jal Shakti)",https://ejalshakti.gov.in/jjmreport/JJMBlockMapView.aspx
IN-KA-KODAGU-KUSHALANAGAR,water.households_connected_2019,10942,households,2019,"Jal Jeevan Mission (DDWS, Ministry of Jal Shakti)",https://ejalshakti.gov.in/jjmreport/JJMBlockMapView.aspx
IN-KA-KODAGU-KUSHALANAGAR,water.piped_household_pct,84.06,percent,2026,"Jal Jeevan Mission (DDWS, Ministry of Jal Shakti)",https://ejalshakti.gov.in/jjmreport/JJMBlockMapView.aspx
IN-KA-KODAGU-KUSHALANAGAR,water.piped_household_pct_2019,38.88,percent,2019,"Jal Jeevan Mission (DDWS, Ministry of Jal Shakti)",https://ejalshakti.gov.in/jjmreport/JJMBlockMapView.aspx
IN-KA-KODAGU-PONNAMPET,demography.rural_households,30360,households,2026,"Jal Jeevan Mission (DDWS, Ministry of Jal Shakti)",https://ejalshakti.gov.in/jjmreport/JJMBlockMapView.aspx
IN-KA-KODAGU-PONNAMPET,water.households_connected,23515,households,2026,"Jal Jeevan Mission (DDWS, Ministry of Jal Shakti)",https://ejalshakti.gov.in/jjmreport/JJMBlockMapView.aspx
IN-KA-KODAGU-PONNAMPET,water.households_connected_2019,1385,households,2019,"Jal Jeevan Mission (DDWS, Ministry of Jal Shakti)",https://ejalshakti.gov.in/jjmreport/JJMBlockMapView.aspx
IN-KA-KODAGU-PONNAMPET,water.piped_household_pct,77.45,percent,2026,"Jal Jeevan Mission (DDWS, Ministry of Jal Shakti)",https://ejalshakti.gov.in/jjmreport/JJMBlockMapView.aspx
IN-KA-KODAGU-PONNAMPET,water.piped_household_pct_2019,4.56,percent,2019,"Jal Jeevan Mission (DDWS, Ministry of Jal Shakti)",https://ejalshakti.gov.in/jjmreport/JJMBlockMapView.aspx
IN-KA-MYSURU,demography.rural_households,501970,households,2026,"Jal Jeevan Mission (DDWS, Ministry of Jal Shakti)",https://ejalshakti.gov.in/jjmreport/JJMBlockMapView.aspx
IN-KA-MYSURU,water.households_connected,450676,households,2026,"Jal Jeevan Mission (DDWS, Ministry of Jal Shakti)",https://ejalshakti.gov.in/jjmreport/JJMBlockMapView.aspx
IN-KA-MYSURU,water.piped_household_pct,89.78,percent,2026,"Jal Jeevan Mission (DDWS, Ministry of Jal Shakti)",https://ejalshakti.gov.in/jjmreport/JJMBlockMapView.aspx
IN-KA-MYSURU-SALIGRAMA,demography.rural_households,32802,households,2026,"Jal Jeevan Mission (DDWS, Ministry of Jal Shakti)",https://ejalshakti.gov.in/jjmreport/JJMBlockMapView.aspx
IN-KA-MYSURU-SALIGRAMA,water.households_connected,32798,households,2026,"Jal Jeevan Mission (DDWS, Ministry of Jal Shakti)",https://ejalshakti.gov.in/jjmreport/JJMBlockMapView.aspx
IN-KA-MYSURU-SALIGRAMA,water.households_connected_2019,12312,households,2019,"Jal Jeevan Mission (DDWS, Ministry of Jal Shakti)",https://ejalshakti.gov.in/jjmreport/JJMBlockMapView.aspx
IN-KA-MYSURU-SALIGRAMA,water.piped_household_pct,99.99,percent,2026,"Jal Jeevan Mission (DDWS, Ministry of Jal Shakti)",https://ejalshakti.gov.in/jjmreport/JJMBlockMapView.aspx
IN-KA-MYSURU-SALIGRAMA,water.piped_household_pct_2019,37.53,percent,2019,"Jal Jeevan Mission (DDWS, Ministry of Jal Shakti)",https://ejalshakti.gov.in/jjmreport/JJMBlockMapView.aspx
IN-KA-MYSURU-NANJANGUD,demography.rural_households,80801,households,2026,"Jal Jeevan Mission (DDWS, Ministry of Jal Shakti)",https://ejalshakti.gov.in/jjmreport/JJMBlockMapView.aspx
IN-KA-MYSURU-NANJANGUD,water.households_connected,80018,households,2026,"Jal Jeevan Mission (DDWS, Ministry of Jal Shakti)",https://ejalshakti.gov.in/jjmreport/JJMBlockMapView.aspx
IN-KA-MYSURU-NANJANGUD,water.households_connected_2019,26270,households,2019,"Jal Jeevan Mission (DDWS, Ministry of Jal Shakti)",https://ejalshakti.gov.in/jjmreport/JJMBlockMapView.aspx
IN-KA-MYSURU-NANJANGUD,water.piped_household_pct,99.03,percent,2026,"Jal Jeevan Mission (DDWS, Ministry of Jal Shakti)",https://ejalshakti.gov.in/jjmreport/JJMBlockMapView.aspx
IN-KA-MYSURU-NANJANGUD,water.piped_household_pct_2019,32.51,percent,2019,"Jal Jeevan Mission (DDWS, Ministry of Jal Shakti)",https://ejalshakti.gov.in/jjmreport/JJMBlockMapView.aspx
IN-KA-MYSURU-KRISHNARAJANAGARA,demography.rural_households,26541,households,2026,"Jal Jeevan Mission (DDWS, Ministry of Jal Shakti)",https://ejalshakti.gov.in/jjmreport/JJMBlockMapView.aspx
IN-KA-MYSURU-KRISHNARAJANAGARA,water.households_connected,26066,households,2026,"Jal Jeevan Mission (DDWS, Ministry of Jal Shakti)",https://ejalshakti.gov.in/jjmreport/JJMBlockMapView.aspx
IN-KA-MYSURU-KRISHNARAJANAGARA,water.households_connected_2019,8357,households,2019,"Jal Jeevan Mission (DDWS, Ministry of Jal Shakti)",https://ejalshakti.gov.in/jjmreport/JJMBlockMapView.aspx
IN-KA-MYSURU-KRISHNARAJANAGARA,water.piped_household_pct,98.21,percent,2026,"Jal Jeevan Mission (DDWS, Ministry of Jal Shakti)",https://ejalshakti.gov.in/jjmreport/JJMBlockMapView.aspx
IN-KA-MYSURU-KRISHNARAJANAGARA,water.piped_household_pct_2019,31.49,percent,2019,"Jal Jeevan Mission (DDWS, Ministry of Jal Shakti)",https://ejalshakti.gov.in/jjmreport/JJMBlockMapView.aspx
IN-KA-MYSURU-HUNSUR,demography.rural_households,64072,households,2026,"Jal Jeevan Mission (DDWS, Ministry of Jal Shakti)",https://ejalshakti.gov.in/jjmreport/JJMBlockMapView.aspx
IN-KA-MYSURU-HUNSUR,water.households_connected,62575,households,2026,"Jal Jeevan Mission (DDWS, Ministry of Jal Shakti)",https://ejalshakti.gov.in/jjmreport/JJMBlockMapView.aspx
IN-KA-MYSURU-HUNSUR,water.households_connected_2019,12727,households,2019,"Jal Jeevan Mission (DDWS, Ministry of Jal Shakti)",https://ejalshakti.gov.in/jjmreport/JJMBlockMapView.aspx
IN-KA-MYSURU-HUNSUR,water.piped_household_pct,97.66,percent,2026,"Jal Jeevan Mission (DDWS, Ministry of Jal Shakti)",https://ejalshakti.gov.in/jjmreport/JJMBlockMapView.aspx
IN-KA-MYSURU-HUNSUR,water.piped_household_pct_2019,19.86,percent,2019,"Jal Jeevan Mission (DDWS, Ministry of Jal Shakti)",https://ejalshakti.gov.in/jjmreport/JJMBlockMapView.aspx
IN-KA-MYSURU-TIRUMAKUDAL-NARSIPUR,demography.rural_households,64477,households,2026,"Jal Jeevan Mission (DDWS, Ministry of Jal Shakti)",https://ejalshakti.gov.in/jjmreport/JJMBlockMapView.aspx
IN-KA-MYSURU-TIRUMAKUDAL-NARSIPUR,water.households_connected,61263,households,2026,"Jal Jeevan Mission (DDWS, Ministry of Jal Shakti)",https://ejalshakti.gov.in/jjmreport/JJMBlockMapView.aspx
IN-KA-MYSURU-TIRUMAKUDAL-NARSIPUR,water.households_connected_2019,12079,households,2019,"Jal Jeevan Mission (DDWS, Ministry of Jal Shakti)",https://ejalshakti.gov.in/jjmreport/JJMBlockMapView.aspx
IN-KA-MYSURU-TIRUMAKUDAL-NARSIPUR,water.piped_household_pct,95.02,percent,2026,"Jal Jeevan Mission (DDWS, Ministry of Jal Shakti)",https://ejalshakti.gov.in/jjmreport/JJMBlockMapView.aspx
IN-KA-MYSURU-TIRUMAKUDAL-NARSIPUR,water.piped_household_pct_2019,18.73,percent,2019,"Jal Jeevan Mission (DDWS, Ministry of Jal Shakti)",https://ejalshakti.gov.in/jjmreport/JJMBlockMapView.aspx
IN-KA-MYSURU-PIRIYAPATNA,demography.rural_households,61206,households,2026,"Jal Jeevan Mission (DDWS, Ministry of Jal Shakti)",https://ejalshakti.gov.in/jjmreport/JJMBlockMapView.aspx
IN-KA-MYSURU-PIRIYAPATNA,water.households_connected,57374,households,2026,"Jal Jeevan Mission (DDWS, Ministry of Jal Shakti)",https://ejalshakti.gov.in/jjmreport/JJMBlockMapView.aspx
IN-KA-MYSURU-PIRIYAPATNA,water.households_connected_2019,12248,households,2019,"Jal Jeevan Mission (DDWS, Ministry of Jal Shakti)",https://ejalshakti.gov.in/jjmreport/JJMBlockMapView.aspx
IN-KA-MYSURU-PIRIYAPATNA,water.piped_household_pct,93.74,percent,2026,"Jal Jeevan Mission (DDWS, Ministry of Jal Shakti)",https://ejalshakti.gov.in/jjmreport/JJMBlockMapView.aspx
IN-KA-MYSURU-PIRIYAPATNA,water.piped_household_pct_2019,20.01,percent,2019,"Jal Jeevan Mission (DDWS, Ministry of Jal Shakti)",https://ejalshakti.gov.in/jjmreport/JJMBlockMapView.aspx
IN-KA-MYSURU-SARAGURU,demography.rural_households,24137,households,2026,"Jal Jeevan Mission (DDWS, Ministry of Jal Shakti)",https://ejalshakti.gov.in/jjmreport/JJMBlockMapView.aspx
IN-KA-MYSURU-SARAGURU,water.households_connected,20734,households,2026,"Jal Jeevan Mission (DDWS, Ministry of Jal Shakti)",https://ejalshakti.gov.in/jjmreport/JJMBlockMapView.aspx
IN-KA-MYSURU-SARAGURU,water.households_connected_2019,5625,households,2019,"Jal Jeevan Mission (DDWS, Ministry of Jal Shakti)",https://ejalshakti.gov.in/jjmreport/JJMBlockMapView.aspx
IN-KA-MYSURU-SARAGURU,water.piped_household_pct,85.90,percent,2026,"Jal Jeevan Mission (DDWS, Ministry of Jal Shakti)",https://ejalshakti.gov.in/jjmreport/JJMBlockMapView.aspx
IN-KA-MYSURU-SARAGURU,water.piped_household_pct_2019,23.30,percent,2019,"Jal Jeevan Mission (DDWS, Ministry of Jal Shakti)",https://ejalshakti.gov.in/jjmreport/JJMBlockMapView.aspx
IN-KA-MYSURU-HEGGADADEVANKOTE,demography.rural_households,47265,households,2026,"Jal Jeevan Mission (DDWS, Ministry of Jal Shakti)",https://ejalshakti.gov.in/jjmreport/JJMBlockMapView.aspx
IN-KA-MYSURU-HEGGADADEVANKOTE,water.households_connected,39610,households,2026,"Jal Jeevan Mission (DDWS, Ministry of Jal Shakti)",https://ejalshakti.gov.in/jjmreport/JJMBlockMapView.aspx
IN-KA-MYSURU-HEGGADADEVANKOTE,water.households_connected_2019,12785,households,2019,"Jal Jeevan Mission (DDWS, Ministry of Jal Shakti)",https://ejalshakti.gov.in/jjmreport/JJMBlockMapView.aspx
IN-KA-MYSURU-HEGGADADEVANKOTE,water.piped_household_pct,83.80,percent,2026,"Jal Jeevan Mission (DDWS, Ministry of Jal Shakti)",https://ejalshakti.gov.in/jjmreport/JJMBlockMapView.aspx
IN-KA-MYSURU-HEGGADADEVANKOTE,water.piped_household_pct_2019,27.05,percent,2019,"Jal Jeevan Mission (DDWS, Ministry of Jal Shakti)",https://ejalshakti.gov.in/jjmreport/JJMBlockMapView.aspx
IN-KA-MYSURU-MYSURU,demography.rural_households,100669,households,2026,"Jal Jeevan Mission (DDWS, Ministry of Jal Shakti)",https://ejalshakti.gov.in/jjmreport/JJMBlockMapView.aspx
IN-KA-MYSURU-MYSURU,water.households_connected,70238,households,2026,"Jal Jeevan Mission (DDWS, Ministry of Jal Shakti)",https://ejalshakti.gov.in/jjmreport/JJMBlockMapView.aspx
IN-KA-MYSURU-MYSURU,water.households_connected_2019,19539,households,2019,"Jal Jeevan Mission (DDWS, Ministry of Jal Shakti)",https://ejalshakti.gov.in/jjmreport/JJMBlockMapView.aspx
IN-KA-MYSURU-MYSURU,water.piped_household_pct,69.77,percent,2026,"Jal Jeevan Mission (DDWS, Ministry of Jal Shakti)",https://ejalshakti.gov.in/jjmreport/JJMBlockMapView.aspx
IN-KA-MYSURU-MYSURU,water.piped_household_pct_2019,19.41,percent,2019,"Jal Jeevan Mission (DDWS, Ministry of Jal Shakti)",https://ejalshakti.gov.in/jjmreport/JJMBlockMapView.aspx
IN-KA-CHAMARAJANAGARA,demography.rural_households,251525,households,2026,"Jal Jeevan Mission (DDWS, Ministry of Jal Shakti)",https://ejalshakti.gov.in/jjmreport/JJMBlockMapView.aspx
IN-KA-CHAMARAJANAGARA,water.households_connected,246628,households,2026,"Jal Jeevan Mission (DDWS, Ministry of Jal Shakti)",https://ejalshakti.gov.in/jjmreport/JJMBlockMapView.aspx
IN-KA-CHAMARAJANAGARA,water.piped_household_pct,98.05,percent,2026,"Jal Jeevan Mission (DDWS, Ministry of Jal Shakti)",https://ejalshakti.gov.in/jjmreport/JJMBlockMapView.aspx
IN-KA-CHAMARAJANAGARA-GUNDLUPET,demography.rural_households,56798,households,2026,"Jal Jeevan Mission (DDWS, Ministry of Jal Shakti)",https://ejalshakti.gov.in/jjmreport/JJMBlockMapView.aspx
IN-KA-CHAMARAJANAGARA-GUNDLUPET,water.households_connected,56745,households,2026,"Jal Jeevan Mission (DDWS, Ministry of Jal Shakti)",https://ejalshakti.gov.in/jjmreport/JJMBlockMapView.aspx
IN-KA-CHAMARAJANAGARA-GUNDLUPET,water.households_connected_2019,20490,households,2019,"Jal Jeevan Mission (DDWS, Ministry of Jal Shakti)",https://ejalshakti.gov.in/jjmreport/JJMBlockMapView.aspx
IN-KA-CHAMARAJANAGARA-GUNDLUPET,water.piped_household_pct,99.91,percent,2026,"Jal Jeevan Mission (DDWS, Ministry of Jal Shakti)",https://ejalshakti.gov.in/jjmreport/JJMBlockMapView.aspx
IN-KA-CHAMARAJANAGARA-GUNDLUPET,water.piped_household_pct_2019,36.08,percent,2019,"Jal Jeevan Mission (DDWS, Ministry of Jal Shakti)",https://ejalshakti.gov.in/jjmreport/JJMBlockMapView.aspx
IN-KA-CHAMARAJANAGARA-CHAMARAJANAGAR,demography.rural_households,89256,households,2026,"Jal Jeevan Mission (DDWS, Ministry of Jal Shakti)",https://ejalshakti.gov.in/jjmreport/JJMBlockMapView.aspx
IN-KA-CHAMARAJANAGARA-CHAMARAJANAGAR,water.households_connected,88555,households,2026,"Jal Jeevan Mission (DDWS, Ministry of Jal Shakti)",https://ejalshakti.gov.in/jjmreport/JJMBlockMapView.aspx
IN-KA-CHAMARAJANAGARA-CHAMARAJANAGAR,water.households_connected_2019,20621,households,2019,"Jal Jeevan Mission (DDWS, Ministry of Jal Shakti)",https://ejalshakti.gov.in/jjmreport/JJMBlockMapView.aspx
IN-KA-CHAMARAJANAGARA-CHAMARAJANAGAR,water.piped_household_pct,99.22,percent,2026,"Jal Jeevan Mission (DDWS, Ministry of Jal Shakti)",https://ejalshakti.gov.in/jjmreport/JJMBlockMapView.aspx
IN-KA-CHAMARAJANAGARA-CHAMARAJANAGAR,water.piped_household_pct_2019,23.10,percent,2019,"Jal Jeevan Mission (DDWS, Ministry of Jal Shakti)",https://ejalshakti.gov.in/jjmreport/JJMBlockMapView.aspx
IN-KA-CHAMARAJANAGARA-YELANDUR,demography.rural_households,19158,households,2026,"Jal Jeevan Mission (DDWS, Ministry of Jal Shakti)",https://ejalshakti.gov.in/jjmreport/JJMBlockMapView.aspx
IN-KA-CHAMARAJANAGARA-YELANDUR,water.households_connected,18875,households,2026,"Jal Jeevan Mission (DDWS, Ministry of Jal Shakti)",https://ejalshakti.gov.in/jjmreport/JJMBlockMapView.aspx
IN-KA-CHAMARAJANAGARA-YELANDUR,water.households_connected_2019,1535,households,2019,"Jal Jeevan Mission (DDWS, Ministry of Jal Shakti)",https://ejalshakti.gov.in/jjmreport/JJMBlockMapView.aspx
IN-KA-CHAMARAJANAGARA-YELANDUR,water.piped_household_pct,98.52,percent,2026,"Jal Jeevan Mission (DDWS, Ministry of Jal Shakti)",https://ejalshakti.gov.in/jjmreport/JJMBlockMapView.aspx
IN-KA-CHAMARAJANAGARA-YELANDUR,water.piped_household_pct_2019,8.01,percent,2019,"Jal Jeevan Mission (DDWS, Ministry of Jal Shakti)",https://ejalshakti.gov.in/jjmreport/JJMBlockMapView.aspx
IN-KA-CHAMARAJANAGARA-KOLLEGALA,demography.rural_households,36489,households,2026,"Jal Jeevan Mission (DDWS, Ministry of Jal Shakti)",https://ejalshakti.gov.in/jjmreport/JJMBlockMapView.aspx
IN-KA-CHAMARAJANAGARA-KOLLEGALA,water.households_connected,35813,households,2026,"Jal Jeevan Mission (DDWS, Ministry of Jal Shakti)",https://ejalshakti.gov.in/jjmreport/JJMBlockMapView.aspx
IN-KA-CHAMARAJANAGARA-KOLLEGALA,water.households_connected_2019,9801,households,2019,"Jal Jeevan Mission (DDWS, Ministry of Jal Shakti)",https://ejalshakti.gov.in/jjmreport/JJMBlockMapView.aspx
IN-KA-CHAMARAJANAGARA-KOLLEGALA,water.piped_household_pct,98.15,percent,2026,"Jal Jeevan Mission (DDWS, Ministry of Jal Shakti)",https://ejalshakti.gov.in/jjmreport/JJMBlockMapView.aspx
IN-KA-CHAMARAJANAGARA-KOLLEGALA,water.piped_household_pct_2019,26.86,percent,2019,"Jal Jeevan Mission (DDWS, Ministry of Jal Shakti)",https://ejalshakti.gov.in/jjmreport/JJMBlockMapView.aspx
IN-KA-CHAMARAJANAGARA-HANURU,demography.rural_households,49824,households,2026,"Jal Jeevan Mission (DDWS, Ministry of Jal Shakti)",https://ejalshakti.gov.in/jjmreport/JJMBlockMapView.aspx
IN-KA-CHAMARAJANAGARA-HANURU,water.households_connected,46640,households,2026,"Jal Jeevan Mission (DDWS, Ministry of Jal Shakti)",https://ejalshakti.gov.in/jjmreport/JJMBlockMapView.aspx
IN-KA-CHAMARAJANAGARA-HANURU,water.households_connected_2019,8903,households,2019,"Jal Jeevan Mission (DDWS, Ministry of Jal Shakti)",https://ejalshakti.gov.in/jjmreport/JJMBlockMapView.aspx
IN-KA-CHAMARAJANAGARA-HANURU,water.piped_household_pct,93.61,percent,2026,"Jal Jeevan Mission (DDWS, Ministry of Jal Shakti)",https://ejalshakti.gov.in/jjmreport/JJMBlockMapView.aspx
IN-KA-CHAMARAJANAGARA-HANURU,water.piped_household_pct_2019,17.87,percent,2019,"Jal Jeevan Mission (DDWS, Ministry of Jal Shakti)",https://ejalshakti.gov.in/jjmreport/JJMBlockMapView.aspx
IN-KA-KALABURAGI,demography.rural_households,456036,households,2026,"Jal Jeevan Mission (DDWS, Ministry of Jal Shakti)",https://ejalshakti.gov.in/jjmreport/JJMBlockMapView.aspx
IN-KA-KALABURAGI,water.households_connected,361109,households,2026,"Jal Jeevan Mission (DDWS, Ministry of Jal Shakti)",https://ejalshakti.gov.in/jjmreport/JJMBlockMapView.aspx
IN-KA-KALABURAGI,water.piped_household_pct,79.18,percent,2026,"Jal Jeevan Mission (DDWS, Ministry of Jal Shakti)",https://ejalshakti.gov.in/jjmreport/JJMBlockMapView.aspx
IN-KA-KALABURAGI-CHITAPUR,demography.rural_households,44923,households,2026,"Jal Jeevan Mission (DDWS, Ministry of Jal Shakti)",https://ejalshakti.gov.in/jjmreport/JJMBlockMapView.aspx
IN-KA-KALABURAGI-CHITAPUR,water.households_connected,38945,households,2026,"Jal Jeevan Mission (DDWS, Ministry of Jal Shakti)",https://ejalshakti.gov.in/jjmreport/JJMBlockMapView.aspx
IN-KA-KALABURAGI-CHITAPUR,water.households_connected_2019,10858,households,2019,"Jal Jeevan Mission (DDWS, Ministry of Jal Shakti)",https://ejalshakti.gov.in/jjmreport/JJMBlockMapView.aspx
IN-KA-KALABURAGI-CHITAPUR,water.piped_household_pct,86.69,percent,2026,"Jal Jeevan Mission (DDWS, Ministry of Jal Shakti)",https://ejalshakti.gov.in/jjmreport/JJMBlockMapView.aspx
IN-KA-KALABURAGI-CHITAPUR,water.piped_household_pct_2019,24.17,percent,2019,"Jal Jeevan Mission (DDWS, Ministry of Jal Shakti)",https://ejalshakti.gov.in/jjmreport/JJMBlockMapView.aspx
IN-KA-KALABURAGI-JEVARGI,demography.rural_households,35625,households,2026,"Jal Jeevan Mission (DDWS, Ministry of Jal Shakti)",https://ejalshakti.gov.in/jjmreport/JJMBlockMapView.aspx
IN-KA-KALABURAGI-JEVARGI,water.households_connected,30617,households,2026,"Jal Jeevan Mission (DDWS, Ministry of Jal Shakti)",https://ejalshakti.gov.in/jjmreport/JJMBlockMapView.aspx
IN-KA-KALABURAGI-JEVARGI,water.households_connected_2019,3482,households,2019,"Jal Jeevan Mission (DDWS, Ministry of Jal Shakti)",https://ejalshakti.gov.in/jjmreport/JJMBlockMapView.aspx
IN-KA-KALABURAGI-JEVARGI,water.piped_household_pct,85.94,percent,2026,"Jal Jeevan Mission (DDWS, Ministry of Jal Shakti)",https://ejalshakti.gov.in/jjmreport/JJMBlockMapView.aspx
IN-KA-KALABURAGI-JEVARGI,water.piped_household_pct_2019,9.77,percent,2019,"Jal Jeevan Mission (DDWS, Ministry of Jal Shakti)",https://ejalshakti.gov.in/jjmreport/JJMBlockMapView.aspx
IN-KA-KALABURAGI-SHABAD,demography.rural_households,9332,households,2026,"Jal Jeevan Mission (DDWS, Ministry of Jal Shakti)",https://ejalshakti.gov.in/jjmreport/JJMBlockMapView.aspx
IN-KA-KALABURAGI-SHABAD,water.households_connected,7984,households,2026,"Jal Jeevan Mission (DDWS, Ministry of Jal Shakti)",https://ejalshakti.gov.in/jjmreport/JJMBlockMapView.aspx
IN-KA-KALABURAGI-SHABAD,water.households_connected_2019,2445,households,2019,"Jal Jeevan Mission (DDWS, Ministry of Jal Shakti)",https://ejalshakti.gov.in/jjmreport/JJMBlockMapView.aspx
IN-KA-KALABURAGI-SHABAD,water.piped_household_pct,85.56,percent,2026,"Jal Jeevan Mission (DDWS, Ministry of Jal Shakti)",https://ejalshakti.gov.in/jjmreport/JJMBlockMapView.aspx
IN-KA-KALABURAGI-SHABAD,water.piped_household_pct_2019,26.20,percent,2019,"Jal Jeevan Mission (DDWS, Ministry of Jal Shakti)",https://ejalshakti.gov.in/jjmreport/JJMBlockMapView.aspx
IN-KA-KALABURAGI-KALABURAGI,demography.rural_households,52626,households,2026,"Jal Jeevan Mission (DDWS, Ministry of Jal Shakti)",https://ejalshakti.gov.in/jjmreport/JJMBlockMapView.aspx
IN-KA-KALABURAGI-KALABURAGI,water.households_connected,44229,households,2026,"Jal Jeevan Mission (DDWS, Ministry of Jal Shakti)",https://ejalshakti.gov.in/jjmreport/JJMBlockMapView.aspx
IN-KA-KALABURAGI-KALABURAGI,water.households_connected_2019,4970,households,2019,"Jal Jeevan Mission (DDWS, Ministry of Jal Shakti)",https://ejalshakti.gov.in/jjmreport/JJMBlockMapView.aspx
IN-KA-KALABURAGI-KALABURAGI,water.piped_household_pct,84.04,percent,2026,"Jal Jeevan Mission (DDWS, Ministry of Jal Shakti)",https://ejalshakti.gov.in/jjmreport/JJMBlockMapView.aspx
IN-KA-KALABURAGI-KALABURAGI,water.piped_household_pct_2019,9.44,percent,2019,"Jal Jeevan Mission (DDWS, Ministry of Jal Shakti)",https://ejalshakti.gov.in/jjmreport/JJMBlockMapView.aspx
IN-KA-KALABURAGI-AFZALPUR,demography.rural_households,46137,households,2026,"Jal Jeevan Mission (DDWS, Ministry of Jal Shakti)",https://ejalshakti.gov.in/jjmreport/JJMBlockMapView.aspx
IN-KA-KALABURAGI-AFZALPUR,water.households_connected,38431,households,2026,"Jal Jeevan Mission (DDWS, Ministry of Jal Shakti)",https://ejalshakti.gov.in/jjmreport/JJMBlockMapView.aspx
IN-KA-KALABURAGI-AFZALPUR,water.households_connected_2019,8687,households,2019,"Jal Jeevan Mission (DDWS, Ministry of Jal Shakti)",https://ejalshakti.gov.in/jjmreport/JJMBlockMapView.aspx
IN-KA-KALABURAGI-AFZALPUR,water.piped_household_pct,83.30,percent,2026,"Jal Jeevan Mission (DDWS, Ministry of Jal Shakti)",https://ejalshakti.gov.in/jjmreport/JJMBlockMapView.aspx
IN-KA-KALABURAGI-AFZALPUR,water.piped_household_pct_2019,18.83,percent,2019,"Jal Jeevan Mission (DDWS, Ministry of Jal Shakti)",https://ejalshakti.gov.in/jjmreport/JJMBlockMapView.aspx
IN-KA-KALABURAGI-YADRAMI,demography.rural_households,24453,households,2026,"Jal Jeevan Mission (DDWS, Ministry of Jal Shakti)",https://ejalshakti.gov.in/jjmreport/JJMBlockMapView.aspx
IN-KA-KALABURAGI-YADRAMI,water.households_connected,20216,households,2026,"Jal Jeevan Mission (DDWS, Ministry of Jal Shakti)",https://ejalshakti.gov.in/jjmreport/JJMBlockMapView.aspx
IN-KA-KALABURAGI-YADRAMI,water.households_connected_2019,2909,households,2019,"Jal Jeevan Mission (DDWS, Ministry of Jal Shakti)",https://ejalshakti.gov.in/jjmreport/JJMBlockMapView.aspx
IN-KA-KALABURAGI-YADRAMI,water.piped_household_pct,82.67,percent,2026,"Jal Jeevan Mission (DDWS, Ministry of Jal Shakti)",https://ejalshakti.gov.in/jjmreport/JJMBlockMapView.aspx
IN-KA-KALABURAGI-YADRAMI,water.piped_household_pct_2019,11.90,percent,2019,"Jal Jeevan Mission (DDWS, Ministry of Jal Shakti)",https://ejalshakti.gov.in/jjmreport/JJMBlockMapView.aspx
IN-KA-KALABURAGI-KALAGI,demography.rural_households,29981,households,2026,"Jal Jeevan Mission (DDWS, Ministry of Jal Shakti)",https://ejalshakti.gov.in/jjmreport/JJMBlockMapView.aspx
IN-KA-KALABURAGI-KALAGI,water.households_connected,23295,households,2026,"Jal Jeevan Mission (DDWS, Ministry of Jal Shakti)",https://ejalshakti.gov.in/jjmreport/JJMBlockMapView.aspx
IN-KA-KALABURAGI-KALAGI,water.households_connected_2019,3359,households,2019,"Jal Jeevan Mission (DDWS, Ministry of Jal Shakti)",https://ejalshakti.gov.in/jjmreport/JJMBlockMapView.aspx
IN-KA-KALABURAGI-KALAGI,water.piped_household_pct,77.70,percent,2026,"Jal Jeevan Mission (DDWS, Ministry of Jal Shakti)",https://ejalshakti.gov.in/jjmreport/JJMBlockMapView.aspx
IN-KA-KALABURAGI-KALAGI,water.piped_household_pct_2019,11.20,percent,2019,"Jal Jeevan Mission (DDWS, Ministry of Jal Shakti)",https://ejalshakti.gov.in/jjmreport/JJMBlockMapView.aspx
IN-KA-KALABURAGI-KAMALAPUR,demography.rural_households,32923,households,2026,"Jal Jeevan Mission (DDWS, Ministry of Jal Shakti)",https://ejalshakti.gov.in/jjmreport/JJMBlockMapView.aspx
IN-KA-KALABURAGI-KAMALAPUR,water.households_connected,25244,households,2026,"Jal Jeevan Mission (DDWS, Ministry of Jal Shakti)",https://ejalshakti.gov.in/jjmreport/JJMBlockMapView.aspx
IN-KA-KALABURAGI-KAMALAPUR,water.households_connected_2019,3549,households,2019,"Jal Jeevan Mission (DDWS, Ministry of Jal Shakti)",https://ejalshakti.gov.in/jjmreport/JJMBlockMapView.aspx
IN-KA-KALABURAGI-KAMALAPUR,water.piped_household_pct,76.68,percent,2026,"Jal Jeevan Mission (DDWS, Ministry of Jal Shakti)",https://ejalshakti.gov.in/jjmreport/JJMBlockMapView.aspx
IN-KA-KALABURAGI-KAMALAPUR,water.piped_household_pct_2019,10.78,percent,2019,"Jal Jeevan Mission (DDWS, Ministry of Jal Shakti)",https://ejalshakti.gov.in/jjmreport/JJMBlockMapView.aspx
IN-KA-KALABURAGI-ALAND,demography.rural_households,74819,households,2026,"Jal Jeevan Mission (DDWS, Ministry of Jal Shakti)",https://ejalshakti.gov.in/jjmreport/JJMBlockMapView.aspx
IN-KA-KALABURAGI-ALAND,water.households_connected,56450,households,2026,"Jal Jeevan Mission (DDWS, Ministry of Jal Shakti)",https://ejalshakti.gov.in/jjmreport/JJMBlockMapView.aspx
IN-KA-KALABURAGI-ALAND,water.households_connected_2019,11851,households,2019,"Jal Jeevan Mission (DDWS, Ministry of Jal Shakti)",https://ejalshakti.gov.in/jjmreport/JJMBlockMapView.aspx
IN-KA-KALABURAGI-ALAND,water.piped_household_pct,75.45,percent,2026,"Jal Jeevan Mission (DDWS, Ministry of Jal Shakti)",https://ejalshakti.gov.in/jjmreport/JJMBlockMapView.aspx
IN-KA-KALABURAGI-ALAND,water.piped_household_pct_2019,15.84,percent,2019,"Jal Jeevan Mission (DDWS, Ministry of Jal Shakti)",https://ejalshakti.gov.in/jjmreport/JJMBlockMapView.aspx
IN-KA-KALABURAGI-SEDAM,demography.rural_households,51190,households,2026,"Jal Jeevan Mission (DDWS, Ministry of Jal Shakti)",https://ejalshakti.gov.in/jjmreport/JJMBlockMapView.aspx
IN-KA-KALABURAGI-SEDAM,water.households_connected,38435,households,2026,"Jal Jeevan Mission (DDWS, Ministry of Jal Shakti)",https://ejalshakti.gov.in/jjmreport/JJMBlockMapView.aspx
IN-KA-KALABURAGI-SEDAM,water.households_connected_2019,10228,households,2019,"Jal Jeevan Mission (DDWS, Ministry of Jal Shakti)",https://ejalshakti.gov.in/jjmreport/JJMBlockMapView.aspx
IN-KA-KALABURAGI-SEDAM,water.piped_household_pct,75.08,percent,2026,"Jal Jeevan Mission (DDWS, Ministry of Jal Shakti)",https://ejalshakti.gov.in/jjmreport/JJMBlockMapView.aspx
IN-KA-KALABURAGI-SEDAM,water.piped_household_pct_2019,19.98,percent,2019,"Jal Jeevan Mission (DDWS, Ministry of Jal Shakti)",https://ejalshakti.gov.in/jjmreport/JJMBlockMapView.aspx
IN-KA-KALABURAGI-CHINCHOLI,demography.rural_households,54027,households,2026,"Jal Jeevan Mission (DDWS, Ministry of Jal Shakti)",https://ejalshakti.gov.in/jjmreport/JJMBlockMapView.aspx
IN-KA-KALABURAGI-CHINCHOLI,water.households_connected,37263,households,2026,"Jal Jeevan Mission (DDWS, Ministry of Jal Shakti)",https://ejalshakti.gov.in/jjmreport/JJMBlockMapView.aspx
IN-KA-KALABURAGI-CHINCHOLI,water.households_connected_2019,4994,households,2019,"Jal Jeevan Mission (DDWS, Ministry of Jal Shakti)",https://ejalshakti.gov.in/jjmreport/JJMBlockMapView.aspx
IN-KA-KALABURAGI-CHINCHOLI,water.piped_household_pct,68.97,percent,2026,"Jal Jeevan Mission (DDWS, Ministry of Jal Shakti)",https://ejalshakti.gov.in/jjmreport/JJMBlockMapView.aspx
IN-KA-KALABURAGI-CHINCHOLI,water.piped_household_pct_2019,9.24,percent,2019,"Jal Jeevan Mission (DDWS, Ministry of Jal Shakti)",https://ejalshakti.gov.in/jjmreport/JJMBlockMapView.aspx
IN-KA-YADGIR,demography.rural_households,232530,households,2026,"Jal Jeevan Mission (DDWS, Ministry of Jal Shakti)",https://ejalshakti.gov.in/jjmreport/JJMBlockMapView.aspx
IN-KA-YADGIR,water.households_connected,213480,households,2026,"Jal Jeevan Mission (DDWS, Ministry of Jal Shakti)",https://ejalshakti.gov.in/jjmreport/JJMBlockMapView.aspx
IN-KA-YADGIR,water.piped_household_pct,91.81,percent,2026,"Jal Jeevan Mission (DDWS, Ministry of Jal Shakti)",https://ejalshakti.gov.in/jjmreport/JJMBlockMapView.aspx
IN-KA-YADGIR-WADAGERA,demography.rural_households,26602,households,2026,"Jal Jeevan Mission (DDWS, Ministry of Jal Shakti)",https://ejalshakti.gov.in/jjmreport/JJMBlockMapView.aspx
IN-KA-YADGIR-WADAGERA,water.households_connected,26511,households,2026,"Jal Jeevan Mission (DDWS, Ministry of Jal Shakti)",https://ejalshakti.gov.in/jjmreport/JJMBlockMapView.aspx
IN-KA-YADGIR-WADAGERA,water.households_connected_2019,2988,households,2019,"Jal Jeevan Mission (DDWS, Ministry of Jal Shakti)",https://ejalshakti.gov.in/jjmreport/JJMBlockMapView.aspx
IN-KA-YADGIR-WADAGERA,water.piped_household_pct,99.66,percent,2026,"Jal Jeevan Mission (DDWS, Ministry of Jal Shakti)",https://ejalshakti.gov.in/jjmreport/JJMBlockMapView.aspx
IN-KA-YADGIR-WADAGERA,water.piped_household_pct_2019,11.23,percent,2019,"Jal Jeevan Mission (DDWS, Ministry of Jal Shakti)",https://ejalshakti.gov.in/jjmreport/JJMBlockMapView.aspx
IN-KA-YADGIR-GURUMITKAL,demography.rural_households,31099,households,2026,"Jal Jeevan Mission (DDWS, Ministry of Jal Shakti)",https://ejalshakti.gov.in/jjmreport/JJMBlockMapView.aspx
IN-KA-YADGIR-GURUMITKAL,water.households_connected,30935,households,2026,"Jal Jeevan Mission (DDWS, Ministry of Jal Shakti)",https://ejalshakti.gov.in/jjmreport/JJMBlockMapView.aspx
IN-KA-YADGIR-GURUMITKAL,water.households_connected_2019,5489,households,2019,"Jal Jeevan Mission (DDWS, Ministry of Jal Shakti)",https://ejalshakti.gov.in/jjmreport/JJMBlockMapView.aspx
IN-KA-YADGIR-GURUMITKAL,water.piped_household_pct,99.47,percent,2026,"Jal Jeevan Mission (DDWS, Ministry of Jal Shakti)",https://ejalshakti.gov.in/jjmreport/JJMBlockMapView.aspx
IN-KA-YADGIR-GURUMITKAL,water.piped_household_pct_2019,17.65,percent,2019,"Jal Jeevan Mission (DDWS, Ministry of Jal Shakti)",https://ejalshakti.gov.in/jjmreport/JJMBlockMapView.aspx
IN-KA-YADGIR-SHORAPUR,demography.rural_households,42157,households,2026,"Jal Jeevan Mission (DDWS, Ministry of Jal Shakti)",https://ejalshakti.gov.in/jjmreport/JJMBlockMapView.aspx
IN-KA-YADGIR-SHORAPUR,water.households_connected,39969,households,2026,"Jal Jeevan Mission (DDWS, Ministry of Jal Shakti)",https://ejalshakti.gov.in/jjmreport/JJMBlockMapView.aspx
IN-KA-YADGIR-SHORAPUR,water.households_connected_2019,4659,households,2019,"Jal Jeevan Mission (DDWS, Ministry of Jal Shakti)",https://ejalshakti.gov.in/jjmreport/JJMBlockMapView.aspx
IN-KA-YADGIR-SHORAPUR,water.piped_household_pct,94.81,percent,2026,"Jal Jeevan Mission (DDWS, Ministry of Jal Shakti)",https://ejalshakti.gov.in/jjmreport/JJMBlockMapView.aspx
IN-KA-YADGIR-SHORAPUR,water.piped_household_pct_2019,11.05,percent,2019,"Jal Jeevan Mission (DDWS, Ministry of Jal Shakti)",https://ejalshakti.gov.in/jjmreport/JJMBlockMapView.aspx
IN-KA-YADGIR-SHAHAPUR,demography.rural_households,46472,households,2026,"Jal Jeevan Mission (DDWS, Ministry of Jal Shakti)",https://ejalshakti.gov.in/jjmreport/JJMBlockMapView.aspx
IN-KA-YADGIR-SHAHAPUR,water.households_connected,43375,households,2026,"Jal Jeevan Mission (DDWS, Ministry of Jal Shakti)",https://ejalshakti.gov.in/jjmreport/JJMBlockMapView.aspx
IN-KA-YADGIR-SHAHAPUR,water.households_connected_2019,5159,households,2019,"Jal Jeevan Mission (DDWS, Ministry of Jal Shakti)",https://ejalshakti.gov.in/jjmreport/JJMBlockMapView.aspx
IN-KA-YADGIR-SHAHAPUR,water.piped_household_pct,93.34,percent,2026,"Jal Jeevan Mission (DDWS, Ministry of Jal Shakti)",https://ejalshakti.gov.in/jjmreport/JJMBlockMapView.aspx
IN-KA-YADGIR-SHAHAPUR,water.piped_household_pct_2019,11.10,percent,2019,"Jal Jeevan Mission (DDWS, Ministry of Jal Shakti)",https://ejalshakti.gov.in/jjmreport/JJMBlockMapView.aspx
IN-KA-YADGIR-YADGIR,demography.rural_households,46011,households,2026,"Jal Jeevan Mission (DDWS, Ministry of Jal Shakti)",https://ejalshakti.gov.in/jjmreport/JJMBlockMapView.aspx
IN-KA-YADGIR-YADGIR,water.households_connected,41288,households,2026,"Jal Jeevan Mission (DDWS, Ministry of Jal Shakti)",https://ejalshakti.gov.in/jjmreport/JJMBlockMapView.aspx
IN-KA-YADGIR-YADGIR,water.households_connected_2019,6929,households,2019,"Jal Jeevan Mission (DDWS, Ministry of Jal Shakti)",https://ejalshakti.gov.in/jjmreport/JJMBlockMapView.aspx
IN-KA-YADGIR-YADGIR,water.piped_household_pct,89.74,percent,2026,"Jal Jeevan Mission (DDWS, Ministry of Jal Shakti)",https://ejalshakti.gov.in/jjmreport/JJMBlockMapView.aspx
IN-KA-YADGIR-YADGIR,water.piped_household_pct_2019,15.06,percent,2019,"Jal Jeevan Mission (DDWS, Ministry of Jal Shakti)",https://ejalshakti.gov.in/jjmreport/JJMBlockMapView.aspx
IN-KA-YADGIR-HUNASAGI,demography.rural_households,40189,households,2026,"Jal Jeevan Mission (DDWS, Ministry of Jal Shakti)",https://ejalshakti.gov.in/jjmreport/JJMBlockMapView.aspx
IN-KA-YADGIR-HUNASAGI,water.households_connected,31402,households,2026,"Jal Jeevan Mission (DDWS, Ministry of Jal Shakti)",https://ejalshakti.gov.in/jjmreport/JJMBlockMapView.aspx
IN-KA-YADGIR-HUNASAGI,water.households_connected_2019,3112,households,2019,"Jal Jeevan Mission (DDWS, Ministry of Jal Shakti)",https://ejalshakti.gov.in/jjmreport/JJMBlockMapView.aspx
IN-KA-YADGIR-HUNASAGI,water.piped_household_pct,78.14,percent,2026,"Jal Jeevan Mission (DDWS, Ministry of Jal Shakti)",https://ejalshakti.gov.in/jjmreport/JJMBlockMapView.aspx
IN-KA-YADGIR-HUNASAGI,water.piped_household_pct_2019,7.74,percent,2019,"Jal Jeevan Mission (DDWS, Ministry of Jal Shakti)",https://ejalshakti.gov.in/jjmreport/JJMBlockMapView.aspx
IN-KA-KOLAR,demography.rural_households,272456,households,2026,"Jal Jeevan Mission (DDWS, Ministry of Jal Shakti)",https://ejalshakti.gov.in/jjmreport/JJMBlockMapView.aspx
IN-KA-KOLAR,water.households_connected,213943,households,2026,"Jal Jeevan Mission (DDWS, Ministry of Jal Shakti)",https://ejalshakti.gov.in/jjmreport/JJMBlockMapView.aspx
IN-KA-KOLAR,water.piped_household_pct,78.52,percent,2026,"Jal Jeevan Mission (DDWS, Ministry of Jal Shakti)",https://ejalshakti.gov.in/jjmreport/JJMBlockMapView.aspx
IN-KA-KOLAR-K-G-F,demography.rural_households,29398,households,2026,"Jal Jeevan Mission (DDWS, Ministry of Jal Shakti)",https://ejalshakti.gov.in/jjmreport/JJMBlockMapView.aspx
IN-KA-KOLAR-K-G-F,water.households_connected,24718,households,2026,"Jal Jeevan Mission (DDWS, Ministry of Jal Shakti)",https://ejalshakti.gov.in/jjmreport/JJMBlockMapView.aspx
IN-KA-KOLAR-K-G-F,water.households_connected_2019,5256,households,2019,"Jal Jeevan Mission (DDWS, Ministry of Jal Shakti)",https://ejalshakti.gov.in/jjmreport/JJMBlockMapView.aspx
IN-KA-KOLAR-K-G-F,water.piped_household_pct,84.08,percent,2026,"Jal Jeevan Mission (DDWS, Ministry of Jal Shakti)",https://ejalshakti.gov.in/jjmreport/JJMBlockMapView.aspx
IN-KA-KOLAR-K-G-F,water.piped_household_pct_2019,17.88,percent,2019,"Jal Jeevan Mission (DDWS, Ministry of Jal Shakti)",https://ejalshakti.gov.in/jjmreport/JJMBlockMapView.aspx
IN-KA-KOLAR-MULBAGAL,demography.rural_households,51045,households,2026,"Jal Jeevan Mission (DDWS, Ministry of Jal Shakti)",https://ejalshakti.gov.in/jjmreport/JJMBlockMapView.aspx
IN-KA-KOLAR-MULBAGAL,water.households_connected,41529,households,2026,"Jal Jeevan Mission (DDWS, Ministry of Jal Shakti)",https://ejalshakti.gov.in/jjmreport/JJMBlockMapView.aspx
IN-KA-KOLAR-MULBAGAL,water.households_connected_2019,8793,households,2019,"Jal Jeevan Mission (DDWS, Ministry of Jal Shakti)",https://ejalshakti.gov.in/jjmreport/JJMBlockMapView.aspx
IN-KA-KOLAR-MULBAGAL,water.piped_household_pct,81.36,percent,2026,"Jal Jeevan Mission (DDWS, Ministry of Jal Shakti)",https://ejalshakti.gov.in/jjmreport/JJMBlockMapView.aspx
IN-KA-KOLAR-MULBAGAL,water.piped_household_pct_2019,17.23,percent,2019,"Jal Jeevan Mission (DDWS, Ministry of Jal Shakti)",https://ejalshakti.gov.in/jjmreport/JJMBlockMapView.aspx
IN-KA-KOLAR-KOLAR,demography.rural_households,62504,households,2026,"Jal Jeevan Mission (DDWS, Ministry of Jal Shakti)",https://ejalshakti.gov.in/jjmreport/JJMBlockMapView.aspx
IN-KA-KOLAR-KOLAR,water.households_connected,49480,households,2026,"Jal Jeevan Mission (DDWS, Ministry of Jal Shakti)",https://ejalshakti.gov.in/jjmreport/JJMBlockMapView.aspx
IN-KA-KOLAR-KOLAR,water.households_connected_2019,17346,households,2019,"Jal Jeevan Mission (DDWS, Ministry of Jal Shakti)",https://ejalshakti.gov.in/jjmreport/JJMBlockMapView.aspx
IN-KA-KOLAR-KOLAR,water.piped_household_pct,79.16,percent,2026,"Jal Jeevan Mission (DDWS, Ministry of Jal Shakti)",https://ejalshakti.gov.in/jjmreport/JJMBlockMapView.aspx
IN-KA-KOLAR-KOLAR,water.piped_household_pct_2019,27.75,percent,2019,"Jal Jeevan Mission (DDWS, Ministry of Jal Shakti)",https://ejalshakti.gov.in/jjmreport/JJMBlockMapView.aspx
IN-KA-KOLAR-SRINIVASPUR,demography.rural_households,42189,households,2026,"Jal Jeevan Mission (DDWS, Ministry of Jal Shakti)",https://ejalshakti.gov.in/jjmreport/JJMBlockMapView.aspx
IN-KA-KOLAR-SRINIVASPUR,water.households_connected,33136,households,2026,"Jal Jeevan Mission (DDWS, Ministry of Jal Shakti)",https://ejalshakti.gov.in/jjmreport/JJMBlockMapView.aspx
IN-KA-KOLAR-SRINIVASPUR,water.households_connected_2019,15144,households,2019,"Jal Jeevan Mission (DDWS, Ministry of Jal Shakti)",https://ejalshakti.gov.in/jjmreport/JJMBlockMapView.aspx
IN-KA-KOLAR-SRINIVASPUR,water.piped_household_pct,78.54,percent,2026,"Jal Jeevan Mission (DDWS, Ministry of Jal Shakti)",https://ejalshakti.gov.in/jjmreport/JJMBlockMapView.aspx
IN-KA-KOLAR-SRINIVASPUR,water.piped_household_pct_2019,35.90,percent,2019,"Jal Jeevan Mission (DDWS, Ministry of Jal Shakti)",https://ejalshakti.gov.in/jjmreport/JJMBlockMapView.aspx
IN-KA-KOLAR-BANGARAPET,demography.rural_households,38491,households,2026,"Jal Jeevan Mission (DDWS, Ministry of Jal Shakti)",https://ejalshakti.gov.in/jjmreport/JJMBlockMapView.aspx
IN-KA-KOLAR-BANGARAPET,water.households_connected,28769,households,2026,"Jal Jeevan Mission (DDWS, Ministry of Jal Shakti)",https://ejalshakti.gov.in/jjmreport/JJMBlockMapView.aspx
IN-KA-KOLAR-BANGARAPET,water.households_connected_2019,6220,households,2019,"Jal Jeevan Mission (DDWS, Ministry of Jal Shakti)",https://ejalshakti.gov.in/jjmreport/JJMBlockMapView.aspx
IN-KA-KOLAR-BANGARAPET,water.piped_household_pct,74.74,percent,2026,"Jal Jeevan Mission (DDWS, Ministry of Jal Shakti)",https://ejalshakti.gov.in/jjmreport/JJMBlockMapView.aspx
IN-KA-KOLAR-BANGARAPET,water.piped_household_pct_2019,16.16,percent,2019,"Jal Jeevan Mission (DDWS, Ministry of Jal Shakti)",https://ejalshakti.gov.in/jjmreport/JJMBlockMapView.aspx
IN-KA-KOLAR-MALUR,demography.rural_households,48829,households,2026,"Jal Jeevan Mission (DDWS, Ministry of Jal Shakti)",https://ejalshakti.gov.in/jjmreport/JJMBlockMapView.aspx
IN-KA-KOLAR-MALUR,water.households_connected,36311,households,2026,"Jal Jeevan Mission (DDWS, Ministry of Jal Shakti)",https://ejalshakti.gov.in/jjmreport/JJMBlockMapView.aspx
IN-KA-KOLAR-MALUR,water.households_connected_2019,7758,households,2019,"Jal Jeevan Mission (DDWS, Ministry of Jal Shakti)",https://ejalshakti.gov.in/jjmreport/JJMBlockMapView.aspx
IN-KA-KOLAR-MALUR,water.piped_household_pct,74.36,percent,2026,"Jal Jeevan Mission (DDWS, Ministry of Jal Shakti)",https://ejalshakti.gov.in/jjmreport/JJMBlockMapView.aspx
IN-KA-KOLAR-MALUR,water.piped_household_pct_2019,15.89,percent,2019,"Jal Jeevan Mission (DDWS, Ministry of Jal Shakti)",https://ejalshakti.gov.in/jjmreport/JJMBlockMapView.aspx
IN-KA-CHIKKABALLAPURA,demography.rural_households,247536,households,2026,"Jal Jeevan Mission (DDWS, Ministry of Jal Shakti)",https://ejalshakti.gov.in/jjmreport/JJMBlockMapView.aspx
IN-KA-CHIKKABALLAPURA,water.households_connected,220799,households,2026,"Jal Jeevan Mission (DDWS, Ministry of Jal Shakti)",https://ejalshakti.gov.in/jjmreport/JJMBlockMapView.aspx
IN-KA-CHIKKABALLAPURA,water.piped_household_pct,89.20,percent,2026,"Jal Jeevan Mission (DDWS, Ministry of Jal Shakti)",https://ejalshakti.gov.in/jjmreport/JJMBlockMapView.aspx
IN-KA-CHIKKABALLAPURA-GAURIBIDANUR,demography.rural_households,61903,households,2026,"Jal Jeevan Mission (DDWS, Ministry of Jal Shakti)",https://ejalshakti.gov.in/jjmreport/JJMBlockMapView.aspx
IN-KA-CHIKKABALLAPURA-GAURIBIDANUR,water.households_connected,59392,households,2026,"Jal Jeevan Mission (DDWS, Ministry of Jal Shakti)",https://ejalshakti.gov.in/jjmreport/JJMBlockMapView.aspx
IN-KA-CHIKKABALLAPURA-GAURIBIDANUR,water.households_connected_2019,17343,households,2019,"Jal Jeevan Mission (DDWS, Ministry of Jal Shakti)",https://ejalshakti.gov.in/jjmreport/JJMBlockMapView.aspx
IN-KA-CHIKKABALLAPURA-GAURIBIDANUR,water.piped_household_pct,95.94,percent,2026,"Jal Jeevan Mission (DDWS, Ministry of Jal Shakti)",https://ejalshakti.gov.in/jjmreport/JJMBlockMapView.aspx
IN-KA-CHIKKABALLAPURA-GAURIBIDANUR,water.piped_household_pct_2019,28.02,percent,2019,"Jal Jeevan Mission (DDWS, Ministry of Jal Shakti)",https://ejalshakti.gov.in/jjmreport/JJMBlockMapView.aspx
IN-KA-CHIKKABALLAPURA-BAGEPALLI,demography.rural_households,43025,households,2026,"Jal Jeevan Mission (DDWS, Ministry of Jal Shakti)",https://ejalshakti.gov.in/jjmreport/JJMBlockMapView.aspx
IN-KA-CHIKKABALLAPURA-BAGEPALLI,water.households_connected,40357,households,2026,"Jal Jeevan Mission (DDWS, Ministry of Jal Shakti)",https://ejalshakti.gov.in/jjmreport/JJMBlockMapView.aspx
IN-KA-CHIKKABALLAPURA-BAGEPALLI,water.households_connected_2019,11463,households,2019,"Jal Jeevan Mission (DDWS, Ministry of Jal Shakti)",https://ejalshakti.gov.in/jjmreport/JJMBlockMapView.aspx
IN-KA-CHIKKABALLAPURA-BAGEPALLI,water.piped_household_pct,93.80,percent,2026,"Jal Jeevan Mission (DDWS, Ministry of Jal Shakti)",https://ejalshakti.gov.in/jjmreport/JJMBlockMapView.aspx
IN-KA-CHIKKABALLAPURA-BAGEPALLI,water.piped_household_pct_2019,26.64,percent,2019,"Jal Jeevan Mission (DDWS, Ministry of Jal Shakti)",https://ejalshakti.gov.in/jjmreport/JJMBlockMapView.aspx
IN-KA-CHIKKABALLAPURA-GUDIBANDA,demography.rural_households,12527,households,2026,"Jal Jeevan Mission (DDWS, Ministry of Jal Shakti)",https://ejalshakti.gov.in/jjmreport/JJMBlockMapView.aspx
IN-KA-CHIKKABALLAPURA-GUDIBANDA,water.households_connected,11360,households,2026,"Jal Jeevan Mission (DDWS, Ministry of Jal Shakti)",https://ejalshakti.gov.in/jjmreport/JJMBlockMapView.aspx
IN-KA-CHIKKABALLAPURA-GUDIBANDA,water.households_connected_2019,4349,households,2019,"Jal Jeevan Mission (DDWS, Ministry of Jal Shakti)",https://ejalshakti.gov.in/jjmreport/JJMBlockMapView.aspx
IN-KA-CHIKKABALLAPURA-GUDIBANDA,water.piped_household_pct,90.68,percent,2026,"Jal Jeevan Mission (DDWS, Ministry of Jal Shakti)",https://ejalshakti.gov.in/jjmreport/JJMBlockMapView.aspx
IN-KA-CHIKKABALLAPURA-GUDIBANDA,water.piped_household_pct_2019,34.72,percent,2019,"Jal Jeevan Mission (DDWS, Ministry of Jal Shakti)",https://ejalshakti.gov.in/jjmreport/JJMBlockMapView.aspx
IN-KA-CHIKKABALLAPURA-CHINTAMANI,demography.rural_households,55044,households,2026,"Jal Jeevan Mission (DDWS, Ministry of Jal Shakti)",https://ejalshakti.gov.in/jjmreport/JJMBlockMapView.aspx
IN-KA-CHIKKABALLAPURA-CHINTAMANI,water.households_connected,49621,households,2026,"Jal Jeevan Mission (DDWS, Ministry of Jal Shakti)",https://ejalshakti.gov.in/jjmreport/JJMBlockMapView.aspx
IN-KA-CHIKKABALLAPURA-CHINTAMANI,water.households_connected_2019,5023,households,2019,"Jal Jeevan Mission (DDWS, Ministry of Jal Shakti)",https://ejalshakti.gov.in/jjmreport/JJMBlockMapView.aspx
IN-KA-CHIKKABALLAPURA-CHINTAMANI,water.piped_household_pct,90.15,percent,2026,"Jal Jeevan Mission (DDWS, Ministry of Jal Shakti)",https://ejalshakti.gov.in/jjmreport/JJMBlockMapView.aspx
IN-KA-CHIKKABALLAPURA-CHINTAMANI,water.piped_household_pct_2019,9.13,percent,2019,"Jal Jeevan Mission (DDWS, Ministry of Jal Shakti)",https://ejalshakti.gov.in/jjmreport/JJMBlockMapView.aspx
IN-KA-CHIKKABALLAPURA-CHIKBALLAPUR,demography.rural_households,36234,households,2026,"Jal Jeevan Mission (DDWS, Ministry of Jal Shakti)",https://ejalshakti.gov.in/jjmreport/JJMBlockMapView.aspx
IN-KA-CHIKKABALLAPURA-CHIKBALLAPUR,water.households_connected,29222,households,2026,"Jal Jeevan Mission (DDWS, Ministry of Jal Shakti)",https://ejalshakti.gov.in/jjmreport/JJMBlockMapView.aspx
IN-KA-CHIKKABALLAPURA-CHIKBALLAPUR,water.households_connected_2019,6217,households,2019,"Jal Jeevan Mission (DDWS, Ministry of Jal Shakti)",https://ejalshakti.gov.in/jjmreport/JJMBlockMapView.aspx
IN-KA-CHIKKABALLAPURA-CHIKBALLAPUR,water.piped_household_pct,80.65,percent,2026,"Jal Jeevan Mission (DDWS, Ministry of Jal Shakti)",https://ejalshakti.gov.in/jjmreport/JJMBlockMapView.aspx
IN-KA-CHIKKABALLAPURA-CHIKBALLAPUR,water.piped_household_pct_2019,17.16,percent,2019,"Jal Jeevan Mission (DDWS, Ministry of Jal Shakti)",https://ejalshakti.gov.in/jjmreport/JJMBlockMapView.aspx
IN-KA-CHIKKABALLAPURA-SIDLAGHATTA,demography.rural_households,38803,households,2026,"Jal Jeevan Mission (DDWS, Ministry of Jal Shakti)",https://ejalshakti.gov.in/jjmreport/JJMBlockMapView.aspx
IN-KA-CHIKKABALLAPURA-SIDLAGHATTA,water.households_connected,30847,households,2026,"Jal Jeevan Mission (DDWS, Ministry of Jal Shakti)",https://ejalshakti.gov.in/jjmreport/JJMBlockMapView.aspx
IN-KA-CHIKKABALLAPURA-SIDLAGHATTA,water.households_connected_2019,1330,households,2019,"Jal Jeevan Mission (DDWS, Ministry of Jal Shakti)",https://ejalshakti.gov.in/jjmreport/JJMBlockMapView.aspx
IN-KA-CHIKKABALLAPURA-SIDLAGHATTA,water.piped_household_pct,79.50,percent,2026,"Jal Jeevan Mission (DDWS, Ministry of Jal Shakti)",https://ejalshakti.gov.in/jjmreport/JJMBlockMapView.aspx
IN-KA-CHIKKABALLAPURA-SIDLAGHATTA,water.piped_household_pct_2019,3.43,percent,2019,"Jal Jeevan Mission (DDWS, Ministry of Jal Shakti)",https://ejalshakti.gov.in/jjmreport/JJMBlockMapView.aspx
IN-KA-BENGALURU-RURAL,demography.rural_households,208818,households,2026,"Jal Jeevan Mission (DDWS, Ministry of Jal Shakti)",https://ejalshakti.gov.in/jjmreport/JJMBlockMapView.aspx
IN-KA-BENGALURU-RURAL,water.households_connected,184658,households,2026,"Jal Jeevan Mission (DDWS, Ministry of Jal Shakti)",https://ejalshakti.gov.in/jjmreport/JJMBlockMapView.aspx
IN-KA-BENGALURU-RURAL,water.piped_household_pct,88.43,percent,2026,"Jal Jeevan Mission (DDWS, Ministry of Jal Shakti)",https://ejalshakti.gov.in/jjmreport/JJMBlockMapView.aspx
IN-KA-BENGALURU-RURAL-DEVANHALLI,demography.rural_households,38106,households,2026,"Jal Jeevan Mission (DDWS, Ministry of Jal Shakti)",https://ejalshakti.gov.in/jjmreport/JJMBlockMapView.aspx
IN-KA-BENGALURU-RURAL-DEVANHALLI,water.households_connected,37765,households,2026,"Jal Jeevan Mission (DDWS, Ministry of Jal Shakti)",https://ejalshakti.gov.in/jjmreport/JJMBlockMapView.aspx
IN-KA-BENGALURU-RURAL-DEVANHALLI,water.households_connected_2019,7201,households,2019,"Jal Jeevan Mission (DDWS, Ministry of Jal Shakti)",https://ejalshakti.gov.in/jjmreport/JJMBlockMapView.aspx
IN-KA-BENGALURU-RURAL-DEVANHALLI,water.piped_household_pct,99.11,percent,2026,"Jal Jeevan Mission (DDWS, Ministry of Jal Shakti)",https://ejalshakti.gov.in/jjmreport/JJMBlockMapView.aspx
IN-KA-BENGALURU-RURAL-DEVANHALLI,water.piped_household_pct_2019,18.90,percent,2019,"Jal Jeevan Mission (DDWS, Ministry of Jal Shakti)",https://ejalshakti.gov.in/jjmreport/JJMBlockMapView.aspx
IN-KA-BENGALURU-RURAL-DODBALLAPUR,demography.rural_households,62347,households,2026,"Jal Jeevan Mission (DDWS, Ministry of Jal Shakti)",https://ejalshakti.gov.in/jjmreport/JJMBlockMapView.aspx
IN-KA-BENGALURU-RURAL-DODBALLAPUR,water.households_connected,55152,households,2026,"Jal Jeevan Mission (DDWS, Ministry of Jal Shakti)",https://ejalshakti.gov.in/jjmreport/JJMBlockMapView.aspx
IN-KA-BENGALURU-RURAL-DODBALLAPUR,water.households_connected_2019,7669,households,2019,"Jal Jeevan Mission (DDWS, Ministry of Jal Shakti)",https://ejalshakti.gov.in/jjmreport/JJMBlockMapView.aspx
IN-KA-BENGALURU-RURAL-DODBALLAPUR,water.piped_household_pct,88.46,percent,2026,"Jal Jeevan Mission (DDWS, Ministry of Jal Shakti)",https://ejalshakti.gov.in/jjmreport/JJMBlockMapView.aspx
IN-KA-BENGALURU-RURAL-DODBALLAPUR,water.piped_household_pct_2019,12.30,percent,2019,"Jal Jeevan Mission (DDWS, Ministry of Jal Shakti)",https://ejalshakti.gov.in/jjmreport/JJMBlockMapView.aspx
IN-KA-BENGALURU-RURAL-NELAMANGALA,demography.rural_households,48088,households,2026,"Jal Jeevan Mission (DDWS, Ministry of Jal Shakti)",https://ejalshakti.gov.in/jjmreport/JJMBlockMapView.aspx
IN-KA-BENGALURU-RURAL-NELAMANGALA,water.households_connected,40839,households,2026,"Jal Jeevan Mission (DDWS, Ministry of Jal Shakti)",https://ejalshakti.gov.in/jjmreport/JJMBlockMapView.aspx
IN-KA-BENGALURU-RURAL-NELAMANGALA,water.households_connected_2019,3797,households,2019,"Jal Jeevan Mission (DDWS, Ministry of Jal Shakti)",https://ejalshakti.gov.in/jjmreport/JJMBlockMapView.aspx
IN-KA-BENGALURU-RURAL-NELAMANGALA,water.piped_household_pct,84.93,percent,2026,"Jal Jeevan Mission (DDWS, Ministry of Jal Shakti)",https://ejalshakti.gov.in/jjmreport/JJMBlockMapView.aspx
IN-KA-BENGALURU-RURAL-NELAMANGALA,water.piped_household_pct_2019,7.90,percent,2019,"Jal Jeevan Mission (DDWS, Ministry of Jal Shakti)",https://ejalshakti.gov.in/jjmreport/JJMBlockMapView.aspx
IN-KA-BENGALURU-RURAL-HOSKOTE,demography.rural_households,60277,households,2026,"Jal Jeevan Mission (DDWS, Ministry of Jal Shakti)",https://ejalshakti.gov.in/jjmreport/JJMBlockMapView.aspx
IN-KA-BENGALURU-RURAL-HOSKOTE,water.households_connected,50902,households,2026,"Jal Jeevan Mission (DDWS, Ministry of Jal Shakti)",https://ejalshakti.gov.in/jjmreport/JJMBlockMapView.aspx
IN-KA-BENGALURU-RURAL-HOSKOTE,water.households_connected_2019,13360,households,2019,"Jal Jeevan Mission (DDWS, Ministry of Jal Shakti)",https://ejalshakti.gov.in/jjmreport/JJMBlockMapView.aspx
IN-KA-BENGALURU-RURAL-HOSKOTE,water.piped_household_pct,84.45,percent,2026,"Jal Jeevan Mission (DDWS, Ministry of Jal Shakti)",https://ejalshakti.gov.in/jjmreport/JJMBlockMapView.aspx
IN-KA-BENGALURU-RURAL-HOSKOTE,water.piped_household_pct_2019,22.16,percent,2019,"Jal Jeevan Mission (DDWS, Ministry of Jal Shakti)",https://ejalshakti.gov.in/jjmreport/JJMBlockMapView.aspx
IN-KA-RAMANAGARA,demography.rural_households,231006,households,2026,"Jal Jeevan Mission (DDWS, Ministry of Jal Shakti)",https://ejalshakti.gov.in/jjmreport/JJMBlockMapView.aspx
IN-KA-RAMANAGARA,water.households_connected,213972,households,2026,"Jal Jeevan Mission (DDWS, Ministry of Jal Shakti)",https://ejalshakti.gov.in/jjmreport/JJMBlockMapView.aspx
IN-KA-RAMANAGARA,water.piped_household_pct,92.63,percent,2026,"Jal Jeevan Mission (DDWS, Ministry of Jal Shakti)",https://ejalshakti.gov.in/jjmreport/JJMBlockMapView.aspx
IN-KA-RAMANAGARA-CHANNAPATNA,demography.rural_households,52166,households,2026,"Jal Jeevan Mission (DDWS, Ministry of Jal Shakti)",https://ejalshakti.gov.in/jjmreport/JJMBlockMapView.aspx
IN-KA-RAMANAGARA-CHANNAPATNA,water.households_connected,51237,households,2026,"Jal Jeevan Mission (DDWS, Ministry of Jal Shakti)",https://ejalshakti.gov.in/jjmreport/JJMBlockMapView.aspx
IN-KA-RAMANAGARA-CHANNAPATNA,water.households_connected_2019,19140,households,2019,"Jal Jeevan Mission (DDWS, Ministry of Jal Shakti)",https://ejalshakti.gov.in/jjmreport/JJMBlockMapView.aspx
IN-KA-RAMANAGARA-CHANNAPATNA,water.piped_household_pct,98.22,percent,2026,"Jal Jeevan Mission (DDWS, Ministry of Jal Shakti)",https://ejalshakti.gov.in/jjmreport/JJMBlockMapView.aspx
IN-KA-RAMANAGARA-CHANNAPATNA,water.piped_household_pct_2019,36.69,percent,2019,"Jal Jeevan Mission (DDWS, Ministry of Jal Shakti)",https://ejalshakti.gov.in/jjmreport/JJMBlockMapView.aspx
IN-KA-RAMANAGARA-RAMANAGARA,demography.rural_households,41390,households,2026,"Jal Jeevan Mission (DDWS, Ministry of Jal Shakti)",https://ejalshakti.gov.in/jjmreport/JJMBlockMapView.aspx
IN-KA-RAMANAGARA-RAMANAGARA,water.households_connected,40586,households,2026,"Jal Jeevan Mission (DDWS, Ministry of Jal Shakti)",https://ejalshakti.gov.in/jjmreport/JJMBlockMapView.aspx
IN-KA-RAMANAGARA-RAMANAGARA,water.households_connected_2019,12328,households,2019,"Jal Jeevan Mission (DDWS, Ministry of Jal Shakti)",https://ejalshakti.gov.in/jjmreport/JJMBlockMapView.aspx
IN-KA-RAMANAGARA-RAMANAGARA,water.piped_household_pct,98.06,percent,2026,"Jal Jeevan Mission (DDWS, Ministry of Jal Shakti)",https://ejalshakti.gov.in/jjmreport/JJMBlockMapView.aspx
IN-KA-RAMANAGARA-RAMANAGARA,water.piped_household_pct_2019,29.79,percent,2019,"Jal Jeevan Mission (DDWS, Ministry of Jal Shakti)",https://ejalshakti.gov.in/jjmreport/JJMBlockMapView.aspx
IN-KA-RAMANAGARA-KANAKAPURA,demography.rural_households,88692,households,2026,"Jal Jeevan Mission (DDWS, Ministry of Jal Shakti)",https://ejalshakti.gov.in/jjmreport/JJMBlockMapView.aspx
IN-KA-RAMANAGARA-KANAKAPURA,water.households_connected,78864,households,2026,"Jal Jeevan Mission (DDWS, Ministry of Jal Shakti)",https://ejalshakti.gov.in/jjmreport/JJMBlockMapView.aspx
IN-KA-RAMANAGARA-KANAKAPURA,water.households_connected_2019,29422,households,2019,"Jal Jeevan Mission (DDWS, Ministry of Jal Shakti)",https://ejalshakti.gov.in/jjmreport/JJMBlockMapView.aspx
IN-KA-RAMANAGARA-KANAKAPURA,water.piped_household_pct,88.92,percent,2026,"Jal Jeevan Mission (DDWS, Ministry of Jal Shakti)",https://ejalshakti.gov.in/jjmreport/JJMBlockMapView.aspx
IN-KA-RAMANAGARA-KANAKAPURA,water.piped_household_pct_2019,33.17,percent,2019,"Jal Jeevan Mission (DDWS, Ministry of Jal Shakti)",https://ejalshakti.gov.in/jjmreport/JJMBlockMapView.aspx
IN-KA-RAMANAGARA-MAGADI,demography.rural_households,48758,households,2026,"Jal Jeevan Mission (DDWS, Ministry of Jal Shakti)",https://ejalshakti.gov.in/jjmreport/JJMBlockMapView.aspx
IN-KA-RAMANAGARA-MAGADI,water.households_connected,43285,households,2026,"Jal Jeevan Mission (DDWS, Ministry of Jal Shakti)",https://ejalshakti.gov.in/jjmreport/JJMBlockMapView.aspx
IN-KA-RAMANAGARA-MAGADI,water.households_connected_2019,9172,households,2019,"Jal Jeevan Mission (DDWS, Ministry of Jal Shakti)",https://ejalshakti.gov.in/jjmreport/JJMBlockMapView.aspx
IN-KA-RAMANAGARA-MAGADI,water.piped_household_pct,88.78,percent,2026,"Jal Jeevan Mission (DDWS, Ministry of Jal Shakti)",https://ejalshakti.gov.in/jjmreport/JJMBlockMapView.aspx
IN-KA-RAMANAGARA-MAGADI,water.piped_household_pct_2019,18.81,percent,2019,"Jal Jeevan Mission (DDWS, Ministry of Jal Shakti)",https://ejalshakti.gov.in/jjmreport/JJMBlockMapView.aspx
