"id","block_name","block_code","district_name","district_code","state_name","state_code"
0,"Achabal","1","Anantnag","1","Jammu and Kashmir","1"
1,"Breng","2","Anantnag","1","Jammu and Kashmir","1"
2,"Dachnipora","3","Anantnag","1","Jammu and Kashmir","1"
3,"Devsar","4","Kulgam","622","Jammu and Kashmir","1"
4,"D.h. Pora","5","Kulgam","622","Jammu and Kashmir","1"
5,"Khoveripora","6","Anantnag","1","Jammu and Kashmir","1"
6,"Kulgam","7","Kulgam","622","Jammu and Kashmir","1"
7,"Pahloo","8","Kulgam","622","Jammu and Kashmir","1"
8,"Qaimoh","9","Kulgam","622","Jammu and Kashmir","1"
9,"Shahabad","11","Anantnag","1","Jammu and Kashmir","1"
10,"Shangus","12","Anantnag","1","Jammu and Kashmir","1"
11,"B.k.pora","13","Budgam","2","Jammu and Kashmir","1"
12,"Badgam","14","Budgam","2","Jammu and Kashmir","1"
13,"Beerwah","15","Budgam","2","Jammu and Kashmir","1"
14,"Chadoora","16","Budgam","2","Jammu and Kashmir","1"
15,"Khag","17","Budgam","2","Jammu and Kashmir","1"
16,"Khan-sahib","18","Budgam","2","Jammu and Kashmir","1"
17,"Nagam","19","Budgam","2","Jammu and Kashmir","1"
18,"Narbal","20","Budgam","2","Jammu and Kashmir","1"
19,"Bandipora","21","Bandipora","623","Jammu and Kashmir","1"
20,"Baramulla","22","Baramulla","3","Jammu and Kashmir","1"
21,"Boniyar","23","Baramulla","3","Jammu and Kashmir","1"
22,"Gurez","24","Bandipora","623","Jammu and Kashmir","1"
23,"Hajin","25","Bandipora","623","Jammu and Kashmir","1"
24,"Kunzer","26","Baramulla","3","Jammu and Kashmir","1"
25,"Pattan","27","Baramulla","3","Jammu and Kashmir","1"
26,"Rafiabad","28","Baramulla","3","Jammu and Kashmir","1"
27,"Rohama","29","Baramulla","3","Jammu and Kashmir","1"
28,"Singhpora","30","Baramulla","3","Jammu and Kashmir","1"
29,"Sopore","31","Baramulla","3","Jammu and Kashmir","1"
30,"Sumbal","32","Bandipora","623","Jammu and Kashmir","1"
31,"Tangmarag","33","Baramulla","3","Jammu and Kashmir","1"
32,"Uri","34","Baramulla","3","Jammu and Kashmir","1"
33,"Wagoora","35","Baramulla","3","Jammu and Kashmir","1"
34,"Zaingeer","36","Baramulla","3","Jammu and Kashmir","1"
35,"Assar","37","Doda","4","Jammu and Kashmir","1"
36,"Banihal","38","Ramban","621","Jammu and Kashmir","1"
37,"Bhaderwah","39","Doda","4","Jammu and Kashmir","1"
38,"Bhagwah","40","Doda","4","Jammu and Kashmir","1"
39,"Bhalessa(gandoh)","41","Doda","4","Jammu and Kashmir","1"
40,"Dachhan","42","Kishtwar","620","Jammu and Kashmir","1"
41,"Doda","43","Doda","4","Jammu and Kashmir","1"
42,"Drabshalla","44","Kishtwar","620","Jammu and Kashmir","1"
43,"Gundana","45","Doda","4","Jammu and Kashmir","1"
44,"Inderwal","46","Kishtwar","620","Jammu and Kashmir","1"
45,"Kishtwar","47","Kishtwar","620","Jammu and Kashmir","1"
46,"Marmat","48","Doda","4","Jammu and Kashmir","1"
47,"Marwah","49","Kishtwar","620","Jammu and Kashmir","1"
48,"Nagseni","50","Kishtwar","620","Jammu and Kashmir","1"
49,"Padder","51","Kishtwar","620","Jammu and Kashmir","1"
50,"Ramban","52","Ramban","621","Jammu and Kashmir","1"
51,"Ramsoo","53","Ramban","621","Jammu and Kashmir","1"
52,"Thathri","54","Doda","4","Jammu and Kashmir","1"
53,"Warwan","55","Kishtwar","620","Jammu and Kashmir","1"
54,"Akhnoor","56","Jammu","5","Jammu and Kashmir","1"
55,"Bhalwal","57","Jammu","5","Jammu and Kashmir","1"
56,"Bishnah","58","Jammu","5","Jammu and Kashmir","1"
57,"Dansal","59","Jammu","5","Jammu and Kashmir","1"
58,"Khour","60","Jammu","5","Jammu and Kashmir","1"
59,"Marh","61","Jammu","5","Jammu and Kashmir","1"
60,"Purmandal","62","Samba","624","Jammu and Kashmir","1"
61,"R.s.pura","63","Jammu","5","Jammu and Kashmir","1"
62,"Samba","64","Samba","624","Jammu and Kashmir","1"
63,"Satwari","65","Jammu","5","Jammu and Kashmir","1"
64,"Vijaypur","66","Samba","624","Jammu and Kashmir","1"
65,"Drass","67","Kargil","6","Ladakh","37"
66,"Kargil","68","Kargil","6","Ladakh","37"
67,"Sankoo","69","Kargil","6","Ladakh","37"
68,"Shaker Chaktan","70","Kargil","6","Ladakh","37"
69,"Shargol","71","Kargil","6","Ladakh","37"
70,"Taisuru","72","Kargil","6","Ladakh","37"
71,"Zansker","73","Kargil","6","Ladakh","37"
72,"Bani","74","Kathua","7","Jammu and Kashmir","1"
73,"Barnoti","75","Kathua","7","Jammu and Kashmir","1"
74,"Basohli","76","Kathua","7","Jammu and Kashmir","1"
75,"Billawar","77","Kathua","7","Jammu and Kashmir","1"
76,"Duggan","78","Kathua","7","Jammu and Kashmir","1"
77,"Ghagwal","79","Samba","624","Jammu and Kashmir","1"
78,"Hiranagar","80","Kathua","7","Jammu and Kashmir","1"
79,"Kathua","81","Kathua","7","Jammu and Kashmir","1"
80,"Lohai-malhar","82","Kathua","7","Jammu and Kashmir","1"
81,"Kalarooch","83","Kupwara","8","Jammu and Kashmir","1"
82,"Kralpora","84","Kupwara","8","Jammu and Kashmir","1"
83,"Kupwara","85","Kupwara","8","Jammu and Kashmir","1"
84,"Langate","86","Kupwara","8","Jammu and Kashmir","1"
85,"Rajwar","87","Kupwara","8","Jammu and Kashmir","1"
86,"Ramhal","88","Kupwara","8","Jammu and Kashmir","1"
87,"Sogam","89","Kupwara","8","Jammu and Kashmir","1"
88,"Tangdar","90","Kupwara","8","Jammu and Kashmir","1"
89,"Teetwal","91","Kupwara","8","Jammu and Kashmir","1"
90,"Trehgam","92","Kupwara","8","Jammu and Kashmir","1"
91,"Wavoora","93","Kupwara","8","Jammu and Kashmir","1"
92,"Durbuk","94","Leh Ladakh","9","Ladakh","37"
93,"Khaltsi","95","Leh Ladakh","9","Ladakh","37"
94,"Kharu","96","Leh Ladakh","9","Ladakh","37"
95,"Leh","97","Leh Ladakh","9","Ladakh","37"
96,"Deskit","98","Leh Ladakh","9","Ladakh","37"
97,"Nyoma","99","Leh Ladakh","9","Ladakh","37"
98,"Balakote","100","Poonch","10","Jammu and Kashmir","1"
99,"Bufliaz","101","Poonch","10","Jammu and Kashmir","1"
100,"Mandi","102","Poonch","10","Jammu and Kashmir","1"
101,"Mendhar","103","Poonch","10","Jammu and Kashmir","1"
102,"Poonch","104","Poonch","10","Jammu and Kashmir","1"
103,"Surankote","105","Poonch","10","Jammu and Kashmir","1"
104,"Kakapora","106","Pulwama","11","Jammu and Kashmir","1"
105,"Pampore","108","Pulwama","11","Jammu and Kashmir","1"
106,"Pulwama","109","Pulwama","11","Jammu and Kashmir","1"
107,"Shopian","110","Shopian","625","Jammu and Kashmir","1"
108,"Tral","111","Pulwama","11","Jammu and Kashmir","1"
109,"Budhal","112","Rajouri","12","Jammu and Kashmir","1"
110,"Darhal","113","Rajouri","12","Jammu and Kashmir","1"
111,"Kalakote","114","Rajouri","12","Jammu and Kashmir","1"
112,"Manjakote","115","Rajouri","12","Jammu and Kashmir","1"
113,"Nowshera","116","Rajouri","12","Jammu and Kashmir","1"
114,"Rajouri","117","Rajouri","12","Jammu and Kashmir","1"
115,"Sunderbani","118","Rajouri","12","Jammu and Kashmir","1"
116,"Ganderbal","119","Ganderbal","626","Jammu and Kashmir","1"
117,"Kangan","120","Ganderbal","626","Jammu and Kashmir","1"
118,"Lar","121","Ganderbal","626","Jammu and Kashmir","1"
119,"Srinagar","122","Srinagar","13","Jammu and Kashmir","1"
120,"Arnas","123","Reasi","627","Jammu and Kashmir","1"
121,"Chenani","124","Udhampur","14","Jammu and Kashmir","1"
122,"Dudu","125","Udhampur","14","Jammu and Kashmir","1"
123,"Ghordi","126","Udhampur","14","Jammu and Kashmir","1"
124,"Gool","127","Ramban","621","Jammu and Kashmir","1"
125,"Mahore","128","Reasi","627","Jammu and Kashmir","1"
126,"Majalta","129","Udhampur","14","Jammu and Kashmir","1"
127,"Panchari","130","Udhampur","14","Jammu and Kashmir","1"
128,"Pouni","131","Reasi","627","Jammu and Kashmir","1"
129,"Ramnagar","132","Udhampur","14","Jammu and Kashmir","1"
130,"Reasi","133","Reasi","627","Jammu and Kashmir","1"
131,"Udhampur","134","Udhampur","14","Jammu and Kashmir","1"
132,"Bilaspur Sadar","135","Bilaspur","15","Himachal Pradesh","2"
133,"Jhandutta","136","Bilaspur","15","Himachal Pradesh","2"
134,"Ghumarwin","137","Bilaspur","15","Himachal Pradesh","2"
135,"Bhattiyat","138","Chamba","16","Himachal Pradesh","2"
136,"Bharmour","139","Chamba","16","Himachal Pradesh","2"
137,"Chamba","140","Chamba","16","Himachal Pradesh","2"
138,"Mehla","141","Chamba","16","Himachal Pradesh","2"
139,"Pangi","142","Chamba","16","Himachal Pradesh","2"
140,"Saluni","143","Chamba","16","Himachal Pradesh","2"
141,"Tisa","144","Chamba","16","Himachal Pradesh","2"
142,"Bamson","145","Hamirpur","17","Himachal Pradesh","2"
143,"Bhoranj","146","Hamirpur","17","Himachal Pradesh","2"
144,"Bijhri","147","Hamirpur","17","Himachal Pradesh","2"
145,"Hamirpur","148","Hamirpur","17","Himachal Pradesh","2"
146,"Nadaun","149","Hamirpur","17","Himachal Pradesh","2"
147,"Tira Sujanpur","150","Hamirpur","17","Himachal Pradesh","2"
148,"Baijnath","151","Kangra","18","Himachal Pradesh","2"
149,"Bhawarna","152","Kangra","18","Himachal Pradesh","2"
150,"Dehra Gopipur","153","Kangra","18","Himachal Pradesh","2"
151,"Fatehpur","154","Kangra","18","Himachal Pradesh","2"
152,"Indora","155","Kangra","18","Himachal Pradesh","2"
153,"Kangra","156","Kangra","18","Himachal Pradesh","2"
154,"Lambagaon","157","Kangra","18","Himachal Pradesh","2"
155,"Nagrota Bagwan","158","Kangra","18","Himachal Pradesh","2"
156,"Nagrota Surian","159","Kangra","18","Himachal Pradesh","2"
157,"Nurpur","160","Kangra","18","Himachal Pradesh","2"
158,"Panchrukhi","161","Kangra","18","Himachal Pradesh","2"
159,"Pragpur","162","Kangra","18","Himachal Pradesh","2"
160,"Rait","163","Kangra","18","Himachal Pradesh","2"
161,"Sulah","164","Kangra","18","Himachal Pradesh","2"
162,"Kalpa","165","Kinnaur","19","Himachal Pradesh","2"
163,"Nichar","166","Kinnaur","19","Himachal Pradesh","2"
164,"Pooh","167","Kinnaur","19","Himachal Pradesh","2"
165,"Anni","168","Kullu","20","Himachal Pradesh","2"
166,"Banjar","169","Kullu","20","Himachal Pradesh","2"
167,"Kullu","170","Kullu","20","Himachal Pradesh","2"
168,"Naggar","171","Kullu","20","Himachal Pradesh","2"
169,"Nirmand","172","Kullu","20","Himachal Pradesh","2"
170,"Lahul","173","Lahul and Spiti","21","Himachal Pradesh","2"
171,"Spiti","174","Lahul and Spiti","21","Himachal Pradesh","2"
172,"Balh","175","Mandi","22","Himachal Pradesh","2"
173,"Gohar","176","Mandi","22","Himachal Pradesh","2"
174,"Chauntra","177","Mandi","22","Himachal Pradesh","2"
175,"Dharmpur","178","Mandi","22","Himachal Pradesh","2"
176,"Drang","179","Mandi","22","Himachal Pradesh","2"
177,"Gopalpur","180","Mandi","22","Himachal Pradesh","2"
178,"Karsog","181","Mandi","22","Himachal Pradesh","2"
179,"Mandi Sadar","182","Mandi","22","Himachal Pradesh","2"
180,"Seraj","183","Mandi","22","Himachal Pradesh","2"
181,"Sundarnagar","184","Mandi","22","Himachal Pradesh","2"
182,"Basantpur","185","Shimla","23","Himachal Pradesh","2"
183,"Chauhara","186","Shimla","23","Himachal Pradesh","2"
184,"Chaupal","187","Shimla","23","Himachal Pradesh","2"
185,"Jubbal ","188","Shimla","23","Himachal Pradesh","2"
186,"Mashobra","189","Shimla","23","Himachal Pradesh","2"
187,"Narkanda","190","Shimla","23","Himachal Pradesh","2"
188,"Rampur","191","Shimla","23","Himachal Pradesh","2"
189,"Rohru","192","Shimla","23","Himachal Pradesh","2"
190,"Theog","193","Shimla","23","Himachal Pradesh","2"
191,"Nahan","194","Sirmaur","24","Himachal Pradesh","2"
192,"Pachhad","195","Sirmaur","24","Himachal Pradesh","2"
193,"Paonta Sahib","196","Sirmaur","24","Himachal Pradesh","2"
194,"Rajgarh","197","Sirmaur","24","Himachal Pradesh","2"
195,"Sangrah","198","Sirmaur","24","Himachal Pradesh","2"
196,"Shillai","199","Sirmaur","24","Himachal Pradesh","2"
197,"Dharampur","200","Solan","25","Himachal Pradesh","2"
198,"Kandaghat","201","Solan","25","Himachal Pradesh","2"
199,"Kunihar","202","Solan","25","Himachal Pradesh","2"
200,"Nalagarh","203","Solan","25","Himachal Pradesh","2"
201,"Solan","204","Solan","25","Himachal Pradesh","2"
202,"Amb","205","Una","26","Himachal Pradesh","2"
203,"Bangana","206","Una","26","Himachal Pradesh","2"
204,"Gagret","207","Una","26","Himachal Pradesh","2"
205,"Haroli","208","Una","26","Himachal Pradesh","2"
206,"Una","209","Una","26","Himachal Pradesh","2"
207,"Ajnala","210","Amritsar","27","Punjab","3"
208,"Bhikhi Wind-13","211","Tarn Taran","609","Punjab","3"
209,"Chogawan","212","Amritsar","27","Punjab","3"
210,"Chohla Sahib-8","213","Tarn Taran","609","Punjab","3"
211,"Gandiwind-9","214","Tarn Taran","609","Punjab","3"
212,"Harshe Chhina","215","Amritsar","27","Punjab","3"
213,"Jandiala Guru","216","Amritsar","27","Punjab","3"
214,"Khadur-sahib-10","217","Tarn Taran","609","Punjab","3"
215,"Majitha","218","Amritsar","27","Punjab","3"
216,"Naushehra Pannuan-11","219","Tarn Taran","609","Punjab","3"
217,"Patti-14","220","Tarn Taran","609","Punjab","3"
218,"Rayya","221","Amritsar","27","Punjab","3"
219,"Tarn Taran-12","222","Tarn Taran","609","Punjab","3"
220,"Tarsikka","223","Amritsar","27","Punjab","3"
221,"Valtoha-15","224","Tarn Taran","609","Punjab","3"
222,"Verka","225","Amritsar","27","Punjab","3"
223,"Bathinda","226","Bathinda","28","Punjab","3"
224,"Bhagta Bhaika","227","Bathinda","28","Punjab","3"
225,"Maur","228","Bathinda","28","Punjab","3"
226,"Nathana","229","Bathinda","28","Punjab","3"
227,"Phul","230","Bathinda","28","Punjab","3"
228,"Rampura","231","Bathinda","28","Punjab","3"
229,"Sangat","232","Bathinda","28","Punjab","3"
230,"Talwandi Sabo","233","Bathinda","28","Punjab","3"
231,"Faridkot","234","Faridkot","29","Punjab","3"
232,"Kot Kapura","235","Faridkot","29","Punjab","3"
233,"Amloh","236","Fatehgarh Sahib","30","Punjab","3"
234,"Bassi Pathana","237","Fatehgarh Sahib","30","Punjab","3"
235,"Khamano","238","Fatehgarh Sahib","30","Punjab","3"
236,"Khera","239","Fatehgarh Sahib","30","Punjab","3"
237,"Sirhind","240","Fatehgarh Sahib","30","Punjab","3"
238,"Abohar","241","Fazilka","651","Punjab","3"
239,"Fazilka","242","Fazilka","651","Punjab","3"
240,"Firozpur","243","Ferozepur","31","Punjab","3"
241,"Ghall Khurd","244","Ferozepur","31","Punjab","3"
242,"Guru Har Sahai","245","Ferozepur","31","Punjab","3"
243,"Jalalabad","246","Fazilka","651","Punjab","3"
244,"Khuian Sarwar","247","Fazilka","651","Punjab","3"
245,"Makhu","248","Ferozepur","31","Punjab","3"
246,"Mamdot","249","Ferozepur","31","Punjab","3"
247,"Zira","250","Ferozepur","31","Punjab","3"
248,"Bamial","251","Pathankot","662","Punjab","3"
249,"Batala","252","Gurdaspur","32","Punjab","3"
250,"Dera Baba Nanak","253","Gurdaspur","32","Punjab","3"
251,"Dhariwal","254","Gurdaspur","32","Punjab","3"
252,"Dharkalan","255","Pathankot","662","Punjab","3"
253,"Dinanagar","256","Gurdaspur","32","Punjab","3"
254,"Dorangla","257","Gurdaspur","32","Punjab","3"
255,"Fatehgarh Churian","258","Gurdaspur","32","Punjab","3"
256,"Gurdaspur","259","Gurdaspur","32","Punjab","3"
257,"Kahnuwan","260","Gurdaspur","32","Punjab","3"
258,"Kalanaur","261","Gurdaspur","32","Punjab","3"
259,"Narot Jaimal Singh","262","Pathankot","662","Punjab","3"
260,"Pathankot","263","Pathankot","662","Punjab","3"
261,"Qadian","264","Gurdaspur","32","Punjab","3"
262,"Sri Hargobindpur","265","Gurdaspur","32","Punjab","3"
263,"Sujanpur","266","Pathankot","662","Punjab","3"
264,"Bhunga","267","Hoshiarpur","33","Punjab","3"
265,"Dasuya","268","Hoshiarpur","33","Punjab","3"
266,"Garhshankar","269","Hoshiarpur","33","Punjab","3"
267,"Hajipur","270","Hoshiarpur","33","Punjab","3"
268,"Hoshiarpur-i","271","Hoshiarpur","33","Punjab","3"
269,"Hoshiarpur-ii","272","Hoshiarpur","33","Punjab","3"
270,"Mahilpur","273","Hoshiarpur","33","Punjab","3"
271,"Mukerian","274","Hoshiarpur","33","Punjab","3"
272,"Talwara","275","Hoshiarpur","33","Punjab","3"
273,"Tanda","276","Hoshiarpur","33","Punjab","3"
274,"Adampur","277","Jalandhar","34","Punjab","3"
275,"Bhogpur","278","Jalandhar","34","Punjab","3"
276,"Jalandhar - West","279","Jalandhar","34","Punjab","3"
277,"Jalandhar-east","280","Jalandhar","34","Punjab","3"
278,"Lohian","281","Jalandhar","34","Punjab","3"
279,"Nakodar","282","Jalandhar","34","Punjab","3"
280,"Nurmahal","283","Jalandhar","34","Punjab","3"
281,"Phillaur","284","Jalandhar","34","Punjab","3"
282,"Rurka Kalan","285","Jalandhar","34","Punjab","3"
283,"Shahkot","286","Jalandhar","34","Punjab","3"
284,"Dhilwan","287","Kapurthala","35","Punjab","3"
285,"Kapurthala","288","Kapurthala","35","Punjab","3"
286,"Nadala","289","Kapurthala","35","Punjab","3"
287,"Phagwara","290","Kapurthala","35","Punjab","3"
288,"Sultanpur Lodhi","291","Kapurthala","35","Punjab","3"
289,"Dehlon","292","Ludhiana","36","Punjab","3"
290,"Doraha","293","Ludhiana","36","Punjab","3"
291,"Jagraon","294","Ludhiana","36","Punjab","3"
292,"Khanna","295","Ludhiana","36","Punjab","3"
293,"Ludhiana-1","296","Ludhiana","36","Punjab","3"
294,"Ludhiana-2","297","Ludhiana","36","Punjab","3"
295,"Machhiwara","298","Ludhiana","36","Punjab","3"
296,"Pakhowal","299","Ludhiana","36","Punjab","3"
297,"Raikot","300","Ludhiana","36","Punjab","3"
298,"Samrala","301","Ludhiana","36","Punjab","3"
299,"Sidhwan Bet","302","Ludhiana","36","Punjab","3"
300,"Sudhar","303","Ludhiana","36","Punjab","3"
301,"Bhikhi","304","Mansa","37","Punjab","3"
302,"Budhlada","305","Mansa","37","Punjab","3"
303,"Jhunir","306","Mansa","37","Punjab","3"
304,"Mansa","307","Mansa","37","Punjab","3"
305,"Sardulgarh","308","Mansa","37","Punjab","3"
306,"Baghapurana","309","Moga","38","Punjab","3"
307,"Kot-ise-khan","310","Moga","38","Punjab","3"
308,"Moga-i","311","Moga","38","Punjab","3"
309,"Moga-ii","312","Moga","38","Punjab","3"
310,"Nihal Singh Wala","313","Moga","38","Punjab","3"
311,"Gidderbaha","314","Sri Muktsar Sahib","39","Punjab","3"
312,"Lambi","315","Sri Muktsar Sahib","39","Punjab","3"
313,"Malout","316","Sri Muktsar Sahib","39","Punjab","3"
314,"Muktsar","317","Sri Muktsar Sahib","39","Punjab","3"
315,"Aur","318","Shahid Bhagat Singh Nagar","40","Punjab","3"
316,"Balachaur","319","Shahid Bhagat Singh Nagar","40","Punjab","3"
317,"Banga","320","Shahid Bhagat Singh Nagar","40","Punjab","3"
318,"Nawanshahr","321","Shahid Bhagat Singh Nagar","40","Punjab","3"
319,"Saroya","322","Shahid Bhagat Singh Nagar","40","Punjab","3"
320,"Bhuner Heri","323","Patiala","41","Punjab","3"
321,"Dera Bassi","324","S.a.s Nagar","608","Punjab","3"
322,"Ghanaur","325","Patiala","41","Punjab","3"
323,"Nabha","326","Patiala","41","Punjab","3"
324,"Patiala","327","Patiala","41","Punjab","3"
325,"Patran","328","Patiala","41","Punjab","3"
326,"Rajpura","329","Patiala","41","Punjab","3"
327,"Samana","330","Patiala","41","Punjab","3"
328,"Sanour","331","Patiala","41","Punjab","3"
329,"Anandpur Sahib","332","Rupnagar","42","Punjab","3"
330,"Chamkaur Sahib","333","Rupnagar","42","Punjab","3"
331,"Kharar","334","S.a.s Nagar","608","Punjab","3"
332,"Majri","335","S.a.s Nagar","608","Punjab","3"
333,"Morinda","336","Rupnagar","42","Punjab","3"
334,"Nurpur Bedi","337","Rupnagar","42","Punjab","3"
335,"Rupnagar","338","Rupnagar","42","Punjab","3"
336,"Malerkotla H","339","Malerkotla","737","Punjab","3"
337,"Andana","340","Sangrur","43","Punjab","3"
338,"Barnala","341","Barnala","605","Punjab","3"
339,"Bhawani Garh","342","Sangrur","43","Punjab","3"
340,"Dhuri","343","Sangrur","43","Punjab","3"
341,"Lehragaga","344","Sangrur","43","Punjab","3"
342,"Amargarh","345","Malerkotla","737","Punjab","3"
343,"Mehal Kalan","346","Barnala","605","Punjab","3"
344,"Sangrur","347","Sangrur","43","Punjab","3"
345,"Sehna","348","Barnala","605","Punjab","3"
346,"Sherpur","349","Sangrur","43","Punjab","3"
347,"Sunam","350","Sangrur","43","Punjab","3"
348,"Chandigarh","351","Chandigarh","44","Chandigarh","4"
349,"Bhaisiya Chhana","352","Almora","45","Uttarakhand","5"
350,"Bhikiyasain","353","Almora","45","Uttarakhand","5"
351,"Chaukhutiya","354","Almora","45","Uttarakhand","5"
352,"Dhauladevi","355","Almora","45","Uttarakhand","5"
353,"Dwarahat","356","Almora","45","Uttarakhand","5"
354,"Hawalbag","357","Almora","45","Uttarakhand","5"
355,"Lamgara","358","Almora","45","Uttarakhand","5"
356,"Sult","359","Almora","45","Uttarakhand","5"
357,"Syaldey","360","Almora","45","Uttarakhand","5"
358,"Takula","361","Almora","45","Uttarakhand","5"
359,"Tarikhet","362","Almora","45","Uttarakhand","5"
360,"Bageshwar","363","Bageshwar","46","Uttarakhand","5"
361,"Garur","364","Bageshwar","46","Uttarakhand","5"
362,"Kapkote","365","Bageshwar","46","Uttarakhand","5"
363,"Dasholi","366","Chamoli","47","Uttarakhand","5"
364,"Dewal","367","Chamoli","47","Uttarakhand","5"
365,"Gairsain","368","Chamoli","47","Uttarakhand","5"
366,"Ghat","369","Chamoli","47","Uttarakhand","5"
367,"Joshimath","370","Chamoli","47","Uttarakhand","5"
368,"Karnaprayag","371","Chamoli","47","Uttarakhand","5"
369,"Narayanbagar","372","Chamoli","47","Uttarakhand","5"
370,"Pokhari","373","Chamoli","47","Uttarakhand","5"
371,"Tharali","374","Chamoli","47","Uttarakhand","5"
372,"Barakot","375","Champawat","48","Uttarakhand","5"
373,"Champawat","376","Champawat","48","Uttarakhand","5"
374,"Lohaghat","377","Champawat","48","Uttarakhand","5"
375,"Pati","378","Champawat","48","Uttarakhand","5"
376,"Chakrata","379","Dehradun","49","Uttarakhand","5"
377,"Doiwala","380","Dehradun","49","Uttarakhand","5"
378,"Kalsi","381","Dehradun","49","Uttarakhand","5"
379,"Raipur","382","Dehradun","49","Uttarakhand","5"
380,"Sahaspur","383","Dehradun","49","Uttarakhand","5"
381,"Vikasnagar","384","Dehradun","49","Uttarakhand","5"
382,"Bahadrabad","385","Haridwar","50","Uttarakhand","5"
383,"Bhagwanpur","386","Haridwar","50","Uttarakhand","5"
384,"Khanpur","387","Haridwar","50","Uttarakhand","5"
385,"Laksar","388","Haridwar","50","Uttarakhand","5"
386,"Narsan","389","Haridwar","50","Uttarakhand","5"
387,"Roorkee","390","Haridwar","50","Uttarakhand","5"
388,"Betalghat","391","Nainital","51","Uttarakhand","5"
389,"Bhimtal","392","Nainital","51","Uttarakhand","5"
390,"Dhari","393","Nainital","51","Uttarakhand","5"
391,"Haldwani","394","Nainital","51","Uttarakhand","5"
392,"Kotabag","395","Nainital","51","Uttarakhand","5"
393,"Okhalkanda","396","Nainital","51","Uttarakhand","5"
394,"Ramgarh","397","Nainital","51","Uttarakhand","5"
395,"Ramnagar","398","Nainital","51","Uttarakhand","5"
396,"Bironkhal","399","Pauri Garhwal","52","Uttarakhand","5"
397,"Duggada","400","Pauri Garhwal","52","Uttarakhand","5"
398,"Dwarikhal","401","Pauri Garhwal","52","Uttarakhand","5"
399,"Ekeshwar","402","Pauri Garhwal","52","Uttarakhand","5"
400,"Kaljikhal","403","Pauri Garhwal","52","Uttarakhand","5"
401,"Khirsu","404","Pauri Garhwal","52","Uttarakhand","5"
402,"Kot","405","Pauri Garhwal","52","Uttarakhand","5"
403,"Nainidanda","406","Pauri Garhwal","52","Uttarakhand","5"
404,"Pabau","407","Pauri Garhwal","52","Uttarakhand","5"
405,"Pauri","408","Pauri Garhwal","52","Uttarakhand","5"
406,"Pokhra","409","Pauri Garhwal","52","Uttarakhand","5"
407,"Rikhnikhal","410","Pauri Garhwal","52","Uttarakhand","5"
408,"Thalisain","411","Pauri Garhwal","52","Uttarakhand","5"
409,"Yamkeshwar","412","Pauri Garhwal","52","Uttarakhand","5"
410,"Zahrikhal","413","Pauri Garhwal","52","Uttarakhand","5"
411,"Berinag","414","Pithoragarh","53","Uttarakhand","5"
412,"Dharchula","415","Pithoragarh","53","Uttarakhand","5"
413,"Didihat","416","Pithoragarh","53","Uttarakhand","5"
414,"Gangolihat","417","Pithoragarh","53","Uttarakhand","5"
415,"Kanalichina","418","Pithoragarh","53","Uttarakhand","5"
416,"Munakot","419","Pithoragarh","53","Uttarakhand","5"
417,"Munsyari","420","Pithoragarh","53","Uttarakhand","5"
418,"Pithoragarh","421","Pithoragarh","53","Uttarakhand","5"
419,"Augustmuni","422","Rudra Prayag","54","Uttarakhand","5"
420,"Jakholi","423","Rudra Prayag","54","Uttarakhand","5"
421,"Ukhimath","424","Rudra Prayag","54","Uttarakhand","5"
422,"Bhilangna","425","Tehri Garhwal","55","Uttarakhand","5"
423,"Chamba","426","Tehri Garhwal","55","Uttarakhand","5"
424,"Deoprayag","427","Tehri Garhwal","55","Uttarakhand","5"
425,"Jakhnidhar","428","Tehri Garhwal","55","Uttarakhand","5"
426,"Jaunpur","429","Tehri Garhwal","55","Uttarakhand","5"
427,"Kirtinagar","430","Tehri Garhwal","55","Uttarakhand","5"
428,"Narendra Nagar","431","Tehri Garhwal","55","Uttarakhand","5"
429,"Pratapnagar","432","Tehri Garhwal","55","Uttarakhand","5"
430,"Thauldhar","433","Tehri Garhwal","55","Uttarakhand","5"
431,"Bajpur","434","Udam Singh Nagar","56","Uttarakhand","5"
432,"Gadarpur","435","Udam Singh Nagar","56","Uttarakhand","5"
433,"Jaspur","436","Udam Singh Nagar","56","Uttarakhand","5"
434,"Kashipur","437","Udam Singh Nagar","56","Uttarakhand","5"
435,"Khatima","438","Udam Singh Nagar","56","Uttarakhand","5"
436,"Rudrapur","439","Udam Singh Nagar","56","Uttarakhand","5"
437,"Sitarganj","440","Udam Singh Nagar","56","Uttarakhand","5"
438,"Bhatwari","441","Uttar Kashi","57","Uttarakhand","5"
439,"Chinyalisaur","442","Uttar Kashi","57","Uttarakhand","5"
440,"Dunda","443","Uttar Kashi","57","Uttarakhand","5"
441,"Mori","444","Uttar Kashi","57","Uttarakhand","5"
442,"Naugaon","445","Uttar Kashi","57","Uttarakhand","5"
443,"Purola","446","Uttar Kashi","57","Uttarakhand","5"
444,"Ambala-i","447","Ambala","58","Haryana","6"
445,"Ambala-ii","448","Ambala","58","Haryana","6"
446,"Barara","449","Ambala","58","Haryana","6"
447,"Naraingarh","450","Ambala","58","Haryana","6"
448,"Saha","451","Ambala","58","Haryana","6"
449,"Shahzadpur","452","Ambala","58","Haryana","6"
450,"Badhra","453","Charki Dadri","701","Haryana","6"
451,"Bawani Khera","454","Bhiwani","59","Haryana","6"
452,"Behal","455","Bhiwani","59","Haryana","6"
453,"Bhiwani","456","Bhiwani","59","Haryana","6"
454,"Kairu","459","Bhiwani","59","Haryana","6"
455,"Loharu","460","Bhiwani","59","Haryana","6"
456,"Siwani","461","Bhiwani","59","Haryana","6"
457,"Tosham","462","Bhiwani","59","Haryana","6"
458,"Ballabgarh","463","Faridabad","60","Haryana","6"
459,"Faridabad","464","Faridabad","60","Haryana","6"
460,"Hassanpur","465","Palwal","619","Haryana","6"
461,"Hathin","466","Palwal","619","Haryana","6"
462,"Hodal","467","Palwal","619","Haryana","6"
463,"Palwal","468","Palwal","619","Haryana","6"
464,"Bhattu Kalan","469","Fatehabad","61","Haryana","6"
465,"Bhuna","470","Fatehabad","61","Haryana","6"
466,"Fatehabad","471","Fatehabad","61","Haryana","6"
467,"Jakhal","472","Fatehabad","61","Haryana","6"
468,"Ratia","473","Fatehabad","61","Haryana","6"
469,"Tohana","474","Fatehabad","61","Haryana","6"
470,"Farrukh Nagar","475","Gurugram","62","Haryana","6"
471,"Ferozepur Jhirka","476","Nuh","604","Haryana","6"
472,"Gurgaon","477","Gurugram","62","Haryana","6"
473,"Nagina","478","Nuh","604","Haryana","6"
474,"Nuh","479","Nuh","604","Haryana","6"
475,"Pataudi","480","Gurugram","62","Haryana","6"
476,"Punahana","481","Nuh","604","Haryana","6"
477,"Sohna","482","Gurugram","62","Haryana","6"
478,"Taoru","483","Nuh","604","Haryana","6"
479,"Adampur","484","Hisar","63","Haryana","6"
480,"Agroha","485","Hisar","63","Haryana","6"
481,"Barwala","486","Hisar","63","Haryana","6"
482,"Hansi-i","487","Hisar","63","Haryana","6"
483,"Hansi-ii","488","Hisar","63","Haryana","6"
484,"Hisar-i","489","Hisar","63","Haryana","6"
485,"Hisar-ii","490","Hisar","63","Haryana","6"
486,"Narnaund","491","Hisar","63","Haryana","6"
487,"Uklana","492","Hisar","63","Haryana","6"
488,"Bahadurgarh","493","Jhajjar","64","Haryana","6"
489,"Beri","494","Jhajjar","64","Haryana","6"
490,"Jhajjar","495","Jhajjar","64","Haryana","6"
491,"Matannail","496","Jhajjar","64","Haryana","6"
492,"Salhawas","497","Jhajjar","64","Haryana","6"
493,"Alewa","498","Jind","65","Haryana","6"
494,"Jind","499","Jind","65","Haryana","6"
495,"Julana","500","Jind","65","Haryana","6"
496,"Narwana","501","Jind","65","Haryana","6"
497,"Pillukhera","502","Jind","65","Haryana","6"
498,"Safidon","503","Jind","65","Haryana","6"
499,"Uchana","504","Jind","65","Haryana","6"
500,"Guhla","505","Kaithal","66","Haryana","6"
501,"Kaithal","506","Kaithal","66","Haryana","6"
502,"Kalayat","507","Kaithal","66","Haryana","6"
503,"Pundri","508","Kaithal","66","Haryana","6"
504,"Rajound","509","Kaithal","66","Haryana","6"
505,"Siwan","510","Kaithal","66","Haryana","6"
506,"Assandh","511","Karnal","67","Haryana","6"
507,"Gharaunda (part)","512","Karnal","67","Haryana","6"
508,"Indri","513","Karnal","67","Haryana","6"
509,"Karnal","514","Karnal","67","Haryana","6"
510,"Nilokheri","515","Karnal","67","Haryana","6"
511,"Nissing","516","Karnal","67","Haryana","6"
512,"Babain","517","Kurukshetra","68","Haryana","6"
513,"Ladwa","518","Kurukshetra","68","Haryana","6"
514,"Pehowa","519","Kurukshetra","68","Haryana","6"
515,"Shahbad","520","Kurukshetra","68","Haryana","6"
516,"Thanesar","521","Kurukshetra","68","Haryana","6"
517,"Ateli Nangal","522","Mahendragarh","69","Haryana","6"
518,"Kanina","523","Mahendragarh","69","Haryana","6"
519,"Mahendragarh","524","Mahendragarh","69","Haryana","6"
520,"Nangal Chaudhry","525","Mahendragarh","69","Haryana","6"
521,"Narnaul","526","Mahendragarh","69","Haryana","6"
522,"Barwala","527","Panchkula","70","Haryana","6"
523,"Morni","528","Panchkula","70","Haryana","6"
524,"Pinjore","529","Panchkula","70","Haryana","6"
525,"Raipur Rani","530","Panchkula","70","Haryana","6"
526,"Bapoli","531","Panipat","71","Haryana","6"
527,"Israna","532","Panipat","71","Haryana","6"
528,"Madlauda","533","Panipat","71","Haryana","6"
529,"Panipat","534","Panipat","71","Haryana","6"
530,"Samalkha","535","Panipat","71","Haryana","6"
531,"Bawal","536","Rewari","72","Haryana","6"
532,"Jatusana","537","Rewari","72","Haryana","6"
533,"Khol At Rewari","538","Rewari","72","Haryana","6"
534,"Nahar","539","Rewari","72","Haryana","6"
535,"Rewari","540","Rewari","72","Haryana","6"
536,"Kalanaur","541","Rohtak","73","Haryana","6"
537,"Lakhan Majra","542","Rohtak","73","Haryana","6"
538,"Maham","543","Rohtak","73","Haryana","6"
539,"Rohtak","544","Rohtak","73","Haryana","6"
540,"Sampla","545","Rohtak","73","Haryana","6"
541,"Baragudha","546","Sirsa","74","Haryana","6"
542,"Dabwali","547","Sirsa","74","Haryana","6"
543,"Ellenabad","548","Sirsa","74","Haryana","6"
544,"Nathusari Chopta","549","Sirsa","74","Haryana","6"
545,"Odhan","550","Sirsa","74","Haryana","6"
546,"Rania","551","Sirsa","74","Haryana","6"
547,"Sirsa","552","Sirsa","74","Haryana","6"
548,"Ganaur","553","Sonipat","75","Haryana","6"
549,"Gohana","554","Sonipat","75","Haryana","6"
550,"Kathura","555","Sonipat","75","Haryana","6"
551,"Kharkhoda","556","Sonipat","75","Haryana","6"
552,"Mundlana","557","Sonipat","75","Haryana","6"
553,"Rai","558","Sonipat","75","Haryana","6"
554,"Sonipat","559","Sonipat","75","Haryana","6"
555,"Bilaspur","560","Yamunanagar","76","Haryana","6"
556,"Chhachhrauli","561","Yamunanagar","76","Haryana","6"
557,"Jagadhri","562","Yamunanagar","76","Haryana","6"
558,"Saraswati Nagar","563","Yamunanagar","76","Haryana","6"
559,"Radaur","564","Yamunanagar","76","Haryana","6"
560,"Sadaura (part)","565","Yamunanagar","76","Haryana","6"
561,"Arain","566","Ajmer","86","Rajasthan","8"
562,"Bhinay","567","Ajmer","86","Rajasthan","8"
563,"Jawaja","568","Ajmer","86","Rajasthan","8"
564,"Kekri","569","Ajmer","86","Rajasthan","8"
565,"Kishangarh Silora","570","Ajmer","86","Rajasthan","8"
566,"Masooda","571","Ajmer","86","Rajasthan","8"
567,"Pisangan","572","Ajmer","86","Rajasthan","8"
568,"Srinagar","573","Ajmer","86","Rajasthan","8"
569,"Bansur","574","Alwar","87","Rajasthan","8"
570,"Behror","575","Alwar","87","Rajasthan","8"
571,"Kathumar","576","Alwar","87","Rajasthan","8"
572,"Kishangarh Bas","577","Alwar","87","Rajasthan","8"
573,"Kotkasim","578","Alwar","87","Rajasthan","8"
574,"Laxmangarh","579","Alwar","87","Rajasthan","8"
575,"Mandawar","580","Alwar","87","Rajasthan","8"
576,"Neemrana","581","Alwar","87","Rajasthan","8"
577,"Rajgarh","582","Alwar","87","Rajasthan","8"
578,"Ramgarh","583","Alwar","87","Rajasthan","8"
579,"Reni","584","Alwar","87","Rajasthan","8"
580,"Thanagazi","585","Alwar","87","Rajasthan","8"
581,"Tijara","586","Alwar","87","Rajasthan","8"
582,"Umren","587","Alwar","87","Rajasthan","8"
583,"Anandpuri","588","Banswara","88","Rajasthan","8"
584,"Bagidora","589","Banswara","88","Rajasthan","8"
585,"Banswara","590","Banswara","88","Rajasthan","8"
586,"Garhi","591","Banswara","88","Rajasthan","8"
587,"Ghatol","592","Banswara","88","Rajasthan","8"
588,"Kushalgarh","593","Banswara","88","Rajasthan","8"
589,"Peepal Khoont","594","Pratapgarh","629","Rajasthan","8"
590,"Sajjangarh","595","Banswara","88","Rajasthan","8"
591,"Anta","596","Baran","89","Rajasthan","8"
592,"Atru","597","Baran","89","Rajasthan","8"
593,"Baran (full)","598","Baran","89","Rajasthan","8"
594,"Chhabra","599","Baran","89","Rajasthan","8"
595,"Chhipabarod","600","Baran","89","Rajasthan","8"
596,"Kishanganj","601","Baran","89","Rajasthan","8"
597,"Shahbad","602","Baran","89","Rajasthan","8"
598,"Baltora","603","Barmer","90","Rajasthan","8"
599,"Barmer","604","Barmer","90","Rajasthan","8"
600,"Baytoo","605","Barmer","90","Rajasthan","8"
601,"Chohtan","606","Barmer","90","Rajasthan","8"
602,"Dhorimanna","607","Barmer","90","Rajasthan","8"
603,"Sheo","608","Barmer","90","Rajasthan","8"
604,"Sindhari","609","Barmer","90","Rajasthan","8"
605,"Siwana","610","Barmer","90","Rajasthan","8"
606,"Bayana","611","Bharatpur","91","Rajasthan","8"
607,"Deeg","612","Bharatpur","91","Rajasthan","8"
608,"Kaman","613","Bharatpur","91","Rajasthan","8"
609,"Kumher","614","Bharatpur","91","Rajasthan","8"
610,"Nadbai","615","Bharatpur","91","Rajasthan","8"
611,"Nagar Pahari","616","Bharatpur","91","Rajasthan","8"
612,"Rupbas","617","Bharatpur","91","Rajasthan","8"
613,"Sewar","618","Bharatpur","91","Rajasthan","8"
614,"Weir","619","Bharatpur","91","Rajasthan","8"
615,"Asind","620","Bhilwara","92","Rajasthan","8"
616,"Banera","621","Bhilwara","92","Rajasthan","8"
617,"Hurda","622","Bhilwara","92","Rajasthan","8"
618,"Jahazpur","623","Bhilwara","92","Rajasthan","8"
619,"Kotri","624","Bhilwara","92","Rajasthan","8"
620,"Mandal","625","Bhilwara","92","Rajasthan","8"
621,"Mandalgarh","626","Bhilwara","92","Rajasthan","8"
622,"Raipur","627","Bhilwara","92","Rajasthan","8"
623,"Sahara","628","Bhilwara","92","Rajasthan","8"
624,"Shahpura","629","Bhilwara","92","Rajasthan","8"
625,"Suwana","630","Bhilwara","92","Rajasthan","8"
626,"Bikaner","631","Bikaner","93","Rajasthan","8"
627,"Kolayat","632","Bikaner","93","Rajasthan","8"
628,"Lunkaransar","633","Bikaner","93","Rajasthan","8"
629,"Nokha","634","Bikaner","93","Rajasthan","8"
630,"Sri Dungargarh","635","Bikaner","93","Rajasthan","8"
631,"Hindoli","636","Bundi","94","Rajasthan","8"
632,"Keshoraipatan","637","Bundi","94","Rajasthan","8"
633,"Nainwa","638","Bundi","94","Rajasthan","8"
634,"Talera","639","Bundi","94","Rajasthan","8"
635,"Arnod","640","Pratapgarh","629","Rajasthan","8"
636,"Bari Sadri","641","Chittorgarh","95","Rajasthan","8"
637,"Begun","642","Chittorgarh","95","Rajasthan","8"
638,"Bhadesar","643","Chittorgarh","95","Rajasthan","8"
639,"Bhainsrorgarh","644","Chittorgarh","95","Rajasthan","8"
640,"Bhopalsagar","645","Chittorgarh","95","Rajasthan","8"
641,"Chhoti Sadri","646","Pratapgarh","629","Rajasthan","8"
642,"Chittorgarh","647","Chittorgarh","95","Rajasthan","8"
643,"Dungla","648","Chittorgarh","95","Rajasthan","8"
644,"Gangrar","649","Chittorgarh","95","Rajasthan","8"
645,"Kapasan","650","Chittorgarh","95","Rajasthan","8"
646,"Nimbahera","651","Chittorgarh","95","Rajasthan","8"
647,"Pratapgarh","652","Pratapgarh","629","Rajasthan","8"
648,"Rashmi","653","Chittorgarh","95","Rajasthan","8"
649,"Churu","654","Churu","96","Rajasthan","8"
650,"Rajgarh","655","Churu","96","Rajasthan","8"
651,"Ratangarh","656","Churu","96","Rajasthan","8"
652,"Sardarshahar","657","Churu","96","Rajasthan","8"
653,"Sujangarh","658","Churu","96","Rajasthan","8"
654,"Taranagar","659","Churu","96","Rajasthan","8"
655,"Bandikui","660","Dausa","97","Rajasthan","8"
656,"Dausa","661","Dausa","97","Rajasthan","8"
657,"Lalsot","662","Dausa","97","Rajasthan","8"
658,"Mahwa","663","Dausa","97","Rajasthan","8"
659,"Sikrai","664","Dausa","97","Rajasthan","8"
660,"Bari","665","Dholpur","98","Rajasthan","8"
661,"Baseri","666","Dholpur","98","Rajasthan","8"
662,"Dhaulpur","667","Dholpur","98","Rajasthan","8"
663,"Rajakhera","668","Dholpur","98","Rajasthan","8"
664,"Aspur","669","Dungarpur","99","Rajasthan","8"
665,"Bichiwara","670","Dungarpur","99","Rajasthan","8"
666,"Dungarpur","671","Dungarpur","99","Rajasthan","8"
667,"Sagwara","672","Dungarpur","99","Rajasthan","8"
668,"Simalwara","673","Dungarpur","99","Rajasthan","8"
669,"Anupgarh","674","Ganganagar","100","Rajasthan","8"
670,"Ganganagar","675","Ganganagar","100","Rajasthan","8"
671,"Karanpur","676","Ganganagar","100","Rajasthan","8"
672,"Padampur","677","Ganganagar","100","Rajasthan","8"
673,"Raisinghnagar","678","Ganganagar","100","Rajasthan","8"
674,"Sadulshahar","679","Ganganagar","100","Rajasthan","8"
675,"Suratgarh","680","Ganganagar","100","Rajasthan","8"
676,"Bhadra","681","Hanumangarh","101","Rajasthan","8"
677,"Hanumangarh","682","Hanumangarh","101","Rajasthan","8"
678,"Nohar","683","Hanumangarh","101","Rajasthan","8"
679,"Amber","684","Jaipur","102","Rajasthan","8"
680,"Bassi","685","Jaipur","102","Rajasthan","8"
681,"Chaksu","686","Jaipur","102","Rajasthan","8"
682,"Dudu","687","Jaipur","102","Rajasthan","8"
683,"Govindgarh","688","Jaipur","102","Rajasthan","8"
684,"Jamwa Ramgarh","689","Jaipur","102","Rajasthan","8"
685,"Jhotwara","690","Jaipur","102","Rajasthan","8"
686,"Kotputli","691","Jaipur","102","Rajasthan","8"
687,"Phagi","692","Jaipur","102","Rajasthan","8"
688,"Sambhar","693","Jaipur","102","Rajasthan","8"
689,"Sanganer","694","Jaipur","102","Rajasthan","8"
690,"Shahpura","695","Jaipur","102","Rajasthan","8"
691,"Viratnagar","696","Jaipur","102","Rajasthan","8"
692,"Jaisalmer","697","Jaisalmer","103","Rajasthan","8"
693,"Sam","698","Jaisalmer","103","Rajasthan","8"
694,"Sankra","699","Jaisalmer","103","Rajasthan","8"
695,"Ahore","700","Jalore","104","Rajasthan","8"
696,"Bhinmal","701","Jalore","104","Rajasthan","8"
697,"Jalore","702","Jalore","104","Rajasthan","8"
698,"Jaswantpura","703","Jalore","104","Rajasthan","8"
699,"Raniwara","704","Jalore","104","Rajasthan","8"
700,"Sanchore","705","Jalore","104","Rajasthan","8"
701,"Sayla","706","Jalore","104","Rajasthan","8"
702,"Bakani","707","Jhalawar","105","Rajasthan","8"
703,"Dag","708","Jhalawar","105","Rajasthan","8"
704,"Jhalrapatan","709","Jhalawar","105","Rajasthan","8"
705,"Khanpur","710","Jhalawar","105","Rajasthan","8"
706,"Manoharthana","711","Jhalawar","105","Rajasthan","8"
707,"Pirawa (sunel)","712","Jhalawar","105","Rajasthan","8"
708,"Alsisar","713","Jhunjhunu","106","Rajasthan","8"
709,"Buhana","714","Jhunjhunu","106","Rajasthan","8"
710,"Chirawa","715","Jhunjhunu","106","Rajasthan","8"
711,"Jhunjhunu","716","Jhunjhunu","106","Rajasthan","8"
712,"Khetri","717","Jhunjhunu","106","Rajasthan","8"
713,"Nawalgarh","718","Jhunjhunu","106","Rajasthan","8"
714,"Surajgarh","719","Jhunjhunu","106","Rajasthan","8"
715,"Udaipurwati","720","Jhunjhunu","106","Rajasthan","8"
716,"Balesar","721","Jodhpur","107","Rajasthan","8"
717,"Bap","722","Jodhpur","107","Rajasthan","8"
718,"Bhopalgarh","723","Jodhpur","107","Rajasthan","8"
719,"Bilara","724","Jodhpur","107","Rajasthan","8"
720,"Luni","725","Jodhpur","107","Rajasthan","8"
721,"Mandor","726","Jodhpur","107","Rajasthan","8"
722,"Osian","727","Jodhpur","107","Rajasthan","8"
723,"Phalodi","728","Jodhpur","107","Rajasthan","8"
724,"Shergarh","729","Jodhpur","107","Rajasthan","8"
725,"Hindaun","730","Karauli","108","Rajasthan","8"
726,"Karauli","731","Karauli","108","Rajasthan","8"
727,"Nadauti","732","Karauli","108","Rajasthan","8"
728,"Sapotra","733","Karauli","108","Rajasthan","8"
729,"Todabhim","734","Karauli","108","Rajasthan","8"
730,"Itawa","735","Kota","109","Rajasthan","8"
731,"Khairabad","736","Kota","109","Rajasthan","8"
732,"Ladpura","737","Kota","109","Rajasthan","8"
733,"Sangod","738","Kota","109","Rajasthan","8"
734,"Sultanpur","739","Kota","109","Rajasthan","8"
735,"Degana","740","Nagaur","110","Rajasthan","8"
736,"Didwana","741","Nagaur","110","Rajasthan","8"
737,"Jayal","742","Nagaur","110","Rajasthan","8"
738,"Kuchaman","743","Nagaur","110","Rajasthan","8"
739,"Ladnu","744","Nagaur","110","Rajasthan","8"
740,"Makrana","745","Nagaur","110","Rajasthan","8"
741,"Merta","746","Nagaur","110","Rajasthan","8"
742,"Mundwa","747","Nagaur","110","Rajasthan","8"
743,"Nagaur","748","Nagaur","110","Rajasthan","8"
744,"Parbatsar","749","Nagaur","110","Rajasthan","8"
745,"Riyan Badi","750","Nagaur","110","Rajasthan","8"
746,"Bali","751","Pali","111","Rajasthan","8"
747,"Desuri","752","Pali","111","Rajasthan","8"
748,"Jaitaran","753","Pali","111","Rajasthan","8"
749,"Kharchi(mar.jun)","754","Pali","111","Rajasthan","8"
750,"Pali","755","Pali","111","Rajasthan","8"
751,"Raipur","756","Pali","111","Rajasthan","8"
752,"Rani Station","757","Pali","111","Rajasthan","8"
753,"Rohat","758","Pali","111","Rajasthan","8"
754,"Sojat","759","Pali","111","Rajasthan","8"
755,"Sumerpur","760","Pali","111","Rajasthan","8"
756,"Amet","761","Rajsamand","112","Rajasthan","8"
757,"Bhim","762","Rajsamand","112","Rajasthan","8"
758,"Deogarh","763","Rajsamand","112","Rajasthan","8"
759,"Khamnor","764","Rajsamand","112","Rajasthan","8"
760,"Kumbhalgarh","765","Rajsamand","112","Rajasthan","8"
761,"Railmagra","766","Rajsamand","112","Rajasthan","8"
762,"Rajsamand","767","Rajsamand","112","Rajasthan","8"
763,"Bamanwas","768","Sawai Madhopur","113","Rajasthan","8"
764,"Bonli","769","Sawai Madhopur","113","Rajasthan","8"
765,"Gangapur City","770","Sawai Madhopur","113","Rajasthan","8"
766,"Khandar","771","Sawai Madhopur","113","Rajasthan","8"
767,"Sawai Madhopur","772","Sawai Madhopur","113","Rajasthan","8"
768,"Danta Ramgarh","773","Sikar","114","Rajasthan","8"
769,"Dhod","774","Sikar","114","Rajasthan","8"
770,"Fatehpur","775","Sikar","114","Rajasthan","8"
771,"Khandela","776","Sikar","114","Rajasthan","8"
772,"Lachhmangarh","777","Sikar","114","Rajasthan","8"
773,"Neem Ka Thana","778","Sikar","114","Rajasthan","8"
774,"Piprali","779","Sikar","114","Rajasthan","8"
775,"Sri Madhopur","780","Sikar","114","Rajasthan","8"
776,"Abu Road","781","Sirohi","115","Rajasthan","8"
777,"Pindwara","782","Sirohi","115","Rajasthan","8"
778,"Reodar","783","Sirohi","115","Rajasthan","8"
779,"Sheoganj","784","Sirohi","115","Rajasthan","8"
780,"Sirohi","785","Sirohi","115","Rajasthan","8"
781,"Deoli","786","Tonk","116","Rajasthan","8"
782,"Malpura","787","Tonk","116","Rajasthan","8"
783,"Newai","788","Tonk","116","Rajasthan","8"
784,"Todaraisingh","789","Tonk","116","Rajasthan","8"
785,"Tonk","790","Tonk","116","Rajasthan","8"
786,"Uniara","791","Tonk","116","Rajasthan","8"
787,"Bargaon","792","Udaipur","117","Rajasthan","8"
788,"Bhinder","793","Udaipur","117","Rajasthan","8"
789,"Dhariawad","794","Pratapgarh","629","Rajasthan","8"
790,"Girwa","795","Udaipur","117","Rajasthan","8"
791,"Gogunda","796","Udaipur","117","Rajasthan","8"
792,"Jhadol","797","Udaipur","117","Rajasthan","8"
793,"Kherwara","798","Udaipur","117","Rajasthan","8"
794,"Kotra","799","Udaipur","117","Rajasthan","8"
795,"Mavli","800","Udaipur","117","Rajasthan","8"
796,"Salumbar","801","Udaipur","117","Rajasthan","8"
797,"Sarada","802","Udaipur","117","Rajasthan","8"
798,"Achhnera","803","Agra","118","Uttar Pradesh","9"
799,"Akola","804","Agra","118","Uttar Pradesh","9"
800,"Bah","805","Agra","118","Uttar Pradesh","9"
801,"Barauli Ahir","806","Agra","118","Uttar Pradesh","9"
802,"Bichpuri","807","Agra","118","Uttar Pradesh","9"
803,"Etmadpur","808","Agra","118","Uttar Pradesh","9"
804,"Fatehabad","809","Agra","118","Uttar Pradesh","9"
805,"Fatehpur Sikri","810","Agra","118","Uttar Pradesh","9"
806,"Jagner","811","Agra","118","Uttar Pradesh","9"
807,"Jaitpur Kalan","812","Agra","118","Uttar Pradesh","9"
808,"Khandauli","813","Agra","118","Uttar Pradesh","9"
809,"Kheragarh","814","Agra","118","Uttar Pradesh","9"
810,"Pinahat","815","Agra","118","Uttar Pradesh","9"
811,"Saiyan","816","Agra","118","Uttar Pradesh","9"
812,"Shamsabad","817","Agra","118","Uttar Pradesh","9"
813,"Akrabad","818","Aligarh","119","Uttar Pradesh","9"
814,"Atrauli","819","Aligarh","119","Uttar Pradesh","9"
815,"Bijauli","820","Aligarh","119","Uttar Pradesh","9"
816,"Chandaus","821","Aligarh","119","Uttar Pradesh","9"
817,"Dhanipur","822","Aligarh","119","Uttar Pradesh","9"
818,"Gangiri","823","Aligarh","119","Uttar Pradesh","9"
819,"Gonda","824","Aligarh","119","Uttar Pradesh","9"
820,"Iglas","825","Aligarh","119","Uttar Pradesh","9"
821,"Jawan Sikanderpur","826","Aligarh","119","Uttar Pradesh","9"
822,"Khair","827","Aligarh","119","Uttar Pradesh","9"
823,"Lodha","828","Aligarh","119","Uttar Pradesh","9"
824,"Tappal","829","Aligarh","119","Uttar Pradesh","9"
825,"Bahadurpur","830","Prayagraj","120","Uttar Pradesh","9"
826,"Bahria","831","Prayagraj","120","Uttar Pradesh","9"
827,"Chaka","832","Prayagraj","120","Uttar Pradesh","9"
828,"Dhanupur","833","Prayagraj","120","Uttar Pradesh","9"
829,"Handia","834","Prayagraj","120","Uttar Pradesh","9"
830,"Holagarh","835","Prayagraj","120","Uttar Pradesh","9"
831,"Jasra","836","Prayagraj","120","Uttar Pradesh","9"
832,"Karchhana","837","Prayagraj","120","Uttar Pradesh","9"
833,"Kaudhiyara","838","Prayagraj","120","Uttar Pradesh","9"
834,"Kaurihar","839","Prayagraj","120","Uttar Pradesh","9"
835,"Koraon","840","Prayagraj","120","Uttar Pradesh","9"
836,"Manda","841","Prayagraj","120","Uttar Pradesh","9"
837,"Mauaima","842","Prayagraj","120","Uttar Pradesh","9"
838,"Meja","843","Prayagraj","120","Uttar Pradesh","9"
839,"Phulpur","844","Prayagraj","120","Uttar Pradesh","9"
840,"Pratappur","845","Prayagraj","120","Uttar Pradesh","9"
841,"Saidabad","846","Prayagraj","120","Uttar Pradesh","9"
842,"Shankargarh","847","Prayagraj","120","Uttar Pradesh","9"
843,"Soraon","848","Prayagraj","120","Uttar Pradesh","9"
844,"Uruwan","849","Prayagraj","120","Uttar Pradesh","9"
845,"Akbarpur","850","Ambedkar Nagar","121","Uttar Pradesh","9"
846,"Baskhari","851","Ambedkar Nagar","121","Uttar Pradesh","9"
847,"Bhiti","852","Ambedkar Nagar","121","Uttar Pradesh","9"
848,"Bhiyawan","853","Ambedkar Nagar","121","Uttar Pradesh","9"
849,"Jahangir Ganj","854","Ambedkar Nagar","121","Uttar Pradesh","9"
850,"Jalal Pur","855","Ambedkar Nagar","121","Uttar Pradesh","9"
851,"Katehari","856","Ambedkar Nagar","121","Uttar Pradesh","9"
852,"Ram Nagar","857","Ambedkar Nagar","121","Uttar Pradesh","9"
853,"Tanda","858","Ambedkar Nagar","121","Uttar Pradesh","9"
854,"Achchalda","859","Auraiya","122","Uttar Pradesh","9"
855,"Ajitmal","860","Auraiya","122","Uttar Pradesh","9"
856,"Auraiya","861","Auraiya","122","Uttar Pradesh","9"
857,"Bhagyanagar","862","Auraiya","122","Uttar Pradesh","9"
858,"Bidhuna","863","Auraiya","122","Uttar Pradesh","9"
859,"Erwa Katra","864","Auraiya","122","Uttar Pradesh","9"
860,"Sahar","865","Auraiya","122","Uttar Pradesh","9"
861,"Ahiraula","866","Azamgarh","123","Uttar Pradesh","9"
862,"Atraulia","867","Azamgarh","123","Uttar Pradesh","9"
863,"Azmatgarh","868","Azamgarh","123","Uttar Pradesh","9"
864,"Bilariyaganj","869","Azamgarh","123","Uttar Pradesh","9"
865,"Haraiya","870","Azamgarh","123","Uttar Pradesh","9"
866,"Jahanaganj","871","Azamgarh","123","Uttar Pradesh","9"
867,"Koilsa","872","Azamgarh","123","Uttar Pradesh","9"
868,"Lalganj","873","Azamgarh","123","Uttar Pradesh","9"
869,"Mahrajganj","874","Azamgarh","123","Uttar Pradesh","9"
870,"Martinganj","875","Azamgarh","123","Uttar Pradesh","9"
871,"Mehnagar","876","Azamgarh","123","Uttar Pradesh","9"
872,"Mirzapur","877","Azamgarh","123","Uttar Pradesh","9"
873,"Mohammadpur","878","Azamgarh","123","Uttar Pradesh","9"
874,"Palhana","879","Azamgarh","123","Uttar Pradesh","9"
875,"Palhani","880","Azamgarh","123","Uttar Pradesh","9"
876,"Pawai","881","Azamgarh","123","Uttar Pradesh","9"
877,"Phulpur","882","Azamgarh","123","Uttar Pradesh","9"
878,"Rani Ki Sarai","883","Azamgarh","123","Uttar Pradesh","9"
879,"Sathiyaon","884","Azamgarh","123","Uttar Pradesh","9"
880,"Tahbarpur","885","Azamgarh","123","Uttar Pradesh","9"
881,"Tarwa","886","Azamgarh","123","Uttar Pradesh","9"
882,"Thekma","887","Azamgarh","123","Uttar Pradesh","9"
883,"Baghpat","888","Baghpat","124","Uttar Pradesh","9"
884,"Baraut","889","Baghpat","124","Uttar Pradesh","9"
885,"Binauli","890","Baghpat","124","Uttar Pradesh","9"
886,"Chhaprauli","891","Baghpat","124","Uttar Pradesh","9"
887,"Khekra","892","Baghpat","124","Uttar Pradesh","9"
888,"Pilana","893","Baghpat","124","Uttar Pradesh","9"
889,"Balaha","894","Bahraich","125","Uttar Pradesh","9"
890,"Chitaura","895","Bahraich","125","Uttar Pradesh","9"
891,"Huzoorpur","896","Bahraich","125","Uttar Pradesh","9"
892,"Jarwal","897","Bahraich","125","Uttar Pradesh","9"
893,"Kaisarganj","898","Bahraich","125","Uttar Pradesh","9"
894,"Mahasi","899","Bahraich","125","Uttar Pradesh","9"
895,"Mihinpurwa","900","Bahraich","125","Uttar Pradesh","9"
896,"Nawabganj","901","Bahraich","125","Uttar Pradesh","9"
897,"Phakharpur","902","Bahraich","125","Uttar Pradesh","9"
898,"Payagpur","903","Bahraich","125","Uttar Pradesh","9"
899,"Risia","904","Bahraich","125","Uttar Pradesh","9"
900,"Shivpur","905","Bahraich","125","Uttar Pradesh","9"
901,"Tejwapur","906","Bahraich","125","Uttar Pradesh","9"
902,"Visheshwarganj","907","Bahraich","125","Uttar Pradesh","9"
903,"Bairia","908","Ballia","126","Uttar Pradesh","9"
904,"Bansdih","909","Ballia","126","Uttar Pradesh","9"
905,"Belhari","910","Ballia","126","Uttar Pradesh","9"
906,"Beruarbari","911","Ballia","126","Uttar Pradesh","9"
907,"Chilkahar","912","Ballia","126","Uttar Pradesh","9"
908,"Dubhar","913","Ballia","126","Uttar Pradesh","9"
909,"Garwar","914","Ballia","126","Uttar Pradesh","9"
910,"Hanumanganj","915","Ballia","126","Uttar Pradesh","9"
911,"Maniar","916","Ballia","126","Uttar Pradesh","9"
912,"Murlichhapra","917","Ballia","126","Uttar Pradesh","9"
913,"Nagra","918","Ballia","126","Uttar Pradesh","9"
914,"Navanagar","919","Ballia","126","Uttar Pradesh","9"
915,"Pandah","920","Ballia","126","Uttar Pradesh","9"
916,"Rasra","921","Ballia","126","Uttar Pradesh","9"
917,"Reoti","922","Ballia","126","Uttar Pradesh","9"
918,"Siar","923","Ballia","126","Uttar Pradesh","9"
919,"Sohanv","924","Ballia","126","Uttar Pradesh","9"
920,"Balrampur","925","Balrampur","127","Uttar Pradesh","9"
921,"Gaindas Bujurg","926","Balrampur","127","Uttar Pradesh","9"
922,"Gaisri","927","Balrampur","127","Uttar Pradesh","9"
923,"Harriya Satgharwa","928","Balrampur","127","Uttar Pradesh","9"
924,"Pachpedwa","929","Balrampur","127","Uttar Pradesh","9"
925,"Rehera Bazaar","930","Balrampur","127","Uttar Pradesh","9"
926,"Shriduttganj","931","Balrampur","127","Uttar Pradesh","9"
927,"Tulsipur","932","Balrampur","127","Uttar Pradesh","9"
928,"Utraula","933","Balrampur","127","Uttar Pradesh","9"
929,"Baberu","934","Banda","128","Uttar Pradesh","9"
930,"Badokhar Khurd","935","Banda","128","Uttar Pradesh","9"
931,"Bisanda","936","Banda","128","Uttar Pradesh","9"
932,"Jaspura","937","Banda","128","Uttar Pradesh","9"
933,"Kamasin","938","Banda","128","Uttar Pradesh","9"
934,"Mahuva","939","Banda","128","Uttar Pradesh","9"
935,"Naraini","940","Banda","128","Uttar Pradesh","9"
936,"Tindwari","941","Banda","128","Uttar Pradesh","9"
937,"Bani Kodar","942","Barabanki","129","Uttar Pradesh","9"
938,"Banki","943","Barabanki","129","Uttar Pradesh","9"
939,"Dariyabad","944","Barabanki","129","Uttar Pradesh","9"
940,"Dewa","945","Barabanki","129","Uttar Pradesh","9"
941,"Fatehpur","946","Barabanki","129","Uttar Pradesh","9"
942,"Haidargarh","947","Barabanki","129","Uttar Pradesh","9"
943,"Harakh","948","Barabanki","129","Uttar Pradesh","9"
944,"Masauli","949","Barabanki","129","Uttar Pradesh","9"
945,"Nindaura","951","Barabanki","129","Uttar Pradesh","9"
946,"Puredalai","952","Barabanki","129","Uttar Pradesh","9"
947,"Ramnagar","953","Barabanki","129","Uttar Pradesh","9"
948,"Rudauli","954","Ayodhya","140","Uttar Pradesh","9"
949,"Sidhaur","955","Barabanki","129","Uttar Pradesh","9"
950,"Sirauli Gauspur","956","Barabanki","129","Uttar Pradesh","9"
951,"Suratganj","957","Barabanki","129","Uttar Pradesh","9"
952,"Trivediganj","958","Barabanki","129","Uttar Pradesh","9"
953,"Aalampur Jafarabad","959","Bareilly","130","Uttar Pradesh","9"
954,"Baheri","960","Bareilly","130","Uttar Pradesh","9"
955,"Bhadpura","961","Bareilly","130","Uttar Pradesh","9"
956,"Bhojipura","962","Bareilly","130","Uttar Pradesh","9"
957,"Bhuta","963","Bareilly","130","Uttar Pradesh","9"
958,"Bithiri Chainpur","964","Bareilly","130","Uttar Pradesh","9"
959,"Damkhauda","965","Bareilly","130","Uttar Pradesh","9"
960,"Faridpur","966","Bareilly","130","Uttar Pradesh","9"
961,"Fatehganj West","967","Bareilly","130","Uttar Pradesh","9"
962,"Kyara","968","Bareilly","130","Uttar Pradesh","9"
963,"Majhgawan","969","Bareilly","130","Uttar Pradesh","9"
964,"Mirganj","970","Bareilly","130","Uttar Pradesh","9"
965,"Nawabganj","971","Bareilly","130","Uttar Pradesh","9"
966,"Ramnagar","972","Bareilly","130","Uttar Pradesh","9"
967,"Shergarh","973","Bareilly","130","Uttar Pradesh","9"
968,"Bahadurpur","974","Basti","131","Uttar Pradesh","9"
969,"Bankati","975","Basti","131","Uttar Pradesh","9"
970,"Basti","976","Basti","131","Uttar Pradesh","9"
971,"Dubauliya","977","Basti","131","Uttar Pradesh","9"
972,"Gaur","978","Basti","131","Uttar Pradesh","9"
973,"Harraiya","979","Basti","131","Uttar Pradesh","9"
974,"Kaptanganj","980","Basti","131","Uttar Pradesh","9"
975,"Kudaraha","981","Basti","131","Uttar Pradesh","9"
976,"Paras Rampur","982","Basti","131","Uttar Pradesh","9"
977,"Ramnagar","983","Basti","131","Uttar Pradesh","9"
978,"Rudauli","984","Basti","131","Uttar Pradesh","9"
979,"Saltaua Gopal Pur","985","Basti","131","Uttar Pradesh","9"
980,"Sau Ghat","986","Basti","131","Uttar Pradesh","9"
981,"Vikram Jot","987","Basti","131","Uttar Pradesh","9"
982,"Afzalgarh","988","Bijnor","132","Uttar Pradesh","9"
983,"Budhanpur Seohara","989","Bijnor","132","Uttar Pradesh","9"
984,"Dhampur","990","Bijnor","132","Uttar Pradesh","9"
985,"Haldaur(khari Jhalu)","991","Bijnor","132","Uttar Pradesh","9"
986,"Jalilpur","992","Bijnor","132","Uttar Pradesh","9"
987,"Kiratpur","993","Bijnor","132","Uttar Pradesh","9"
988,"Kotwali","994","Bijnor","132","Uttar Pradesh","9"
989,"Mohammedpur Deomal","995","Bijnor","132","Uttar Pradesh","9"
990,"Najibabad","996","Bijnor","132","Uttar Pradesh","9"
991,"Nehtaur","997","Bijnor","132","Uttar Pradesh","9"
992,"Noorpur","998","Bijnor","132","Uttar Pradesh","9"
993,"Ambiapur","999","Budaun","133","Uttar Pradesh","9"
994,"Asafpur","1000","Budaun","133","Uttar Pradesh","9"
995,"Bisauli","1001","Budaun","133","Uttar Pradesh","9"
996,"Dahgavan","1002","Budaun","133","Uttar Pradesh","9"
997,"Dataganj","1003","Budaun","133","Uttar Pradesh","9"
998,"Gunnaur","1004","Sambhal","659","Uttar Pradesh","9"
999,"Islamnagar","1005","Budaun","133","Uttar Pradesh","9"
1000,"Jagat","1006","Budaun","133","Uttar Pradesh","9"
1001,"Junawai","1007","Sambhal","659","Uttar Pradesh","9"
1002,"Mion","1008","Budaun","133","Uttar Pradesh","9"
1003,"Qadar Chowk","1009","Budaun","133","Uttar Pradesh","9"
1004,"Rajpura","1010","Sambhal","659","Uttar Pradesh","9"
1005,"Sahaswan","1011","Budaun","133","Uttar Pradesh","9"
1006,"Salarpur","1012","Budaun","133","Uttar Pradesh","9"
1007,"Samrer","1013","Budaun","133","Uttar Pradesh","9"
1008,"Ujhani","1014","Budaun","133","Uttar Pradesh","9"
1009,"Usawan","1015","Budaun","133","Uttar Pradesh","9"
1010,"Wazirganj","1016","Budaun","133","Uttar Pradesh","9"
1011,"Agauta","1017","Bulandshahr","134","Uttar Pradesh","9"
1012,"Anupshahr","1018","Bulandshahr","134","Uttar Pradesh","9"
1013,"Araniya","1019","Bulandshahr","134","Uttar Pradesh","9"
1014,"Bhawan Bahadur Nagar","1020","Bulandshahr","134","Uttar Pradesh","9"
1015,"Bulandshahr","1021","Bulandshahr","134","Uttar Pradesh","9"
1016,"Danpur","1022","Bulandshahr","134","Uttar Pradesh","9"
1017,"Dibai","1023","Bulandshahr","134","Uttar Pradesh","9"
1018,"Gulaothi","1024","Bulandshahr","134","Uttar Pradesh","9"
1019,"Jahangirabad","1025","Bulandshahr","134","Uttar Pradesh","9"
1020,"Khurja","1026","Bulandshahr","134","Uttar Pradesh","9"
1021,"Lakhaothi","1027","Bulandshahr","134","Uttar Pradesh","9"
1022,"Pahasu","1028","Bulandshahr","134","Uttar Pradesh","9"
1023,"Shikarpur","1029","Bulandshahr","134","Uttar Pradesh","9"
1024,"Sikandrabad","1030","Bulandshahr","134","Uttar Pradesh","9"
1025,"Syana","1031","Bulandshahr","134","Uttar Pradesh","9"
1026,"Unchagaon","1032","Bulandshahr","134","Uttar Pradesh","9"
1027,"Berahani","1033","Chandauli","135","Uttar Pradesh","9"
1028,"Chahniya","1034","Chandauli","135","Uttar Pradesh","9"
1029,"Chakiya","1035","Chandauli","135","Uttar Pradesh","9"
1030,"Chandauli","1036","Chandauli","135","Uttar Pradesh","9"
1031,"Dhanapur","1037","Chandauli","135","Uttar Pradesh","9"
1032,"Naugarh","1038","Chandauli","135","Uttar Pradesh","9"
1033,"Niyamatabad","1039","Chandauli","135","Uttar Pradesh","9"
1034,"Sahabganj","1040","Chandauli","135","Uttar Pradesh","9"
1035,"Sakaldiha","1041","Chandauli","135","Uttar Pradesh","9"
1036,"Karwi","1042","Chitrakoot","136","Uttar Pradesh","9"
1037,"Manikpur","1043","Chitrakoot","136","Uttar Pradesh","9"
1038,"Mau","1044","Chitrakoot","136","Uttar Pradesh","9"
1039,"Pahari","1045","Chitrakoot","136","Uttar Pradesh","9"
1040,"Ramnagar","1046","Chitrakoot","136","Uttar Pradesh","9"
1041,"Baitalpur","1047","Deoria","137","Uttar Pradesh","9"
1042,"Bankata","1048","Deoria","137","Uttar Pradesh","9"
1043,"Barhaj","1049","Deoria","137","Uttar Pradesh","9"
1044,"Bhagalpur","1050","Deoria","137","Uttar Pradesh","9"
1045,"Bhaluani","1051","Deoria","137","Uttar Pradesh","9"
1046,"Bhatni","1052","Deoria","137","Uttar Pradesh","9"
1047,"Bhatpar Rani","1053","Deoria","137","Uttar Pradesh","9"
1048,"Deoria Sadar","1054","Deoria","137","Uttar Pradesh","9"
1049,"Desai Deoria","1055","Deoria","137","Uttar Pradesh","9"
1050,"Gauri Bazar","1056","Deoria","137","Uttar Pradesh","9"
1051,"Lar","1057","Deoria","137","Uttar Pradesh","9"
1052,"Pathar Dewa","1058","Deoria","137","Uttar Pradesh","9"
1053,"Rampur Karkhana","1059","Deoria","137","Uttar Pradesh","9"
1054,"Rudrapur","1060","Deoria","137","Uttar Pradesh","9"
1055,"Salempur","1061","Deoria","137","Uttar Pradesh","9"
1056,"Tarkalua","1062","Deoria","137","Uttar Pradesh","9"
1057,"Aliganj","1063","Etah","138","Uttar Pradesh","9"
1058,"Amanpur","1064","Kasganj","633","Uttar Pradesh","9"
1059,"Awagarh","1065","Etah","138","Uttar Pradesh","9"
1060,"Ganj Dundwara","1066","Kasganj","633","Uttar Pradesh","9"
1061,"Jaithara","1067","Etah","138","Uttar Pradesh","9"
1062,"Jalesar","1068","Etah","138","Uttar Pradesh","9"
1063,"Kasganj","1069","Kasganj","633","Uttar Pradesh","9"
1064,"Marehra","1070","Etah","138","Uttar Pradesh","9"
1065,"Nidhauli Kalan","1071","Etah","138","Uttar Pradesh","9"
1066,"Patiyali","1072","Kasganj","633","Uttar Pradesh","9"
1067,"Sahawar","1073","Kasganj","633","Uttar Pradesh","9"
1068,"Sakit","1074","Etah","138","Uttar Pradesh","9"
1069,"Shitalpur","1075","Etah","138","Uttar Pradesh","9"
1070,"Sidhpura","1076","Kasganj","633","Uttar Pradesh","9"
1071,"Soron","1077","Kasganj","633","Uttar Pradesh","9"
1072,"Barhpura","1078","Etawah","139","Uttar Pradesh","9"
1073,"Basrehar","1079","Etawah","139","Uttar Pradesh","9"
1074,"Bharthana","1080","Etawah","139","Uttar Pradesh","9"
1075,"Chakarnagar","1081","Etawah","139","Uttar Pradesh","9"
1076,"Jaswantnagar","1082","Etawah","139","Uttar Pradesh","9"
1077,"Mahewa","1083","Etawah","139","Uttar Pradesh","9"
1078,"Sefai","1084","Etawah","139","Uttar Pradesh","9"
1079,"Takha","1085","Etawah","139","Uttar Pradesh","9"
1080,"Amaniganj","1086","Ayodhya","140","Uttar Pradesh","9"
1081,"Bikapur","1087","Ayodhya","140","Uttar Pradesh","9"
1082,"Hariyangatanganj","1088","Ayodhya","140","Uttar Pradesh","9"
1083,"Masodha","1089","Ayodhya","140","Uttar Pradesh","9"
1084,"Mawai","1090","Ayodhya","140","Uttar Pradesh","9"
1085,"Maya Bazar","1091","Ayodhya","140","Uttar Pradesh","9"
1086,"Milkipur","1092","Ayodhya","140","Uttar Pradesh","9"
1087,"Pura Bazar","1093","Ayodhya","140","Uttar Pradesh","9"
1088,"Sohawal","1094","Ayodhya","140","Uttar Pradesh","9"
1089,"Tarun","1095","Ayodhya","140","Uttar Pradesh","9"
1090,"Barhpur","1096","Farrukhabad","141","Uttar Pradesh","9"
1091,"Kaimganj","1097","Farrukhabad","141","Uttar Pradesh","9"
1092,"Kamalganj","1098","Farrukhabad","141","Uttar Pradesh","9"
1093,"Mohamdabad","1099","Farrukhabad","141","Uttar Pradesh","9"
1094,"Nawabganj","1100","Farrukhabad","141","Uttar Pradesh","9"
1095,"Rajepur","1101","Farrukhabad","141","Uttar Pradesh","9"
1096,"Shamsabad","1102","Farrukhabad","141","Uttar Pradesh","9"
1097,"Airayan","1103","Fatehpur","142","Uttar Pradesh","9"
1098,"Amauli","1104","Fatehpur","142","Uttar Pradesh","9"
1099,"Asothar","1105","Fatehpur","142","Uttar Pradesh","9"
1100,"Bahua","1106","Fatehpur","142","Uttar Pradesh","9"
1101,"Bhitaura","1107","Fatehpur","142","Uttar Pradesh","9"
1102,"Devmai","1108","Fatehpur","142","Uttar Pradesh","9"
1103,"Dhata","1109","Fatehpur","142","Uttar Pradesh","9"
1104,"Haswa","1110","Fatehpur","142","Uttar Pradesh","9"
1105,"Hathgaon","1111","Fatehpur","142","Uttar Pradesh","9"
1106,"Khajuha","1112","Fatehpur","142","Uttar Pradesh","9"
1107,"Malwan","1113","Fatehpur","142","Uttar Pradesh","9"
1108,"Telyani","1114","Fatehpur","142","Uttar Pradesh","9"
1109,"Vijayipur","1115","Fatehpur","142","Uttar Pradesh","9"
1110,"Araon","1116","Firozabad","143","Uttar Pradesh","9"
1111,"Eka","1117","Firozabad","143","Uttar Pradesh","9"
1112,"Firozabad","1118","Firozabad","143","Uttar Pradesh","9"
1113,"Hathwant","1119","Firozabad","143","Uttar Pradesh","9"
1114,"Jasrana","1120","Firozabad","143","Uttar Pradesh","9"
1115,"Madanpur","1121","Firozabad","143","Uttar Pradesh","9"
1116,"Narkhi","1122","Firozabad","143","Uttar Pradesh","9"
1117,"Shikohabad","1123","Firozabad","143","Uttar Pradesh","9"
1118,"Tundla","1124","Firozabad","143","Uttar Pradesh","9"
1119,"Bisrakh","1125","Gautam Buddha Nagar","144","Uttar Pradesh","9"
1120,"Dadri","1126","Gautam Buddha Nagar","144","Uttar Pradesh","9"
1121,"Jewar","1128","Gautam Buddha Nagar","144","Uttar Pradesh","9"
1122,"Bhojpur","1129","Ghaziabad","145","Uttar Pradesh","9"
1123,"Dhaulana","1130","Hapur","661","Uttar Pradesh","9"
1124,"Garh Mukteshwar","1131","Hapur","661","Uttar Pradesh","9"
1125,"Hapur","1132","Hapur","661","Uttar Pradesh","9"
1126,"Loni","1133","Ghaziabad","145","Uttar Pradesh","9"
1127,"Muradnagar","1134","Ghaziabad","145","Uttar Pradesh","9"
1128,"Rajapur","1135","Ghaziabad","145","Uttar Pradesh","9"
1129,"Simbhawali","1136","Hapur","661","Uttar Pradesh","9"
1130,"Bhadaura","1137","Ghazipur","146","Uttar Pradesh","9"
1131,"Bhanwarkol","1138","Ghazipur","146","Uttar Pradesh","9"
1132,"Devkali","1139","Ghazipur","146","Uttar Pradesh","9"
1133,"Ghazipur","1140","Ghazipur","146","Uttar Pradesh","9"
1134,"Jakhania","1141","Ghazipur","146","Uttar Pradesh","9"
1135,"Karanda","1142","Ghazipur","146","Uttar Pradesh","9"
1136,"Kasimabad","1143","Ghazipur","146","Uttar Pradesh","9"
1137,"Manihari","1144","Ghazipur","146","Uttar Pradesh","9"
1138,"Mardah","1145","Ghazipur","146","Uttar Pradesh","9"
1139,"Mohammadabad","1146","Ghazipur","146","Uttar Pradesh","9"
1140,"Revatipur","1147","Ghazipur","146","Uttar Pradesh","9"
1141,"Sadat","1148","Ghazipur","146","Uttar Pradesh","9"
1142,"Saidpur","1149","Ghazipur","146","Uttar Pradesh","9"
1143,"Varachakwar","1150","Ghazipur","146","Uttar Pradesh","9"
1144,"Virno","1151","Ghazipur","146","Uttar Pradesh","9"
1145,"Zamania","1152","Ghazipur","146","Uttar Pradesh","9"
1146,"Babhanjot","1153","Gonda","147","Uttar Pradesh","9"
1147,"Belsar","1154","Gonda","147","Uttar Pradesh","9"
1148,"Chhapia","1155","Gonda","147","Uttar Pradesh","9"
1149,"Colonelganj","1156","Gonda","147","Uttar Pradesh","9"
1150,"Haldharmau","1157","Gonda","147","Uttar Pradesh","9"
1151,"Itiathok","1158","Gonda","147","Uttar Pradesh","9"
1152,"Jhanjhari","1159","Gonda","147","Uttar Pradesh","9"
1153,"Katra Bazar","1160","Gonda","147","Uttar Pradesh","9"
1154,"Mankapur","1161","Gonda","147","Uttar Pradesh","9"
1155,"Mujehana","1162","Gonda","147","Uttar Pradesh","9"
1156,"Nawabganj","1163","Gonda","147","Uttar Pradesh","9"
1157,"Pandri Kripal","1164","Gonda","147","Uttar Pradesh","9"
1158,"Paraspur","1165","Gonda","147","Uttar Pradesh","9"
1159,"Rupaideeh","1166","Gonda","147","Uttar Pradesh","9"
1160,"Tarabganj","1167","Gonda","147","Uttar Pradesh","9"
1161,"Wazirganj","1168","Gonda","147","Uttar Pradesh","9"
1162,"Bansgaon","1169","Gorakhpur","148","Uttar Pradesh","9"
1163,"Barhalganj","1170","Gorakhpur","148","Uttar Pradesh","9"
1164,"Belghat","1171","Gorakhpur","148","Uttar Pradesh","9"
1165,"Bhathat","1172","Gorakhpur","148","Uttar Pradesh","9"
1166,"Brahmpur","1173","Gorakhpur","148","Uttar Pradesh","9"
1167,"Campierganj","1174","Gorakhpur","148","Uttar Pradesh","9"
1168,"Chargawan","1175","Gorakhpur","148","Uttar Pradesh","9"
1169,"Gagaha","1176","Gorakhpur","148","Uttar Pradesh","9"
1170,"Gola","1177","Gorakhpur","148","Uttar Pradesh","9"
1171,"Jangal Kaudia","1178","Gorakhpur","148","Uttar Pradesh","9"
1172,"Kauri Ram","1179","Gorakhpur","148","Uttar Pradesh","9"
1173,"Khajni","1180","Gorakhpur","148","Uttar Pradesh","9"
1174,"Khorabar","1181","Gorakhpur","148","Uttar Pradesh","9"
1175,"Pali","1182","Gorakhpur","148","Uttar Pradesh","9"
1176,"Pipraich","1183","Gorakhpur","148","Uttar Pradesh","9"
1177,"Piprauli","1184","Gorakhpur","148","Uttar Pradesh","9"
1178,"Sahjanawa","1185","Gorakhpur","148","Uttar Pradesh","9"
1179,"Sardarnagar","1186","Gorakhpur","148","Uttar Pradesh","9"
1180,"Uruwa","1187","Gorakhpur","148","Uttar Pradesh","9"
1181,"Gohand","1188","Hamirpur","149","Uttar Pradesh","9"
1182,"Kurara","1189","Hamirpur","149","Uttar Pradesh","9"
1183,"Maudaha","1190","Hamirpur","149","Uttar Pradesh","9"
1184,"Muskara","1191","Hamirpur","149","Uttar Pradesh","9"
1185,"Rath","1192","Hamirpur","149","Uttar Pradesh","9"
1186,"Sarila","1193","Hamirpur","149","Uttar Pradesh","9"
1187,"Sumerpur","1194","Hamirpur","149","Uttar Pradesh","9"
1188,"Ahirori","1195","Hardoi","150","Uttar Pradesh","9"
1189,"Bawan","1196","Hardoi","150","Uttar Pradesh","9"
1190,"Behendar","1197","Hardoi","150","Uttar Pradesh","9"
1191,"Bharawan","1198","Hardoi","150","Uttar Pradesh","9"
1192,"Bharkhani","1199","Hardoi","150","Uttar Pradesh","9"
1193,"Bilgram","1200","Hardoi","150","Uttar Pradesh","9"
1194,"Hariyawan","1201","Hardoi","150","Uttar Pradesh","9"
1195,"Harpalpur","1202","Hardoi","150","Uttar Pradesh","9"
1196,"Kachauna","1203","Hardoi","150","Uttar Pradesh","9"
1197,"Kothawan","1204","Hardoi","150","Uttar Pradesh","9"
1198,"Madhoganj","1205","Hardoi","150","Uttar Pradesh","9"
1199,"Mallawan","1206","Hardoi","150","Uttar Pradesh","9"
1200,"Pihani","1207","Hardoi","150","Uttar Pradesh","9"
1201,"Sandi","1208","Hardoi","150","Uttar Pradesh","9"
1202,"Sandila","1209","Hardoi","150","Uttar Pradesh","9"
1203,"Shahabad","1210","Hardoi","150","Uttar Pradesh","9"
1204,"Sursa","1211","Hardoi","150","Uttar Pradesh","9"
1205,"Tandiyawan","1212","Hardoi","150","Uttar Pradesh","9"
1206,"Todarpur","1213","Hardoi","150","Uttar Pradesh","9"
1207,"Dakore","1214","Jalaun","151","Uttar Pradesh","9"
1208,"Jalaun","1215","Jalaun","151","Uttar Pradesh","9"
1209,"Kadaura","1216","Jalaun","151","Uttar Pradesh","9"
1210,"Konch","1217","Jalaun","151","Uttar Pradesh","9"
1211,"Kuthaund","1218","Jalaun","151","Uttar Pradesh","9"
1212,"Madhogarh","1219","Jalaun","151","Uttar Pradesh","9"
1213,"Maheva","1220","Jalaun","151","Uttar Pradesh","9"
1214,"Nadigaon","1221","Jalaun","151","Uttar Pradesh","9"
1215,"Rampura","1222","Jalaun","151","Uttar Pradesh","9"
1216,"Badla Pur","1223","Jaunpur","152","Uttar Pradesh","9"
1217,"Baksha","1224","Jaunpur","152","Uttar Pradesh","9"
1218,"Barasathi","1225","Jaunpur","152","Uttar Pradesh","9"
1219,"Dharma Pur","1226","Jaunpur","152","Uttar Pradesh","9"
1220,"Dobhi","1227","Jaunpur","152","Uttar Pradesh","9"
1221,"Jalal Pur","1228","Jaunpur","152","Uttar Pradesh","9"
1222,"Karanja Kala","1229","Jaunpur","152","Uttar Pradesh","9"
1223,"Kerakat","1230","Jaunpur","152","Uttar Pradesh","9"
1224,"Khuthan","1231","Jaunpur","152","Uttar Pradesh","9"
1225,"Machchali Shahar","1232","Jaunpur","152","Uttar Pradesh","9"
1226,"Maharaj Ganj","1233","Jaunpur","152","Uttar Pradesh","9"
1227,"Mariyahu","1234","Jaunpur","152","Uttar Pradesh","9"
1228,"Mufti Ganj","1235","Jaunpur","152","Uttar Pradesh","9"
1229,"Mungra Badshah Pur","1236","Jaunpur","152","Uttar Pradesh","9"
1230,"Ram Nagar","1237","Jaunpur","152","Uttar Pradesh","9"
1231,"Ram Pur","1238","Jaunpur","152","Uttar Pradesh","9"
1232,"Shah Ganj","1239","Jaunpur","152","Uttar Pradesh","9"
1233,"Sikrara","1240","Jaunpur","152","Uttar Pradesh","9"
1234,"Sirkoni","1241","Jaunpur","152","Uttar Pradesh","9"
1235,"Suitha Kala","1242","Jaunpur","152","Uttar Pradesh","9"
1236,"Sujan Ganj","1243","Jaunpur","152","Uttar Pradesh","9"
1237,"Babina","1244","Jhansi","153","Uttar Pradesh","9"
1238,"Badagaon","1245","Jhansi","153","Uttar Pradesh","9"
1239,"Bamaur","1246","Jhansi","153","Uttar Pradesh","9"
1240,"Bangra","1247","Jhansi","153","Uttar Pradesh","9"
1241,"Chirgaon","1248","Jhansi","153","Uttar Pradesh","9"
1242,"Gursarai","1249","Jhansi","153","Uttar Pradesh","9"
1243,"Mauranipur","1250","Jhansi","153","Uttar Pradesh","9"
1244,"Moth","1251","Jhansi","153","Uttar Pradesh","9"
1245,"Amroha","1252","Amroha","154","Uttar Pradesh","9"
1246,"Dhanaura","1253","Amroha","154","Uttar Pradesh","9"
1247,"Gajraula","1254","Amroha","154","Uttar Pradesh","9"
1248,"Gangeshwari","1255","Amroha","154","Uttar Pradesh","9"
1249,"Hasanpur","1256","Amroha","154","Uttar Pradesh","9"
1250,"Joya","1257","Amroha","154","Uttar Pradesh","9"
1251,"Chhibramau","1258","Kannauj","155","Uttar Pradesh","9"
1252,"Gughrapur","1259","Kannauj","155","Uttar Pradesh","9"
1253,"Haseran","1260","Kannauj","155","Uttar Pradesh","9"
1254,"Jalalabad","1261","Kannauj","155","Uttar Pradesh","9"
1255,"Kannauj","1262","Kannauj","155","Uttar Pradesh","9"
1256,"Saurikh","1263","Kannauj","155","Uttar Pradesh","9"
1257,"Talgram","1264","Kannauj","155","Uttar Pradesh","9"
1258,"Umarda","1265","Kannauj","155","Uttar Pradesh","9"
1259,"Akbarpur","1266","Kanpur Dehat","156","Uttar Pradesh","9"
1260,"Amrodha","1267","Kanpur Dehat","156","Uttar Pradesh","9"
1261,"Derapur","1268","Kanpur Dehat","156","Uttar Pradesh","9"
1262,"Jhinjhak","1269","Kanpur Dehat","156","Uttar Pradesh","9"
1263,"Maitha","1270","Kanpur Dehat","156","Uttar Pradesh","9"
1264,"Malasa","1271","Kanpur Dehat","156","Uttar Pradesh","9"
1265,"Rajpur","1272","Kanpur Dehat","156","Uttar Pradesh","9"
1266,"Rasulabad","1273","Kanpur Dehat","156","Uttar Pradesh","9"
1267,"Sandalpur","1274","Kanpur Dehat","156","Uttar Pradesh","9"
1268,"Sarbankhera","1275","Kanpur Dehat","156","Uttar Pradesh","9"
1269,"Bhitargaon","1276","Kanpur Nagar","157","Uttar Pradesh","9"
1270,"Bilhaur","1277","Kanpur Nagar","157","Uttar Pradesh","9"
1271,"Chaubeypur","1278","Kanpur Nagar","157","Uttar Pradesh","9"
1272,"Ghatampur","1279","Kanpur Nagar","157","Uttar Pradesh","9"
1273,"Kakwan","1280","Kanpur Nagar","157","Uttar Pradesh","9"
1274,"Kalyanpur","1281","Kanpur Nagar","157","Uttar Pradesh","9"
1275,"Patara","1282","Kanpur Nagar","157","Uttar Pradesh","9"
1276,"Sarsol","1283","Kanpur Nagar","157","Uttar Pradesh","9"
1277,"Shivrajpur","1284","Kanpur Nagar","157","Uttar Pradesh","9"
1278,"Vidhunu","1285","Kanpur Nagar","157","Uttar Pradesh","9"
1279,"Chail","1286","Kaushambi","158","Uttar Pradesh","9"
1280,"Kara","1287","Kaushambi","158","Uttar Pradesh","9"
1281,"Kaushambi","1288","Kaushambi","158","Uttar Pradesh","9"
1282,"Manjhanpur","1289","Kaushambi","158","Uttar Pradesh","9"
1283,"Mooratganj","1290","Kaushambi","158","Uttar Pradesh","9"
1284,"Nevada","1291","Kaushambi","158","Uttar Pradesh","9"
1285,"Sarsawan","1292","Kaushambi","158","Uttar Pradesh","9"
1286,"Sirathu","1293","Kaushambi","158","Uttar Pradesh","9"
1287,"Bankeyganj","1294","Kheri","159","Uttar Pradesh","9"
1288,"Behjam","1295","Kheri","159","Uttar Pradesh","9"
1289,"Bijuwa","1296","Kheri","159","Uttar Pradesh","9"
1290,"Dhaurhara","1297","Kheri","159","Uttar Pradesh","9"
1291,"Isanagar","1298","Kheri","159","Uttar Pradesh","9"
1292,"Kumbhigola","1299","Kheri","159","Uttar Pradesh","9"
1293,"Lakhimpur","1300","Kheri","159","Uttar Pradesh","9"
1294,"Mitauli","1301","Kheri","159","Uttar Pradesh","9"
1295,"Mohammadi","1302","Kheri","159","Uttar Pradesh","9"
1296,"Nakaha","1303","Kheri","159","Uttar Pradesh","9"
1297,"Nighasan","1304","Kheri","159","Uttar Pradesh","9"
1298,"Palia","1305","Kheri","159","Uttar Pradesh","9"
1299,"Pasgawan","1306","Kheri","159","Uttar Pradesh","9"
1300,"Phoolbehar","1307","Kheri","159","Uttar Pradesh","9"
1301,"Ramia Behar","1308","Kheri","159","Uttar Pradesh","9"
1302,"Dudhahi","1309","Kushi Nagar","160","Uttar Pradesh","9"
1303,"Fazilnagar","1310","Kushi Nagar","160","Uttar Pradesh","9"
1304,"Hata","1311","Kushi Nagar","160","Uttar Pradesh","9"
1305,"Kaptainganj","1312","Kushi Nagar","160","Uttar Pradesh","9"
1306,"Kasaya","1313","Kushi Nagar","160","Uttar Pradesh","9"
1307,"Khadda","1314","Kushi Nagar","160","Uttar Pradesh","9"
1308,"Motichak","1315","Kushi Nagar","160","Uttar Pradesh","9"
1309,"Nebua Naurangia","1316","Kushi Nagar","160","Uttar Pradesh","9"
1310,"Padrauna","1317","Kushi Nagar","160","Uttar Pradesh","9"
1311,"Ramkola","1318","Kushi Nagar","160","Uttar Pradesh","9"
1312,"Seorahi","1319","Kushi Nagar","160","Uttar Pradesh","9"
1313,"Sukrauli","1320","Kushi Nagar","160","Uttar Pradesh","9"
1314,"Tamkuhiraj","1321","Kushi Nagar","160","Uttar Pradesh","9"
1315,"Vishunpura","1322","Kushi Nagar","160","Uttar Pradesh","9"
1316,"Bar","1323","Lalitpur","161","Uttar Pradesh","9"
1317,"Birdha","1324","Lalitpur","161","Uttar Pradesh","9"
1318,"Jakhaura","1325","Lalitpur","161","Uttar Pradesh","9"
1319,"Mandawara","1326","Lalitpur","161","Uttar Pradesh","9"
1320,"Mehroni","1327","Lalitpur","161","Uttar Pradesh","9"
1321,"Talbehat","1328","Lalitpur","161","Uttar Pradesh","9"
1322,"Bakshi-ka-talab","1329","Lucknow","162","Uttar Pradesh","9"
1323,"Chinhat","1330","Lucknow","162","Uttar Pradesh","9"
1324,"Gosaiganj","1331","Lucknow","162","Uttar Pradesh","9"
1325,"Kakori","1332","Lucknow","162","Uttar Pradesh","9"
1326,"Mal","1333","Lucknow","162","Uttar Pradesh","9"
1327,"Malihabad","1334","Lucknow","162","Uttar Pradesh","9"
1328,"Mohanlalganj","1335","Lucknow","162","Uttar Pradesh","9"
1329,"Sarojaninagar","1336","Lucknow","162","Uttar Pradesh","9"
1330,"Hasayan","1337","Hathras","163","Uttar Pradesh","9"
1331,"Hathras","1338","Hathras","163","Uttar Pradesh","9"
1332,"Mursan","1339","Hathras","163","Uttar Pradesh","9"
1333,"Sadabad","1340","Hathras","163","Uttar Pradesh","9"
1334,"Sasni","1341","Hathras","163","Uttar Pradesh","9"
1335,"Sehpau","1342","Hathras","163","Uttar Pradesh","9"
1336,"Sikandrarao","1343","Hathras","163","Uttar Pradesh","9"
1337,"Bridgemanganj","1344","Maharajganj","164","Uttar Pradesh","9"
1338,"Dhani","1345","Maharajganj","164","Uttar Pradesh","9"
1339,"Ghughli","1346","Maharajganj","164","Uttar Pradesh","9"
1340,"Lakshmipur","1347","Maharajganj","164","Uttar Pradesh","9"
1341,"Mahrajganj","1348","Maharajganj","164","Uttar Pradesh","9"
1342,"Mithaura","1349","Maharajganj","164","Uttar Pradesh","9"
1343,"Nautanwa","1350","Maharajganj","164","Uttar Pradesh","9"
1344,"Nichlaul","1351","Maharajganj","164","Uttar Pradesh","9"
1345,"Paniyara","1352","Maharajganj","164","Uttar Pradesh","9"
1346,"Partawal","1353","Maharajganj","164","Uttar Pradesh","9"
1347,"Pharenda","1354","Maharajganj","164","Uttar Pradesh","9"
1348,"Siswa","1355","Maharajganj","164","Uttar Pradesh","9"
1349,"Charkhari","1356","Mahoba","165","Uttar Pradesh","9"
1350,"Jaitpur","1357","Mahoba","165","Uttar Pradesh","9"
1351,"Kabrai","1358","Mahoba","165","Uttar Pradesh","9"
1352,"Panwari","1359","Mahoba","165","Uttar Pradesh","9"
1353,"Barnahal","1360","Mainpuri","166","Uttar Pradesh","9"
1354,"Bewar","1361","Mainpuri","166","Uttar Pradesh","9"
1355,"Ghiror","1362","Mainpuri","166","Uttar Pradesh","9"
1356,"Jageer","1363","Mainpuri","166","Uttar Pradesh","9"
1357,"Karhal","1364","Mainpuri","166","Uttar Pradesh","9"
1358,"Kishni","1365","Mainpuri","166","Uttar Pradesh","9"
1359,"Kuraoli","1366","Mainpuri","166","Uttar Pradesh","9"
1360,"Mainpuri","1367","Mainpuri","166","Uttar Pradesh","9"
1361,"Sultanganj","1368","Mainpuri","166","Uttar Pradesh","9"
1362,"Baldeo","1369","Mathura","167","Uttar Pradesh","9"
1363,"Chaumuha","1370","Mathura","167","Uttar Pradesh","9"
1364,"Chhata","1371","Mathura","167","Uttar Pradesh","9"
1365,"Farah","1372","Mathura","167","Uttar Pradesh","9"
1366,"Govardhan","1373","Mathura","167","Uttar Pradesh","9"
1367,"Mat","1374","Mathura","167","Uttar Pradesh","9"
1368,"Mathura","1375","Mathura","167","Uttar Pradesh","9"
1369,"Nandgaon","1376","Mathura","167","Uttar Pradesh","9"
1370,"Nohjhil","1377","Mathura","167","Uttar Pradesh","9"
1371,"Raya","1378","Mathura","167","Uttar Pradesh","9"
1372,"Badraon","1379","Mau","168","Uttar Pradesh","9"
1373,"Dohri Ghat","1380","Mau","168","Uttar Pradesh","9"
1374,"Fatehpur Madaun","1381","Mau","168","Uttar Pradesh","9"
1375,"Ghosi","1382","Mau","168","Uttar Pradesh","9"
1376,"Kopaganj","1383","Mau","168","Uttar Pradesh","9"
1377,"Mohammadabad Gohana","1384","Mau","168","Uttar Pradesh","9"
1378,"Pardaha","1385","Mau","168","Uttar Pradesh","9"
1379,"Ranipur","1386","Mau","168","Uttar Pradesh","9"
1380,"Ratanpura","1387","Mau","168","Uttar Pradesh","9"
1381,"Daurala","1388","Meerut","169","Uttar Pradesh","9"
1382,"Hastinapur","1389","Meerut","169","Uttar Pradesh","9"
1383,"Janikhurd","1390","Meerut","169","Uttar Pradesh","9"
1384,"Kharkhoda","1391","Meerut","169","Uttar Pradesh","9"
1385,"Machra","1392","Meerut","169","Uttar Pradesh","9"
1386,"Mawana Kalan","1393","Meerut","169","Uttar Pradesh","9"
1387,"Meerut","1394","Meerut","169","Uttar Pradesh","9"
1388,"Parikshitgarh","1395","Meerut","169","Uttar Pradesh","9"
1389,"Rajpura","1396","Meerut","169","Uttar Pradesh","9"
1390,"Rohta","1397","Meerut","169","Uttar Pradesh","9"
1391,"Sardhana","1398","Meerut","169","Uttar Pradesh","9"
1392,"Sarurpur Khurd","1399","Meerut","169","Uttar Pradesh","9"
1393,"Chhanvey","1400","Mirzapur","170","Uttar Pradesh","9"
1394,"Hallia","1401","Mirzapur","170","Uttar Pradesh","9"
1395,"Jamalpur","1402","Mirzapur","170","Uttar Pradesh","9"
1396,"Kon","1403","Mirzapur","170","Uttar Pradesh","9"
1397,"Lalganj","1404","Mirzapur","170","Uttar Pradesh","9"
1398,"Majhawa","1405","Mirzapur","170","Uttar Pradesh","9"
1399,"Nagar (city)","1406","Mirzapur","170","Uttar Pradesh","9"
1400,"Narainpur","1407","Mirzapur","170","Uttar Pradesh","9"
1401,"Pahari","1408","Mirzapur","170","Uttar Pradesh","9"
1402,"Patehra","1409","Mirzapur","170","Uttar Pradesh","9"
1403,"Rajgarh","1410","Mirzapur","170","Uttar Pradesh","9"
1404,"Shikhar","1411","Mirzapur","170","Uttar Pradesh","9"
1405,"Asmauli","1412","Sambhal","659","Uttar Pradesh","9"
1406,"Bahjoi","1413","Sambhal","659","Uttar Pradesh","9"
1407,"Baniyakhera","1414","Sambhal","659","Uttar Pradesh","9"
1408,"Bhagatpur Tanda","1415","Moradabad","171","Uttar Pradesh","9"
1409,"Bilari","1416","Moradabad","171","Uttar Pradesh","9"
1410,"Chhajlet","1417","Moradabad","171","Uttar Pradesh","9"
1411,"Dilari","1418","Moradabad","171","Uttar Pradesh","9"
1412,"Kundarki","1419","Moradabad","171","Uttar Pradesh","9"
1413,"Moradabad","1420","Moradabad","171","Uttar Pradesh","9"
1414,"Munda Pandey","1421","Moradabad","171","Uttar Pradesh","9"
1415,"Panwasa","1422","Sambhal","659","Uttar Pradesh","9"
1416,"Sambhal","1423","Sambhal","659","Uttar Pradesh","9"
1417,"Thakurdwara","1424","Moradabad","171","Uttar Pradesh","9"
1418,"Baghara","1425","Muzaffarnagar","172","Uttar Pradesh","9"
1419,"Budhana","1426","Muzaffarnagar","172","Uttar Pradesh","9"
1420,"Charthawal","1427","Muzaffarnagar","172","Uttar Pradesh","9"
1421,"Jansath","1428","Muzaffarnagar","172","Uttar Pradesh","9"
1422,"Kairana","1429","Shamli","660","Uttar Pradesh","9"
1423,"Kandhla","1430","Shamli","660","Uttar Pradesh","9"
1424,"Khatauli","1431","Muzaffarnagar","172","Uttar Pradesh","9"
1425,"Morna","1432","Muzaffarnagar","172","Uttar Pradesh","9"
1426,"Muzaffarnagar","1433","Muzaffarnagar","172","Uttar Pradesh","9"
1427,"Purkaji","1434","Muzaffarnagar","172","Uttar Pradesh","9"
1428,"Shahpur","1435","Muzaffarnagar","172","Uttar Pradesh","9"
1429,"Shamli","1436","Shamli","660","Uttar Pradesh","9"
1430,"Thana Bhawan","1437","Shamli","660","Uttar Pradesh","9"
1431,"Un","1438","Shamli","660","Uttar Pradesh","9"
1432,"Amariya","1439","Pilibhit","173","Uttar Pradesh","9"
1433,"Barkhera","1440","Pilibhit","173","Uttar Pradesh","9"
1434,"Bilsanda","1441","Pilibhit","173","Uttar Pradesh","9"
1435,"Bisalpur","1442","Pilibhit","173","Uttar Pradesh","9"
1436,"Lalaurikhera","1443","Pilibhit","173","Uttar Pradesh","9"
1437,"Marori","1444","Pilibhit","173","Uttar Pradesh","9"
1438,"Puranpur","1445","Pilibhit","173","Uttar Pradesh","9"
1439,"Aspur Deosara","1446","Pratapgarh","174","Uttar Pradesh","9"
1440,"Baba Belkharnath Dham","1447","Pratapgarh","174","Uttar Pradesh","9"
1441,"Babaganj","1448","Pratapgarh","174","Uttar Pradesh","9"
1442,"Bihar","1449","Pratapgarh","174","Uttar Pradesh","9"
1443,"Gaura","1450","Pratapgarh","174","Uttar Pradesh","9"
1444,"Kalakankar","1451","Pratapgarh","174","Uttar Pradesh","9"
1445,"Kunda","1452","Pratapgarh","174","Uttar Pradesh","9"
1446,"Lakshamanpur","1453","Pratapgarh","174","Uttar Pradesh","9"
1447,"Lalganj","1454","Pratapgarh","174","Uttar Pradesh","9"
1448,"Magraura","1455","Pratapgarh","174","Uttar Pradesh","9"
1449,"Mandhata","1456","Pratapgarh","174","Uttar Pradesh","9"
1450,"Patti","1457","Pratapgarh","174","Uttar Pradesh","9"
1451,"Pratapgarh (sadar)","1458","Pratapgarh","174","Uttar Pradesh","9"
1452,"Rampur Sanramgarh","1459","Pratapgarh","174","Uttar Pradesh","9"
1453,"Sandwa Chandrika","1460","Pratapgarh","174","Uttar Pradesh","9"
1454,"Sangipur","1461","Pratapgarh","174","Uttar Pradesh","9"
1455,"Shivgarh","1462","Pratapgarh","174","Uttar Pradesh","9"
1456,"Amawan","1463","Rae Bareli","175","Uttar Pradesh","9"
1457,"Bachharawan","1464","Rae Bareli","175","Uttar Pradesh","9"
1458,"Bahadurpur","1465","Amethi","640","Uttar Pradesh","9"
1459,"Chhatoh","1466","Rae Bareli","175","Uttar Pradesh","9"
1460,"Dalmau","1467","Rae Bareli","175","Uttar Pradesh","9"
1461,"Deenshah Gaura","1468","Rae Bareli","175","Uttar Pradesh","9"
1462,"Dih","1469","Rae Bareli","175","Uttar Pradesh","9"
1463,"Harchandpur","1470","Rae Bareli","175","Uttar Pradesh","9"
1464,"Jagatpur","1471","Rae Bareli","175","Uttar Pradesh","9"
1465,"Khiron","1472","Rae Bareli","175","Uttar Pradesh","9"
1466,"Lalganj","1473","Rae Bareli","175","Uttar Pradesh","9"
1467,"Mahrajganj","1474","Rae Bareli","175","Uttar Pradesh","9"
1468,"Rahi","1475","Rae Bareli","175","Uttar Pradesh","9"
1469,"Rohania","1476","Rae Bareli","175","Uttar Pradesh","9"
1470,"Salon","1477","Rae Bareli","175","Uttar Pradesh","9"
1471,"Sareni","1478","Rae Bareli","175","Uttar Pradesh","9"
1472,"Sataon","1479","Rae Bareli","175","Uttar Pradesh","9"
1473,"Shivgarh","1480","Rae Bareli","175","Uttar Pradesh","9"
1474,"Singhpur","1481","Amethi","640","Uttar Pradesh","9"
1475,"Tiloi","1482","Amethi","640","Uttar Pradesh","9"
1476,"Unchahar","1483","Rae Bareli","175","Uttar Pradesh","9"
1477,"Bilaspur","1484","Rampur","176","Uttar Pradesh","9"
1478,"Chamraon","1485","Rampur","176","Uttar Pradesh","9"
1479,"Milak","1486","Rampur","176","Uttar Pradesh","9"
1480,"Saidnagar","1487","Rampur","176","Uttar Pradesh","9"
1481,"Shahabad","1488","Rampur","176","Uttar Pradesh","9"
1482,"Suar","1489","Rampur","176","Uttar Pradesh","9"
1483,"Ballia Kheri","1490","Saharanpur","177","Uttar Pradesh","9"
1484,"Deoband","1491","Saharanpur","177","Uttar Pradesh","9"
1485,"Gangoh","1492","Saharanpur","177","Uttar Pradesh","9"
1486,"Muzaffarabad","1493","Saharanpur","177","Uttar Pradesh","9"
1487,"Nagal","1494","Saharanpur","177","Uttar Pradesh","9"
1488,"Nakur","1495","Saharanpur","177","Uttar Pradesh","9"
1489,"Nanauta","1496","Saharanpur","177","Uttar Pradesh","9"
1490,"Puwarka","1497","Saharanpur","177","Uttar Pradesh","9"
1491,"Rampur Maniharan","1498","Saharanpur","177","Uttar Pradesh","9"
1492,"Sadauli Qadeem","1499","Saharanpur","177","Uttar Pradesh","9"
1493,"Sarsawan","1500","Saharanpur","177","Uttar Pradesh","9"
1494,"Baghauli","1501","Sant Kabeer Nagar","178","Uttar Pradesh","9"
1495,"Belhar Kala","1502","Sant Kabeer Nagar","178","Uttar Pradesh","9"
1496,"Hainsar Bazar","1503","Sant Kabeer Nagar","178","Uttar Pradesh","9"
1497,"Khalilabad","1504","Sant Kabeer Nagar","178","Uttar Pradesh","9"
1498,"Mehdawal","1505","Sant Kabeer Nagar","178","Uttar Pradesh","9"
1499,"Nath Nagar","1506","Sant Kabeer Nagar","178","Uttar Pradesh","9"
1500,"Pauli","1507","Sant Kabeer Nagar","178","Uttar Pradesh","9"
1501,"Santha","1508","Sant Kabeer Nagar","178","Uttar Pradesh","9"
1502,"Semariyawan","1509","Sant Kabeer Nagar","178","Uttar Pradesh","9"
1503,"Abhauli","1510","Bhadohi","179","Uttar Pradesh","9"
1504,"Aurai","1511","Bhadohi","179","Uttar Pradesh","9"
1505,"Bhadohi","1512","Bhadohi","179","Uttar Pradesh","9"
1506,"Deegh","1513","Bhadohi","179","Uttar Pradesh","9"
1507,"Gyanpur","1514","Bhadohi","179","Uttar Pradesh","9"
1508,"Suriyavan","1515","Bhadohi","179","Uttar Pradesh","9"
1509,"Banda","1516","Shahjahanpur","180","Uttar Pradesh","9"
1510,"Bhawal Khera","1517","Shahjahanpur","180","Uttar Pradesh","9"
1511,"Dadrol","1518","Shahjahanpur","180","Uttar Pradesh","9"
1512,"Jaitipur","1519","Shahjahanpur","180","Uttar Pradesh","9"
1513,"Jalalabad","1520","Shahjahanpur","180","Uttar Pradesh","9"
1514,"Kalan","1521","Shahjahanpur","180","Uttar Pradesh","9"
1515,"Kanth","1522","Shahjahanpur","180","Uttar Pradesh","9"
1516,"Khudaganj Katra","1523","Shahjahanpur","180","Uttar Pradesh","9"
1517,"Khutar","1524","Shahjahanpur","180","Uttar Pradesh","9"
1518,"Madnapur","1525","Shahjahanpur","180","Uttar Pradesh","9"
1519,"Mirzapur","1526","Shahjahanpur","180","Uttar Pradesh","9"
1520,"Nigohi","1527","Shahjahanpur","180","Uttar Pradesh","9"
1521,"Powayan","1528","Shahjahanpur","180","Uttar Pradesh","9"
1522,"Sindhauli","1529","Shahjahanpur","180","Uttar Pradesh","9"
1523,"Tilhar","1530","Shahjahanpur","180","Uttar Pradesh","9"
1524,"Ekona","1531","Shravasti","181","Uttar Pradesh","9"
1525,"Gilaula","1532","Shravasti","181","Uttar Pradesh","9"
1526,"Hariharpur Rani","1533","Shravasti","181","Uttar Pradesh","9"
1527,"Jamunaha","1534","Shravasti","181","Uttar Pradesh","9"
1528,"Sirsiya","1535","Shravasti","181","Uttar Pradesh","9"
1529,"Bansi","1536","Siddharth Nagar","182","Uttar Pradesh","9"
1530,"Barhni","1537","Siddharth Nagar","182","Uttar Pradesh","9"
1531,"Bhanwapur","1538","Siddharth Nagar","182","Uttar Pradesh","9"
1532,"Birdpur","1539","Siddharth Nagar","182","Uttar Pradesh","9"
1533,"Domariyaganj","1540","Siddharth Nagar","182","Uttar Pradesh","9"
1534,"Itwa","1541","Siddharth Nagar","182","Uttar Pradesh","9"
1535,"Jogia","1542","Siddharth Nagar","182","Uttar Pradesh","9"
1536,"Khesraha","1543","Siddharth Nagar","182","Uttar Pradesh","9"
1537,"Khuniyaon","1544","Siddharth Nagar","182","Uttar Pradesh","9"
1538,"Lotan","1545","Siddharth Nagar","182","Uttar Pradesh","9"
1539,"Mithwal","1546","Siddharth Nagar","182","Uttar Pradesh","9"
1540,"Naugarh","1547","Siddharth Nagar","182","Uttar Pradesh","9"
1541,"Shoharatgarh","1548","Siddharth Nagar","182","Uttar Pradesh","9"
1542,"Uska Bazar","1549","Siddharth Nagar","182","Uttar Pradesh","9"
1543,"Ailiya","1550","Sitapur","183","Uttar Pradesh","9"
1544,"Behta","1551","Sitapur","183","Uttar Pradesh","9"
1545,"Biswan","1552","Sitapur","183","Uttar Pradesh","9"
1546,"Gondlamau","1553","Sitapur","183","Uttar Pradesh","9"
1547,"Hargaon","1554","Sitapur","183","Uttar Pradesh","9"
1548,"Kasmanda","1555","Sitapur","183","Uttar Pradesh","9"
1549,"Khairabad","1556","Sitapur","183","Uttar Pradesh","9"
1550,"Laharpur","1557","Sitapur","183","Uttar Pradesh","9"
1551,"Machhrehta","1558","Sitapur","183","Uttar Pradesh","9"
1552,"Mahmudabad","1559","Sitapur","183","Uttar Pradesh","9"
1553,"Maholi","1560","Sitapur","183","Uttar Pradesh","9"
1554,"Misrikh","1561","Sitapur","183","Uttar Pradesh","9"
1555,"Pahala","1562","Sitapur","183","Uttar Pradesh","9"
1556,"Parsendi","1563","Sitapur","183","Uttar Pradesh","9"
1557,"Pisawan","1564","Sitapur","183","Uttar Pradesh","9"
1558,"Rampur Mathura","1565","Sitapur","183","Uttar Pradesh","9"
1559,"Reusa","1566","Sitapur","183","Uttar Pradesh","9"
1560,"Sakran","1567","Sitapur","183","Uttar Pradesh","9"
1561,"Sidhauli","1568","Sitapur","183","Uttar Pradesh","9"
1562,"Babhani","1569","Sonbhadra","184","Uttar Pradesh","9"
1563,"Chatra","1570","Sonbhadra","184","Uttar Pradesh","9"
1564,"Chopan","1571","Sonbhadra","184","Uttar Pradesh","9"
1565,"Dudhi","1572","Sonbhadra","184","Uttar Pradesh","9"
1566,"Ghorawal","1573","Sonbhadra","184","Uttar Pradesh","9"
1567,"Myorpur","1574","Sonbhadra","184","Uttar Pradesh","9"
1568,"Nagwa","1575","Sonbhadra","184","Uttar Pradesh","9"
1569,"Robertsganj","1576","Sonbhadra","184","Uttar Pradesh","9"
1570,"Akhand Nagar","1577","Sultanpur","185","Uttar Pradesh","9"
1571,"Amethi","1578","Amethi","640","Uttar Pradesh","9"
1572,"Baldirai","1579","Sultanpur","185","Uttar Pradesh","9"
1573,"Bhadaiya","1580","Sultanpur","185","Uttar Pradesh","9"
1574,"Bhadar","1581","Amethi","640","Uttar Pradesh","9"
1575,"Bhetua","1582","Amethi","640","Uttar Pradesh","9"
1576,"Dhanpatganj","1583","Sultanpur","185","Uttar Pradesh","9"
1577,"Dostpur","1584","Sultanpur","185","Uttar Pradesh","9"
1578,"Dubepur","1585","Sultanpur","185","Uttar Pradesh","9"
1579,"Gauriganj","1586","Amethi","640","Uttar Pradesh","9"
1580,"Jagdishpur","1587","Amethi","640","Uttar Pradesh","9"
1581,"Jaisinghpur","1588","Sultanpur","185","Uttar Pradesh","9"
1582,"Jamo","1589","Amethi","640","Uttar Pradesh","9"
1583,"Kadipur","1590","Sultanpur","185","Uttar Pradesh","9"
1584,"Kurebhar","1591","Sultanpur","185","Uttar Pradesh","9"
1585,"Kurwar","1592","Sultanpur","185","Uttar Pradesh","9"
1586,"Lambhua","1593","Sultanpur","185","Uttar Pradesh","9"
1587,"Motigarpur","1594","Sultanpur","185","Uttar Pradesh","9"
1588,"Musafir Khana","1595","Amethi","640","Uttar Pradesh","9"
1589,"P.p.kamaicha","1596","Sultanpur","185","Uttar Pradesh","9"
1590,"Sangrampur","1597","Amethi","640","Uttar Pradesh","9"
1591,"Shahgarh","1598","Amethi","640","Uttar Pradesh","9"
1592,"Shukul Bazar","1599","Amethi","640","Uttar Pradesh","9"
1593,"Asoha","1600","Unnao","186","Uttar Pradesh","9"
1594,"Auras","1601","Unnao","186","Uttar Pradesh","9"
1595,"Bangarmau","1602","Unnao","186","Uttar Pradesh","9"
1596,"Bichhiya","1603","Unnao","186","Uttar Pradesh","9"
1597,"Bighapur","1604","Unnao","186","Uttar Pradesh","9"
1598,"Fatehpur Chaurasi","1605","Unnao","186","Uttar Pradesh","9"
1599,"Ganj Moradabad","1606","Unnao","186","Uttar Pradesh","9"
1600,"Hasanganj","1607","Unnao","186","Uttar Pradesh","9"
1601,"Hilauli","1608","Unnao","186","Uttar Pradesh","9"
1602,"Mianganj","1609","Unnao","186","Uttar Pradesh","9"
1603,"Nawabganj","1610","Unnao","186","Uttar Pradesh","9"
1604,"Purwa","1611","Unnao","186","Uttar Pradesh","9"
1605,"Safipur","1612","Unnao","186","Uttar Pradesh","9"
1606,"Sikandarpur Karan","1613","Unnao","186","Uttar Pradesh","9"
1607,"Sikandarpur Sarausi","1614","Unnao","186","Uttar Pradesh","9"
1608,"Sumerpur","1615","Unnao","186","Uttar Pradesh","9"
1609,"Arajiline","1616","Varanasi","187","Uttar Pradesh","9"
1610,"Baragaon","1617","Varanasi","187","Uttar Pradesh","9"
1611,"Chiraigaon","1618","Varanasi","187","Uttar Pradesh","9"
1612,"Cholapur","1619","Varanasi","187","Uttar Pradesh","9"
1613,"Harahua","1620","Varanasi","187","Uttar Pradesh","9"
1614,"Kashi Vidyapeeth","1621","Varanasi","187","Uttar Pradesh","9"
1615,"Pindra","1622","Varanasi","187","Uttar Pradesh","9"
1616,"Sevapuri","1623","Varanasi","187","Uttar Pradesh","9"
1617,"Araria","1624","Araria","188","Bihar","10"
1618,"Bhargama","1625","Araria","188","Bihar","10"
1619,"Forbesganj","1626","Araria","188","Bihar","10"
1620,"Jokihat","1627","Araria","188","Bihar","10"
1621,"Kursakanta","1628","Araria","188","Bihar","10"
1622,"Narpatganj","1629","Araria","188","Bihar","10"
1623,"Palasi","1630","Araria","188","Bihar","10"
1624,"Raniganj","1631","Araria","188","Bihar","10"
1625,"Sikty","1632","Araria","188","Bihar","10"
1626,"Aurangabad","1633","Aurangabad","189","Bihar","10"
1627,"Barun","1634","Aurangabad","189","Bihar","10"
1628,"Daudnagar","1635","Aurangabad","189","Bihar","10"
1629,"Deo","1636","Aurangabad","189","Bihar","10"
1630,"Goh","1637","Aurangabad","189","Bihar","10"
1631,"Haspura","1638","Aurangabad","189","Bihar","10"
1632,"Kutumba","1639","Aurangabad","189","Bihar","10"
1633,"Madanpur","1640","Aurangabad","189","Bihar","10"
1634,"Nabinagar","1641","Aurangabad","189","Bihar","10"
1635,"Obra","1642","Aurangabad","189","Bihar","10"
1636,"Rafiganj","1643","Aurangabad","189","Bihar","10"
1637,"Amarpur","1644","Banka","190","Bihar","10"
1638,"Banka","1645","Banka","190","Bihar","10"
1639,"Barahat","1646","Banka","190","Bihar","10"
1640,"Bausi","1647","Banka","190","Bihar","10"
1641,"Belhar","1648","Banka","190","Bihar","10"
1642,"Chandan","1649","Banka","190","Bihar","10"
1643,"Dhuraiya","1650","Banka","190","Bihar","10"
1644,"Fullidumar","1651","Banka","190","Bihar","10"
1645,"Katoria","1652","Banka","190","Bihar","10"
1646,"Rajaun","1653","Banka","190","Bihar","10"
1647,"Shambhuganj","1654","Banka","190","Bihar","10"
1648,"Bachhwara","1655","Begusarai","191","Bihar","10"
1649,"Bakhri","1656","Begusarai","191","Bihar","10"
1650,"Ballia","1657","Begusarai","191","Bihar","10"
1651,"Barauni","1658","Begusarai","191","Bihar","10"
1652,"Begusarai","1659","Begusarai","191","Bihar","10"
1653,"Bhagwanpur","1660","Begusarai","191","Bihar","10"
1654,"Birpur","1661","Begusarai","191","Bihar","10"
1655,"Cheria Bariarpur","1662","Begusarai","191","Bihar","10"
1656,"Chhaurahi","1663","Begusarai","191","Bihar","10"
1657,"Dandari","1664","Begusarai","191","Bihar","10"
1658,"Gadhpura","1665","Begusarai","191","Bihar","10"
1659,"Khodawandpur","1666","Begusarai","191","Bihar","10"
1660,"Mansurchak","1667","Begusarai","191","Bihar","10"
1661,"Matihani","1668","Begusarai","191","Bihar","10"
1662,"Nawkothi","1669","Begusarai","191","Bihar","10"
1663,"Sahebpur Kamal","1670","Begusarai","191","Bihar","10"
1664,"Samho Akha Kurha","1671","Begusarai","191","Bihar","10"
1665,"Teghra","1672","Begusarai","191","Bihar","10"
1666,"Bihpur","1673","Bhagalpur","192","Bihar","10"
1667,"Kahalgaon","1674","Bhagalpur","192","Bihar","10"
1668,"Gopalpur","1675","Bhagalpur","192","Bihar","10"
1669,"Goradih","1676","Bhagalpur","192","Bihar","10"
1670,"Ismailpur","1677","Bhagalpur","192","Bihar","10"
1671,"Jagdishpur","1678","Bhagalpur","192","Bihar","10"
1672,"Kharik","1679","Bhagalpur","192","Bihar","10"
1673,"Narayanpur","1680","Bhagalpur","192","Bihar","10"
1674,"Nathnagar","1681","Bhagalpur","192","Bihar","10"
1675,"Naugachhia","1682","Bhagalpur","192","Bihar","10"
1676,"Pirpainti","1683","Bhagalpur","192","Bihar","10"
1677,"Rangrachowk","1684","Bhagalpur","192","Bihar","10"
1678,"Sabour","1685","Bhagalpur","192","Bihar","10"
1679,"Shahkund","1686","Bhagalpur","192","Bihar","10"
1680,"Sonhaula","1687","Bhagalpur","192","Bihar","10"
1681,"Sultanganj","1688","Bhagalpur","192","Bihar","10"
1682,"Agiaon","1689","Bhojpur","193","Bihar","10"
1683,"Ara","1690","Bhojpur","193","Bihar","10"
1684,"Barhara","1691","Bhojpur","193","Bihar","10"
1685,"Behea","1692","Bhojpur","193","Bihar","10"
1686,"Charpokhari","1693","Bhojpur","193","Bihar","10"
1687,"Garhani","1694","Bhojpur","193","Bihar","10"
1688,"Jagdishpur","1695","Bhojpur","193","Bihar","10"
1689,"Koilwar","1696","Bhojpur","193","Bihar","10"
1690,"Piro","1697","Bhojpur","193","Bihar","10"
1691,"Sahar","1698","Bhojpur","193","Bihar","10"
1692,"Sandesh","1699","Bhojpur","193","Bihar","10"
1693,"Shahpur","1700","Bhojpur","193","Bihar","10"
1694,"Tarari","1701","Bhojpur","193","Bihar","10"
1695,"Udwantnagar","1702","Bhojpur","193","Bihar","10"
1696,"Brahmpur","1703","Buxar","194","Bihar","10"
1697,"Buxar","1704","Buxar","194","Bihar","10"
1698,"Chakki","1705","Buxar","194","Bihar","10"
1699,"Chausa","1706","Buxar","194","Bihar","10"
1700,"Chougain","1707","Buxar","194","Bihar","10"
1701,"Dumraon","1708","Buxar","194","Bihar","10"
1702,"Itarhi","1709","Buxar","194","Bihar","10"
1703,"Kesath","1710","Buxar","194","Bihar","10"
1704,"Nawanagar","1711","Buxar","194","Bihar","10"
1705,"Rajpur","1712","Buxar","194","Bihar","10"
1706,"Simri","1713","Buxar","194","Bihar","10"
1707,"Alinagar","1714","Darbhanga","195","Bihar","10"
1708,"Bahadurpur","1715","Darbhanga","195","Bihar","10"
1709,"Baheri","1716","Darbhanga","195","Bihar","10"
1710,"Benipur","1717","Darbhanga","195","Bihar","10"
1711,"Biraul","1718","Darbhanga","195","Bihar","10"
1712,"Darbhanga","1719","Darbhanga","195","Bihar","10"
1713,"Gaurabauram","1720","Darbhanga","195","Bihar","10"
1714,"Ghanshyampur","1721","Darbhanga","195","Bihar","10"
1715,"Hanuman Nagar","1722","Darbhanga","195","Bihar","10"
1716,"Hayaghat","1723","Darbhanga","195","Bihar","10"
1717,"Jale","1724","Darbhanga","195","Bihar","10"
1718,"Keotirunway","1725","Darbhanga","195","Bihar","10"
1719,"Kiratpur","1726","Darbhanga","195","Bihar","10"
1720,"Kusheshwar Asthan","1727","Darbhanga","195","Bihar","10"
1721,"Kusheswar Asthan East","1728","Darbhanga","195","Bihar","10"
1722,"Manigachhi","1729","Darbhanga","195","Bihar","10"
1723,"Singhwara","1730","Darbhanga","195","Bihar","10"
1724,"Tardih","1731","Darbhanga","195","Bihar","10"
1725,"Amas","1732","Gaya","196","Bihar","10"
1726,"Atri","1733","Gaya","196","Bihar","10"
1727,"Bankey Bazar","1734","Gaya","196","Bihar","10"
1728,"Barachatti","1735","Gaya","196","Bihar","10"
1729,"Belaganj","1736","Gaya","196","Bihar","10"
1730,"Bodhgaya","1737","Gaya","196","Bihar","10"
1731,"Dobhi","1738","Gaya","196","Bihar","10"
1732,"Dumaria","1739","Gaya","196","Bihar","10"
1733,"Fatehpur","1740","Gaya","196","Bihar","10"
1734,"Gaya Town","1741","Gaya","196","Bihar","10"
1735,"Guraru","1742","Gaya","196","Bihar","10"
1736,"Gurua","1743","Gaya","196","Bihar","10"
1737,"Imamganj","1744","Gaya","196","Bihar","10"
1738,"Khizarsarai","1745","Gaya","196","Bihar","10"
1739,"Konch","1746","Gaya","196","Bihar","10"
1740,"Manpur","1747","Gaya","196","Bihar","10"
1741,"Mohanpur","1748","Gaya","196","Bihar","10"
1742,"Mohra","1749","Gaya","196","Bihar","10"
1743,"Neemchak Bathani","1750","Gaya","196","Bihar","10"
1744,"Paraiya","1751","Gaya","196","Bihar","10"
1745,"Sherghatty","1752","Gaya","196","Bihar","10"
1746,"Tankuppa","1753","Gaya","196","Bihar","10"
1747,"Tekari","1754","Gaya","196","Bihar","10"
1748,"Wazirganj","1755","Gaya","196","Bihar","10"
1749,"Baikunthpur","1756","Gopalganj","197","Bihar","10"
1750,"Barauli","1757","Gopalganj","197","Bihar","10"
1751,"Bhorey","1758","Gopalganj","197","Bihar","10"
1752,"Bijaipur","1759","Gopalganj","197","Bihar","10"
1753,"Gopalganj","1760","Gopalganj","197","Bihar","10"
1754,"Hathua","1761","Gopalganj","197","Bihar","10"
1755,"Kataiya","1762","Gopalganj","197","Bihar","10"
1756,"Kuchaikote","1763","Gopalganj","197","Bihar","10"
1757,"Manjha","1764","Gopalganj","197","Bihar","10"
1758,"Panchdeori","1765","Gopalganj","197","Bihar","10"
1759,"Phulwariya","1766","Gopalganj","197","Bihar","10"
1760,"Sidhwaliya","1767","Gopalganj","197","Bihar","10"
1761,"Thawe","1768","Gopalganj","197","Bihar","10"
1762,"Uchkagaon","1769","Gopalganj","197","Bihar","10"
1763,"Barhat","1770","Jamui","198","Bihar","10"
1764,"Chakai","1771","Jamui","198","Bihar","10"
1765,"Gidhor","1772","Jamui","198","Bihar","10"
1766,"Islamnagar Aliganj","1773","Jamui","198","Bihar","10"
1767,"Jamui","1774","Jamui","198","Bihar","10"
1768,"Jhajha","1775","Jamui","198","Bihar","10"
1769,"Khaira","1776","Jamui","198","Bihar","10"
1770,"Laxmipur","1777","Jamui","198","Bihar","10"
1771,"Sikandra","1778","Jamui","198","Bihar","10"
1772,"Sono","1779","Jamui","198","Bihar","10"
1773,"Ghoshi","1780","Jehanabad","199","Bihar","10"
1774,"Hulasganj","1781","Jehanabad","199","Bihar","10"
1775,"Jehanabad","1782","Jehanabad","199","Bihar","10"
1776,"Kako","1783","Jehanabad","199","Bihar","10"
1777,"Makhdumpur","1784","Jehanabad","199","Bihar","10"
1778,"Modanganj","1785","Jehanabad","199","Bihar","10"
1779,"Ratni Faridpur","1786","Jehanabad","199","Bihar","10"
1780,"Adhaura","1787","Kaimur (bhabua)","200","Bihar","10"
1781,"Bhabua","1788","Kaimur (bhabua)","200","Bihar","10"
1782,"Bhagwanpur","1789","Kaimur (bhabua)","200","Bihar","10"
1783,"Chainpur","1790","Kaimur (bhabua)","200","Bihar","10"
1784,"Chand","1791","Kaimur (bhabua)","200","Bihar","10"
1785,"Durgawati","1792","Kaimur (bhabua)","200","Bihar","10"
1786,"Kudra","1793","Kaimur (bhabua)","200","Bihar","10"
1787,"Mohania","1794","Kaimur (bhabua)","200","Bihar","10"
1788,"Nuaon","1795","Kaimur (bhabua)","200","Bihar","10"
1789,"Ramgarh","1796","Kaimur (bhabua)","200","Bihar","10"
1790,"Rampur","1797","Kaimur (bhabua)","200","Bihar","10"
1791,"Amdabad","1798","Katihar","201","Bihar","10"
1792,"Azamnagar","1799","Katihar","201","Bihar","10"
1793,"Balrampur","1800","Katihar","201","Bihar","10"
1794,"Barari","1801","Katihar","201","Bihar","10"
1795,"Barsoi","1802","Katihar","201","Bihar","10"
1796,"Dandkhora","1803","Katihar","201","Bihar","10"
1797,"Falka","1804","Katihar","201","Bihar","10"
1798,"Hasanganj","1805","Katihar","201","Bihar","10"
1799,"Kadwa","1806","Katihar","201","Bihar","10"
1800,"Katihar","1807","Katihar","201","Bihar","10"
1801,"Korha","1808","Katihar","201","Bihar","10"
1802,"Kursela","1809","Katihar","201","Bihar","10"
1803,"Manihari","1810","Katihar","201","Bihar","10"
1804,"Mansahi","1811","Katihar","201","Bihar","10"
1805,"Pranpur","1812","Katihar","201","Bihar","10"
1806,"Sameli","1813","Katihar","201","Bihar","10"
1807,"Alauli","1814","Khagaria","202","Bihar","10"
1808,"Beldaur","1815","Khagaria","202","Bihar","10"
1809,"Chautham","1816","Khagaria","202","Bihar","10"
1810,"Gogri","1817","Khagaria","202","Bihar","10"
1811,"Khagaria","1818","Khagaria","202","Bihar","10"
1812,"Mansi","1819","Khagaria","202","Bihar","10"
1813,"Parbatta","1820","Khagaria","202","Bihar","10"
1814,"Bahadurganj","1821","Kishanganj","203","Bihar","10"
1815,"Dighalbank","1822","Kishanganj","203","Bihar","10"
1816,"Kishanganj","1823","Kishanganj","203","Bihar","10"
1817,"Kochadhaman","1824","Kishanganj","203","Bihar","10"
1818,"Pothia","1825","Kishanganj","203","Bihar","10"
1819,"Terhagachh","1826","Kishanganj","203","Bihar","10"
1820,"Thakurganj","1827","Kishanganj","203","Bihar","10"
1821,"Barahiya","1828","Lakhisarai","204","Bihar","10"
1822,"Channan","1829","Lakhisarai","204","Bihar","10"
1823,"Halsi","1830","Lakhisarai","204","Bihar","10"
1824,"Lakhisarai","1831","Lakhisarai","204","Bihar","10"
1825,"Pipariya","1832","Lakhisarai","204","Bihar","10"
1826,"Ramgarh Chowk","1833","Lakhisarai","204","Bihar","10"
1827,"Surajgarha","1834","Lakhisarai","204","Bihar","10"
1828,"Alamnagar","1835","Madhepura","205","Bihar","10"
1829,"Bihariganj","1836","Madhepura","205","Bihar","10"
1830,"Chausa","1837","Madhepura","205","Bihar","10"
1831,"Gamhariya","1838","Madhepura","205","Bihar","10"
1832,"Ghelarh","1839","Madhepura","205","Bihar","10"
1833,"Gwalpara","1840","Madhepura","205","Bihar","10"
1834,"Kumarkhand","1841","Madhepura","205","Bihar","10"
1835,"Madhepura","1842","Madhepura","205","Bihar","10"
1836,"Murliganj","1843","Madhepura","205","Bihar","10"
1837,"Purani","1844","Madhepura","205","Bihar","10"
1838,"Shankarpur","1845","Madhepura","205","Bihar","10"
1839,"Singheshwar","1846","Madhepura","205","Bihar","10"
1840,"Udakishunganj","1847","Madhepura","205","Bihar","10"
1841,"Andhratharhi","1848","Madhubani","206","Bihar","10"
1842,"Babu Barhi","1849","Madhubani","206","Bihar","10"
1843,"Basopatti","1850","Madhubani","206","Bihar","10"
1844,"Benipatti","1851","Madhubani","206","Bihar","10"
1845,"Bisfi","1852","Madhubani","206","Bihar","10"
1846,"Ghoghardiha","1853","Madhubani","206","Bihar","10"
1847,"Harlakhi","1854","Madhubani","206","Bihar","10"
1848,"Jainagar","1855","Madhubani","206","Bihar","10"
1849,"Jhanjharpur","1856","Madhubani","206","Bihar","10"
1850,"Kaluahi","1857","Madhubani","206","Bihar","10"
1851,"Khajauli","1858","Madhubani","206","Bihar","10"
1852,"Ladania","1859","Madhubani","206","Bihar","10"
1853,"Lakhnaur","1860","Madhubani","206","Bihar","10"
1854,"Laukaha (khutauna)","1861","Madhubani","206","Bihar","10"
1855,"Laukahi","1862","Madhubani","206","Bihar","10"
1856,"Madhepur","1863","Madhubani","206","Bihar","10"
1857,"Rahika","1864","Madhubani","206","Bihar","10"
1858,"Madhwapur","1865","Madhubani","206","Bihar","10"
1859,"Pandaul","1866","Madhubani","206","Bihar","10"
1860,"Phulparas","1867","Madhubani","206","Bihar","10"
1861,"Rajnagar","1868","Madhubani","206","Bihar","10"
1862,"Asarganj","1869","Munger","207","Bihar","10"
1863,"Bariyarpur","1870","Munger","207","Bihar","10"
1864,"Dharhara","1871","Munger","207","Bihar","10"
1865,"Jamalpur","1872","Munger","207","Bihar","10"
1866,"Kharagpur","1873","Munger","207","Bihar","10"
1867,"Munger Sadar","1874","Munger","207","Bihar","10"
1868,"Sangrampur","1875","Munger","207","Bihar","10"
1869,"Tarapur","1876","Munger","207","Bihar","10"
1870,"Tetiabambar","1877","Munger","207","Bihar","10"
1871,"Aurai","1878","Muzaffarpur","208","Bihar","10"
1872,"Bandra","1879","Muzaffarpur","208","Bihar","10"
1873,"Bochahan","1880","Muzaffarpur","208","Bihar","10"
1874,"Gaighat","1881","Muzaffarpur","208","Bihar","10"
1875,"Kanti","1882","Muzaffarpur","208","Bihar","10"
1876,"Katra","1883","Muzaffarpur","208","Bihar","10"
1877,"Kurhani","1884","Muzaffarpur","208","Bihar","10"
1878,"Marwan","1885","Muzaffarpur","208","Bihar","10"
1879,"Minapur","1886","Muzaffarpur","208","Bihar","10"
1880,"Motipur","1887","Muzaffarpur","208","Bihar","10"
1881,"Muraul","1888","Muzaffarpur","208","Bihar","10"
1882,"Mushahari","1889","Muzaffarpur","208","Bihar","10"
1883,"Paroo","1890","Muzaffarpur","208","Bihar","10"
1884,"Sahebganj","1891","Muzaffarpur","208","Bihar","10"
1885,"Sakra","1892","Muzaffarpur","208","Bihar","10"
1886,"Saraiya","1893","Muzaffarpur","208","Bihar","10"
1887,"Asthawan","1894","Nalanda","209","Bihar","10"
1888,"Ben","1895","Nalanda","209","Bihar","10"
1889,"Biharsharif","1896","Nalanda","209","Bihar","10"
1890,"Bind","1897","Nalanda","209","Bihar","10"
1891,"Chandi","1898","Nalanda","209","Bihar","10"
1892,"Ekangarsarai","1899","Nalanda","209","Bihar","10"
1893,"Giriak","1900","Nalanda","209","Bihar","10"
1894,"Harnaut","1901","Nalanda","209","Bihar","10"
1895,"Hilsa","1902","Nalanda","209","Bihar","10"
1896,"Islampur","1903","Nalanda","209","Bihar","10"
1897,"Karai Parsurai","1904","Nalanda","209","Bihar","10"
1898,"Katrisarai","1905","Nalanda","209","Bihar","10"
1899,"Nagar Nausa","1906","Nalanda","209","Bihar","10"
1900,"Noorsarai","1907","Nalanda","209","Bihar","10"
1901,"Parbalpur","1908","Nalanda","209","Bihar","10"
1902,"Rahui","1909","Nalanda","209","Bihar","10"
1903,"Rajgir","1910","Nalanda","209","Bihar","10"
1904,"Sarmera","1911","Nalanda","209","Bihar","10"
1905,"Silao","1912","Nalanda","209","Bihar","10"
1906,"Tharthari","1913","Nalanda","209","Bihar","10"
1907,"Akbarpur","1914","Nawada","210","Bihar","10"
1908,"Gobindpur","1915","Nawada","210","Bihar","10"
1909,"Hisua","1916","Nawada","210","Bihar","10"
1910,"Kashichak","1917","Nawada","210","Bihar","10"
1911,"Kawakole","1918","Nawada","210","Bihar","10"
1912,"Mescaur","1919","Nawada","210","Bihar","10"
1913,"Nardiganj","1920","Nawada","210","Bihar","10"
1914,"Narhat","1921","Nawada","210","Bihar","10"
1915,"Nawada","1922","Nawada","210","Bihar","10"
1916,"Pakri Barawan","1923","Nawada","210","Bihar","10"
1917,"Rajauli","1924","Nawada","210","Bihar","10"
1918,"Roh","1925","Nawada","210","Bihar","10"
1919,"Sirdala","1926","Nawada","210","Bihar","10"
1920,"Warisaliganj","1927","Nawada","210","Bihar","10"
1921,"Bagaha-i","1928","Pashchim Champaran","211","Bihar","10"
1922,"Bagaha-ii","1929","Pashchim Champaran","211","Bihar","10"
1923,"Bairia","1930","Pashchim Champaran","211","Bihar","10"
1924,"Bettiah","1931","Pashchim Champaran","211","Bihar","10"
1925,"Bhitaha","1932","Pashchim Champaran","211","Bihar","10"
1926,"Chanpatia","1933","Pashchim Champaran","211","Bihar","10"
1927,"Gaunaha","1934","Pashchim Champaran","211","Bihar","10"
1928,"Jogapatti","1935","Pashchim Champaran","211","Bihar","10"
1929,"Lauriya","1936","Pashchim Champaran","211","Bihar","10"
1930,"Madhubani","1937","Pashchim Champaran","211","Bihar","10"
1931,"Mainatand","1938","Pashchim Champaran","211","Bihar","10"
1932,"Majhaulia","1939","Pashchim Champaran","211","Bihar","10"
1933,"Narkatiaganj","1940","Pashchim Champaran","211","Bihar","10"
1934,"Nautan","1941","Pashchim Champaran","211","Bihar","10"
1935,"Piprasi","1942","Pashchim Champaran","211","Bihar","10"
1936,"Ramnagar","1943","Pashchim Champaran","211","Bihar","10"
1937,"Sikta","1944","Pashchim Champaran","211","Bihar","10"
1938,"Thakrahan","1945","Pashchim Champaran","211","Bihar","10"
1939,"Athamalgola","1946","Patna","212","Bihar","10"
1940,"Bakhtiarpur","1947","Patna","212","Bihar","10"
1941,"Barh","1948","Patna","212","Bihar","10"
1942,"Belchchi","1949","Patna","212","Bihar","10"
1943,"Bihta","1950","Patna","212","Bihar","10"
1944,"Bikram","1951","Patna","212","Bihar","10"
1945,"Daniyawan","1952","Patna","212","Bihar","10"
1946,"Dhanarua","1953","Patna","212","Bihar","10"
1947,"Dinapur","1954","Patna","212","Bihar","10"
1948,"Dulhin Bazar","1955","Patna","212","Bihar","10"
1949,"Fatuha","1956","Patna","212","Bihar","10"
1950,"Ghoswari","1957","Patna","212","Bihar","10"
1951,"Khusrupur","1958","Patna","212","Bihar","10"
1952,"Maner","1959","Patna","212","Bihar","10"
1953,"Masaurhi","1960","Patna","212","Bihar","10"
1954,"Mokama","1961","Patna","212","Bihar","10"
1955,"Naubatpur","1962","Patna","212","Bihar","10"
1956,"Paliganj","1963","Patna","212","Bihar","10"
1957,"Pandarak","1964","Patna","212","Bihar","10"
1958,"Patna Sadar","1965","Patna","212","Bihar","10"
1959,"Phulwari","1966","Patna","212","Bihar","10"
1960,"Punpun","1967","Patna","212","Bihar","10"
1961,"Sampatchak","1968","Patna","212","Bihar","10"
1962,"Adapur","1969","Purbi Champaran","213","Bihar","10"
1963,"Areraj","1970","Purbi Champaran","213","Bihar","10"
1964,"Banjariya","1971","Purbi Champaran","213","Bihar","10"
1965,"Bankatwa","1972","Purbi Champaran","213","Bihar","10"
1966,"Chakia (pipra)","1973","Purbi Champaran","213","Bihar","10"
1967,"Chawradano","1974","Purbi Champaran","213","Bihar","10"
1968,"Chiraiya","1975","Purbi Champaran","213","Bihar","10"
1969,"Dhaka","1976","Purbi Champaran","213","Bihar","10"
1970,"Ghorasahan","1977","Purbi Champaran","213","Bihar","10"
1971,"Harsidhi","1978","Purbi Champaran","213","Bihar","10"
1972,"Kalyanpur","1979","Purbi Champaran","213","Bihar","10"
1973,"Kesaria","1980","Purbi Champaran","213","Bihar","10"
1974,"Kotwa","1981","Purbi Champaran","213","Bihar","10"
1975,"Madhuban","1982","Purbi Champaran","213","Bihar","10"
1976,"Mehsi","1983","Purbi Champaran","213","Bihar","10"
1977,"Motihari","1984","Purbi Champaran","213","Bihar","10"
1978,"Paharpur","1985","Purbi Champaran","213","Bihar","10"
1979,"Pakridayal","1986","Purbi Champaran","213","Bihar","10"
1980,"Patahi","1987","Purbi Champaran","213","Bihar","10"
1981,"Phenhara","1988","Purbi Champaran","213","Bihar","10"
1982,"Pipra Kothi","1989","Purbi Champaran","213","Bihar","10"
1983,"Ramgarhwa","1990","Purbi Champaran","213","Bihar","10"
1984,"Raxaul","1991","Purbi Champaran","213","Bihar","10"
1985,"Sangrampur","1992","Purbi Champaran","213","Bihar","10"
1986,"Sugauli","1993","Purbi Champaran","213","Bihar","10"
1987,"Tetariya","1994","Purbi Champaran","213","Bihar","10"
1988,"Turkaulia","1995","Purbi Champaran","213","Bihar","10"
1989,"Amour","1996","Purnia","214","Bihar","10"
1990,"Baisa","1997","Purnia","214","Bihar","10"
1991,"Baisi","1998","Purnia","214","Bihar","10"
1992,"Banmankhi","1999","Purnia","214","Bihar","10"
1993,"Barhara","2000","Purnia","214","Bihar","10"
1994,"Bhawanipur","2001","Purnia","214","Bihar","10"
1995,"Dagraua","2002","Purnia","214","Bihar","10"
1996,"Dhamdaha","2003","Purnia","214","Bihar","10"
1997,"Jalalgarh","2004","Purnia","214","Bihar","10"
1998,"Kasba","2005","Purnia","214","Bihar","10"
1999,"Krityanand Nagar","2006","Purnia","214","Bihar","10"
2000,"Purnia East","2007","Purnia","214","Bihar","10"
2001,"Rupouli","2008","Purnia","214","Bihar","10"
2002,"Srinagar","2009","Purnia","214","Bihar","10"
2003,"Akorhigola","2010","Rohtas","215","Bihar","10"
2004,"Bikramganj","2011","Rohtas","215","Bihar","10"
2005,"Chenari","2012","Rohtas","215","Bihar","10"
2006,"Dawath","2013","Rohtas","215","Bihar","10"
2007,"Dehri","2014","Rohtas","215","Bihar","10"
2008,"Dinara","2015","Rohtas","215","Bihar","10"
2009,"Karakat","2016","Rohtas","215","Bihar","10"
2010,"Kargahar","2017","Rohtas","215","Bihar","10"
2011,"Kochas","2018","Rohtas","215","Bihar","10"
2012,"Nasriganj","2019","Rohtas","215","Bihar","10"
2013,"Nawhatta","2020","Rohtas","215","Bihar","10"
2014,"Nokha","2021","Rohtas","215","Bihar","10"
2015,"Rajpur","2022","Rohtas","215","Bihar","10"
2016,"Rohtas","2023","Rohtas","215","Bihar","10"
2017,"Sanjhouli","2024","Rohtas","215","Bihar","10"
2018,"Sasaram","2025","Rohtas","215","Bihar","10"
2019,"Sheosagar","2026","Rohtas","215","Bihar","10"
2020,"Surajpura","2027","Rohtas","215","Bihar","10"
2021,"Tilouthu","2028","Rohtas","215","Bihar","10"
2022,"Banma Itahari","2029","Saharsa","216","Bihar","10"
2023,"Kahara","2030","Saharsa","216","Bihar","10"
2024,"Mahishi","2031","Saharsa","216","Bihar","10"
2025,"Nauhatta","2032","Saharsa","216","Bihar","10"
2026,"Patarghat","2033","Saharsa","216","Bihar","10"
2027,"Salkhua","2034","Saharsa","216","Bihar","10"
2028,"Sattar Kattaiya","2035","Saharsa","216","Bihar","10"
2029,"Simri Bakhtiarpur","2036","Saharsa","216","Bihar","10"
2030,"Sonbarsa","2037","Saharsa","216","Bihar","10"
2031,"Sour Bazar","2038","Saharsa","216","Bihar","10"
2032,"Bibhutipur","2039","Samastipur","217","Bihar","10"
2033,"Bithan","2040","Samastipur","217","Bihar","10"
2034,"Dalsinghsarai","2041","Samastipur","217","Bihar","10"
2035,"Hasanpur","2042","Samastipur","217","Bihar","10"
2036,"Kalyanpur","2043","Samastipur","217","Bihar","10"
2037,"Khanpur","2044","Samastipur","217","Bihar","10"
2038,"Mohanpur","2045","Samastipur","217","Bihar","10"
2039,"Mohiuddinagar","2046","Samastipur","217","Bihar","10"
2040,"Morwa","2047","Samastipur","217","Bihar","10"
2041,"Patori","2048","Samastipur","217","Bihar","10"
2042,"Pusa","2049","Samastipur","217","Bihar","10"
2043,"Rosera","2050","Samastipur","217","Bihar","10"
2044,"Samastipur","2051","Samastipur","217","Bihar","10"
2045,"Sarairanjan","2052","Samastipur","217","Bihar","10"
2046,"Shivaji Nagar","2053","Samastipur","217","Bihar","10"
2047,"Singhia","2054","Samastipur","217","Bihar","10"
2048,"Tajpur","2055","Samastipur","217","Bihar","10"
2049,"Ujiarpur","2056","Samastipur","217","Bihar","10"
2050,"Vidyapati Nagar","2057","Samastipur","217","Bihar","10"
2051,"Warisnagar","2058","Samastipur","217","Bihar","10"
2052,"Amnour","2059","Saran","218","Bihar","10"
2053,"Baniapur","2060","Saran","218","Bihar","10"
2054,"Chhapra","2061","Saran","218","Bihar","10"
2055,"Dariapur","2062","Saran","218","Bihar","10"
2056,"Dighwara","2063","Saran","218","Bihar","10"
2057,"Ekma","2064","Saran","218","Bihar","10"
2058,"Garkha","2065","Saran","218","Bihar","10"
2059,"Isuapur","2066","Saran","218","Bihar","10"
2060,"Jalalpur","2067","Saran","218","Bihar","10"
2061,"Lahladpur","2068","Saran","218","Bihar","10"
2062,"Maker","2069","Saran","218","Bihar","10"
2063,"Manjhi","2070","Saran","218","Bihar","10"
2064,"Marhaurah","2071","Saran","218","Bihar","10"
2065,"Mashrakh","2072","Saran","218","Bihar","10"
2066,"Nagra","2073","Saran","218","Bihar","10"
2067,"Panapur","2074","Saran","218","Bihar","10"
2068,"Parsa","2075","Saran","218","Bihar","10"
2069,"Revelganj","2076","Saran","218","Bihar","10"
2070,"Sonepur","2077","Saran","218","Bihar","10"
2071,"Taraiya","2078","Saran","218","Bihar","10"
2072,"Ariari","2079","Sheikhpura","219","Bihar","10"
2073,"Barbigha","2080","Sheikhpura","219","Bihar","10"
2074,"Chewara","2081","Sheikhpura","219","Bihar","10"
2075,"Ghatkusumbha","2082","Sheikhpura","219","Bihar","10"
2076,"Shekhopur Sarai","2083","Sheikhpura","219","Bihar","10"
2077,"Sheikhpura","2084","Sheikhpura","219","Bihar","10"
2078,"Dumari Katsari","2085","Sheohar","220","Bihar","10"
2079,"Piprahi","2086","Sheohar","220","Bihar","10"
2080,"Purnahiya","2087","Sheohar","220","Bihar","10"
2081,"Sheohar","2088","Sheohar","220","Bihar","10"
2082,"Tariyani","2089","Sheohar","220","Bihar","10"
2083,"Bairgania","2090","Sitamarhi","221","Bihar","10"
2084,"Bajpatti","2091","Sitamarhi","221","Bihar","10"
2085,"Bathanaha","2092","Sitamarhi","221","Bihar","10"
2086,"Belsand","2093","Sitamarhi","221","Bihar","10"
2087,"Bokhra","2094","Sitamarhi","221","Bihar","10"
2088,"Choraut","2095","Sitamarhi","221","Bihar","10"
2089,"Dumra","2096","Sitamarhi","221","Bihar","10"
2090,"Majorganj","2097","Sitamarhi","221","Bihar","10"
2091,"Nanpur","2098","Sitamarhi","221","Bihar","10"
2092,"Parihar","2099","Sitamarhi","221","Bihar","10"
2093,"Parsauni","2100","Sitamarhi","221","Bihar","10"
2094,"Pupri","2101","Sitamarhi","221","Bihar","10"
2095,"Riga","2102","Sitamarhi","221","Bihar","10"
2096,"Runnisaidpur","2103","Sitamarhi","221","Bihar","10"
2097,"Sonbarsa","2104","Sitamarhi","221","Bihar","10"
2098,"Suppi","2105","Sitamarhi","221","Bihar","10"
2099,"Sursand","2106","Sitamarhi","221","Bihar","10"
2100,"Andar","2107","Siwan","222","Bihar","10"
2101,"Barharia","2108","Siwan","222","Bihar","10"
2102,"Basantpur","2109","Siwan","222","Bihar","10"
2103,"Bhagwanpur Hat","2110","Siwan","222","Bihar","10"
2104,"Darauli","2111","Siwan","222","Bihar","10"
2105,"Daraundha","2112","Siwan","222","Bihar","10"
2106,"Goriakothi","2113","Siwan","222","Bihar","10"
2107,"Guthani","2114","Siwan","222","Bihar","10"
2108,"Hasan Pura","2115","Siwan","222","Bihar","10"
2109,"Hussainganj","2116","Siwan","222","Bihar","10"
2110,"Lakri Nabiganj","2117","Siwan","222","Bihar","10"
2111,"Maharajganj","2118","Siwan","222","Bihar","10"
2112,"Mairwa","2119","Siwan","222","Bihar","10"
2113,"Nautan","2120","Siwan","222","Bihar","10"
2114,"Pachrukhi","2121","Siwan","222","Bihar","10"
2115,"Raghunathpur","2122","Siwan","222","Bihar","10"
2116,"Siswan","2123","Siwan","222","Bihar","10"
2117,"Siwan","2124","Siwan","222","Bihar","10"
2118,"Ziradei","2125","Siwan","222","Bihar","10"
2119,"Basantpur","2126","Supaul","223","Bihar","10"
2120,"Chhatapur","2127","Supaul","223","Bihar","10"
2121,"Kishanpur","2128","Supaul","223","Bihar","10"
2122,"Marauna","2129","Supaul","223","Bihar","10"
2123,"Nirmali","2130","Supaul","223","Bihar","10"
2124,"Pipra","2131","Supaul","223","Bihar","10"
2125,"Pratapganj","2132","Supaul","223","Bihar","10"
2126,"Raghopur","2133","Supaul","223","Bihar","10"
2127,"Saraigarh Bhaptiyahi","2134","Supaul","223","Bihar","10"
2128,"Supaul","2135","Supaul","223","Bihar","10"
2129,"Tribeniganj","2136","Supaul","223","Bihar","10"
2130,"Bhagwanpur","2137","Vaishali","224","Bihar","10"
2131,"Bidupur","2138","Vaishali","224","Bihar","10"
2132,"Chehrakala","2139","Vaishali","224","Bihar","10"
2133,"Desri","2140","Vaishali","224","Bihar","10"
2134,"Garaul","2141","Vaishali","224","Bihar","10"
2135,"Hajipur","2142","Vaishali","224","Bihar","10"
2136,"Jandaha","2143","Vaishali","224","Bihar","10"
2137,"Lalganj","2144","Vaishali","224","Bihar","10"
2138,"Mahnar","2145","Vaishali","224","Bihar","10"
2139,"Mahua","2146","Vaishali","224","Bihar","10"
2140,"Patedhi Belsar","2147","Vaishali","224","Bihar","10"
2141,"Patepur","2148","Vaishali","224","Bihar","10"
2142,"Raghopur","2149","Vaishali","224","Bihar","10"
2143,"Rajapakar","2150","Vaishali","224","Bihar","10"
2144,"Sahdei Buzurg","2151","Vaishali","224","Bihar","10"
2145,"Vaishali","2152","Vaishali","224","Bihar","10"
2146,"Nandok","2153","Gangtok","225","Sikkim","11"
2147,"Pakyong","2154","Pakyong","741","Sikkim","11"
2148,"Chungthang","2155","Mangan","226","Sikkim","11"
2149,"Mangan","2156","Mangan","226","Sikkim","11"
2150,"Namchi","2157","Namchi","227","Sikkim","11"
2151,"Ravangla","2158","Namchi","227","Sikkim","11"
2152,"Gyalshing","2159","Gyalshing","228","Sikkim","11"
2153,"Soreng","2160","Soreng","742","Sikkim","11"
2154,"Bordumsa","2161","Changlang","229","Arunachal Pradesh","12"
2155,"Changlang","2162","Changlang","229","Arunachal Pradesh","12"
2156,"Khagam-miao","2166","Changlang","229","Arunachal Pradesh","12"
2157,"Nampong","2167","Changlang","229","Arunachal Pradesh","12"
2158,"Anini-mepi","2169","Dibang Valley","230","Arunachal Pradesh","12"
2159,"Bameng","2172","East Kameng","231","Arunachal Pradesh","12"
2160,"Chayangtajo","2174","East Kameng","231","Arunachal Pradesh","12"
2161,"Pakkekessang","2175","Pakke Kessang","723","Arunachal Pradesh","12"
2162,"Seppa","2180","East Kameng","231","Arunachal Pradesh","12"
2163,"Mebo","2186","East Siang","232","Arunachal Pradesh","12"
2164,"Pangin","2189","Siang","679","Arunachal Pradesh","12"
2165,"Chambang","2192","Kra Daadi","677","Arunachal Pradesh","12"
2166,"Damin","2193","Kurung Kumey","233","Arunachal Pradesh","12"
2167,"Koloriang","2195","Kurung Kumey","233","Arunachal Pradesh","12"
2168,"Nyapin","2196","Kurung Kumey","233","Arunachal Pradesh","12"
2169,"Palin","2197","Kra Daadi","677","Arunachal Pradesh","12"
2170,"Tali","2202","Kra Daadi","677","Arunachal Pradesh","12"
2171,"Hawai-walong","2207","Anjaw","628","Arunachal Pradesh","12"
2172,"Hayuliang","2208","Anjaw","628","Arunachal Pradesh","12"
2173,"Tezu","2214","Lohit","234","Arunachal Pradesh","12"
2174,"Wakro","2216","Lohit","234","Arunachal Pradesh","12"
2175,"Hunli-kronli","2218","Lower Dibang Valley","235","Arunachal Pradesh","12"
2176,"Roing","2222","Lower Dibang Valley","235","Arunachal Pradesh","12"
2177,"Hong-hari","2225","Lower Subansiri","236","Arunachal Pradesh","12"
2178,"Tamen-raga","2232","Kamle","718","Arunachal Pradesh","12"
2179,"Ziro-i","2233","Lower Subansiri","236","Arunachal Pradesh","12"
2180,"Ziro-ii","2236","Lower Subansiri","236","Arunachal Pradesh","12"
2181,"Doimukh","2238","Papum Pare","237","Arunachal Pradesh","12"
2182,"Sagalee","2243","Papum Pare","237","Arunachal Pradesh","12"
2183,"Jang-thingbu","2247","Tawang","238","Arunachal Pradesh","12"
2184,"Lumla","2249","Tawang","238","Arunachal Pradesh","12"
2185,"Tawang","2251","Tawang","238","Arunachal Pradesh","12"
2186,"Mariyang","2270","Upper Siang","240","Arunachal Pradesh","12"
2187,"Tuting","2271","Upper Siang","240","Arunachal Pradesh","12"
2188,"Yingkiong","2272","Upper Siang","240","Arunachal Pradesh","12"
2189,"Giba","2275","Upper Subansiri","241","Arunachal Pradesh","12"
2190,"Daporijo","2276","Upper Subansiri","241","Arunachal Pradesh","12"
2191,"Dumporijo","2278","Upper Subansiri","241","Arunachal Pradesh","12"
2192,"Nacho","2281","Upper Subansiri","241","Arunachal Pradesh","12"
2193,"Taliha","2285","Upper Subansiri","241","Arunachal Pradesh","12"
2194,"Dirang","2287","West Kameng","242","Arunachal Pradesh","12"
2195,"Kalaktang","2289","West Kameng","242","Arunachal Pradesh","12"
2196,"Thrizino","2294","West Kameng","242","Arunachal Pradesh","12"
2197,"Along West","2299","West Siang","243","Arunachal Pradesh","12"
2198,"Basar","2300","Leparada","724","Arunachal Pradesh","12"
2199,"Gensi","2303","Lower Siang","719","Arunachal Pradesh","12"
2200,"Kaying","2305","Siang","679","Arunachal Pradesh","12"
2201,"Liromoba-yomcha","2307","West Siang","243","Arunachal Pradesh","12"
2202,"Mechuka-tato","2309","Shi Yomi","725","Arunachal Pradesh","12"
2203,"Rumgong","2311","Siang","679","Arunachal Pradesh","12"
2204,"Dhansiripar","2313","Dimapur","244","Nagaland","13"
2205,"Kuhuboto","2314","Dimapur","244","Nagaland","13"
2206,"Medziphema","2315","Dimapur","244","Nagaland","13"
2207,"Niuland","2316","Dimapur","244","Nagaland","13"
2208,"Chiephobozou","2317","Kohima","245","Nagaland","13"
2209,"Jakhama","2318","Kohima","245","Nagaland","13"
2210,"Jalukie","2319","Peren","613","Nagaland","13"
2211,"Kohima","2320","Kohima","245","Nagaland","13"
2212,"Peren","2321","Peren","613","Nagaland","13"
2213,"Tenning","2322","Peren","613","Nagaland","13"
2214,"Tseminyu","2323","Kohima","245","Nagaland","13"
2215,"Changtongya","2324","Mokokchung","246","Nagaland","13"
2216,"Kubolong","2325","Mokokchung","246","Nagaland","13"
2217,"Longchem","2326","Mokokchung","246","Nagaland","13"
2218,"Mangkolemba","2327","Mokokchung","246","Nagaland","13"
2219,"Ongpangkong(north)","2328","Mokokchung","246","Nagaland","13"
2220,"Ongpangkong(south)","2329","Mokokchung","246","Nagaland","13"
2221,"Chen","2330","Mon","247","Nagaland","13"
2222,"Mon","2331","Mon","247","Nagaland","13"
2223,"Phomching","2332","Mon","247","Nagaland","13"
2224,"Tizit","2333","Mon","247","Nagaland","13"
2225,"Tobu","2334","Mon","247","Nagaland","13"
2226,"Wakching","2335","Mon","247","Nagaland","13"
2227,"Kikruma","2336","Phek","248","Nagaland","13"
2228,"Meluri","2337","Phek","248","Nagaland","13"
2229,"Pfutsero","2338","Phek","248","Nagaland","13"
2230,"Phek","2339","Phek","248","Nagaland","13"
2231,"Sekruzu","2340","Phek","248","Nagaland","13"
2232,"Chare","2341","Tuensang","249","Nagaland","13"
2233,"Chessore","2342","Tuensang","249","Nagaland","13"
2234,"Longkhim","2343","Tuensang","249","Nagaland","13"
2235,"Noklak","2344","Tuensang","249","Nagaland","13"
2236,"Noksen","2345","Tuensang","249","Nagaland","13"
2237,"Sangsangyu","2346","Tuensang","249","Nagaland","13"
2238,"Shamator","2347","Tuensang","249","Nagaland","13"
2239,"Thonoknyu","2348","Tuensang","249","Nagaland","13"
2240,"Bhandari","2349","Wokha","250","Nagaland","13"
2241,"Chukitong","2350","Wokha","250","Nagaland","13"
2242,"Sanis","2351","Wokha","250","Nagaland","13"
2243,"Wokha","2352","Wokha","250","Nagaland","13"
2244,"Wozhuro-ralan","2353","Wokha","250","Nagaland","13"
2245,"Akuluto","2354","Zunheboto","251","Nagaland","13"
2246,"Ghathashi","2355","Zunheboto","251","Nagaland","13"
2247,"Satakha","2356","Zunheboto","251","Nagaland","13"
2248,"Tokiye","2357","Zunheboto","251","Nagaland","13"
2249,"Zunheboto","2358","Zunheboto","251","Nagaland","13"
2250,"Bishnupur","2359","Bishnupur","252","Manipur","14"
2251,"Moirang","2360","Bishnupur","252","Manipur","14"
2252,"Chakpikarong","2361","Chandel","253","Manipur","14"
2253,"Chandel","2362","Chandel","253","Manipur","14"
2254,"Machi","2363","Tengnoupal","716","Manipur","14"
2255,"Tengnoupal","2364","Tengnoupal","716","Manipur","14"
2256,"Haorangsabal","2368","Imphal West","256","Manipur","14"
2257,"Wangoi","2369","Imphal West","256","Manipur","14"
2258,"Kangpokpi","2370","Kangpokpi","712","Manipur","14"
2259,"Paomata","2371","Senapati","257","Manipur","14"
2260,"Purul","2372","Senapati","257","Manipur","14"
2261,"Saikul","2373","Kangpokpi","712","Manipur","14"
2262,"Saitu Gamphazol","2374","Kangpokpi","712","Manipur","14"
2263,"Tadubi","2375","Senapati","257","Manipur","14"
2264,"Nungba","2376","Noney","714","Manipur","14"
2265,"Tamei","2377","Tamenglong","258","Manipur","14"
2266,"Tamenglong","2378","Tamenglong","258","Manipur","14"
2267,"Tousem","2379","Tamenglong","258","Manipur","14"
2268,"Kakching","2380","Kakching","711","Manipur","14"
2269,"Thoubal","2381","Thoubal","259","Manipur","14"
2270,"Chingai","2382","Ukhrul","260","Manipur","14"
2271,"Kamjong","2383","Kamjong","717","Manipur","14"
2272,"Kasom Khullen","2384","Kamjong","717","Manipur","14"
2273,"Phungyar","2385","Kamjong","717","Manipur","14"
2274,"Ukhrul","2386","Ukhrul","260","Manipur","14"
2275,"Aibawk","2387","Aizawl","261","Mizoram","15"
2276,"Darlawn","2388","Aizawl","261","Mizoram","15"
2277,"Phullen","2389","Saitual","727","Mizoram","15"
2278,"Thingsulthliah","2390","Aizawl","261","Mizoram","15"
2279,"Tlangnuam","2391","Aizawl","261","Mizoram","15"
2280,"Khawbung","2392","Champhai","262","Mizoram","15"
2281,"Khawzawl","2393","Khawzawl","728","Mizoram","15"
2282,"Ngopa","2394","Saitual","727","Mizoram","15"
2283,"Thingdawl","2395","Kolasib","263","Mizoram","15"
2284,"Bungtlang South","2396","Lawngtlai","264","Mizoram","15"
2285,"Chawngte","2397","Lawngtlai","264","Mizoram","15"
2286,"Lawngtlai","2398","Lawngtlai","264","Mizoram","15"
2287,"Sangau","2399","Lawngtlai","264","Mizoram","15"
2288,"Bunghmun","2400","Lunglei","265","Mizoram","15"
2289,"Hnahthial","2401","Hnahthial","726","Mizoram","15"
2290,"Lunglei","2402","Lunglei","265","Mizoram","15"
2291,"Lungsen","2403","Lunglei","265","Mizoram","15"
2292,"Reiek","2404","Mamit","266","Mizoram","15"
2293,"West Phaileng","2405","Mamit","266","Mizoram","15"
2294,"Zawlnuam","2406","Mamit","266","Mizoram","15"
2295,"Saiha","2407","Saiha","267","Mizoram","15"
2296,"Tuipang","2409","Saiha","267","Mizoram","15"
2297,"Ambassa","2410","Dhalai","269","Tripura","16"
2298,"Chawmanu","2411","Dhalai","269","Tripura","16"
2299,"Dumburnagar","2412","Dhalai","269","Tripura","16"
2300,"Manu","2413","Dhalai","269","Tripura","16"
2301,"Salema","2414","Dhalai","269","Tripura","16"
2302,"Damcherra","2415","North Tripura","270","Tripura","16"
2303,"Dasda","2416","North Tripura","270","Tripura","16"
2304,"Gournagar","2417","Unakoti","655","Tripura","16"
2305,"Jampui Hills","2418","North Tripura","270","Tripura","16"
2306,"Kadamtala","2419","North Tripura","270","Tripura","16"
2307,"Kumarghat","2420","Unakoti","655","Tripura","16"
2308,"Panisagar","2421","North Tripura","270","Tripura","16"
2309,"Pecharthal","2422","Unakoti","655","Tripura","16"
2310,"Amarpur","2423","Gomati","654","Tripura","16"
2311,"Bokafa","2424","South Tripura","271","Tripura","16"
2312,"Hrishyamukh","2425","South Tripura","271","Tripura","16"
2313,"Kakraban","2426","Gomati","654","Tripura","16"
2314,"Karbook","2427","Gomati","654","Tripura","16"
2315,"Killa","2428","Gomati","654","Tripura","16"
2316,"Matabari","2429","Gomati","654","Tripura","16"
2317,"Ompi","2430","Gomati","654","Tripura","16"
2318,"Rajnagar","2431","South Tripura","271","Tripura","16"
2319,"Rupaichari","2432","South Tripura","271","Tripura","16"
2320,"Satchand","2433","South Tripura","271","Tripura","16"
2321,"Bishalgarh","2434","Sepahijala","653","Tripura","16"
2322,"Boxanagar","2435","Sepahijala","653","Tripura","16"
2323,"Dukli","2436","West Tripura","272","Tripura","16"
2324,"Hezamara","2437","West Tripura","272","Tripura","16"
2325,"Jampuijala","2438","Sepahijala","653","Tripura","16"
2326,"Jirania","2439","West Tripura","272","Tripura","16"
2327,"Kalyanpur","2440","Khowai","652","Tripura","16"
2328,"Kathalia","2441","Sepahijala","653","Tripura","16"
2329,"Khowai","2442","Khowai","652","Tripura","16"
2330,"Mandwai","2443","West Tripura","272","Tripura","16"
2331,"Nalchar","2444","Sepahijala","653","Tripura","16"
2332,"Mohanpur","2445","West Tripura","272","Tripura","16"
2333,"Mungiakami","2446","Khowai","652","Tripura","16"
2334,"Padmabil","2447","Khowai","652","Tripura","16"
2335,"Teliamura","2448","Khowai","652","Tripura","16"
2336,"Tulashikhar","2449","Khowai","652","Tripura","16"
2337,"Dambo Rongjeng","2450","East Garo Hills","273","Meghalaya","17"
2338,"Kharkutta","2451","North Garo Hills","656","Meghalaya","17"
2339,"Resubelpara","2452","North Garo Hills","656","Meghalaya","17"
2340,"Samanda","2453","East Garo Hills","273","Meghalaya","17"
2341,"Songsak","2454","East Garo Hills","273","Meghalaya","17"
2342,"Khadarshnong-laitkroh","2455","East Khasi Hills","274","Meghalaya","17"
2343,"Mawkynrew","2456","East Khasi Hills","274","Meghalaya","17"
2344,"Mawphlang","2457","East Khasi Hills","274","Meghalaya","17"
2345,"Mawryngkneng","2458","East Khasi Hills","274","Meghalaya","17"
2346,"Mawsynram","2459","East Khasi Hills","274","Meghalaya","17"
2347,"Mylliem","2460","East Khasi Hills","274","Meghalaya","17"
2348,"Pynursla","2461","East Khasi Hills","274","Meghalaya","17"
2349,"Shella Bholaganj","2462","East Khasi Hills","274","Meghalaya","17"
2350,"Amlarem","2463","West Jaintia Hills","275","Meghalaya","17"
2351,"Wapung","2464","East Jaintia Hills","657","Meghalaya","17"
2352,"Laskein","2465","West Jaintia Hills","275","Meghalaya","17"
2353,"Saipung","2466","East Jaintia Hills","657","Meghalaya","17"
2354,"Thadlaskein","2467","West Jaintia Hills","275","Meghalaya","17"
2355,"Jirang","2468","Ri Bhoi","276","Meghalaya","17"
2356,"Umling","2469","Ri Bhoi","276","Meghalaya","17"
2357,"Umsning","2470","Ri Bhoi","276","Meghalaya","17"
2358,"Baghmara","2471","South Garo Hills","277","Meghalaya","17"
2359,"Chokpot","2472","South Garo Hills","277","Meghalaya","17"
2360,"Gasuapara","2473","South Garo Hills","277","Meghalaya","17"
2361,"Rongara","2474","South Garo Hills","277","Meghalaya","17"
2362,"Betasing","2475","South West Garo Hills","663","Meghalaya","17"
2363,"Dadenggiri","2476","West Garo Hills","278","Meghalaya","17"
2364,"Dalu","2477","West Garo Hills","278","Meghalaya","17"
2365,"Gambegre","2478","West Garo Hills","278","Meghalaya","17"
2366,"Rongram","2479","West Garo Hills","278","Meghalaya","17"
2367,"Salsella","2480","West Garo Hills","278","Meghalaya","17"
2368,"Tikrikilla","2481","West Garo Hills","278","Meghalaya","17"
2369,"Zikzak","2482","South West Garo Hills","663","Meghalaya","17"
2370,"Mairang","2483","Eastern West Khasi Hills","740","Meghalaya","17"
2371,"Mawkyrwat","2484","South West Khasi Hills","658","Meghalaya","17"
2372,"Mawshynrut","2485","West Khasi Hills","279","Meghalaya","17"
2373,"Mawthadraishan","2486","Eastern West Khasi Hills","740","Meghalaya","17"
2374,"Nongstoin","2487","West Khasi Hills","279","Meghalaya","17"
2375,"Ranikor","2488","South West Khasi Hills","658","Meghalaya","17"
2376,"Bajali","2489","Bajali","739","Assam","18"
2377,"Barpeta","2490","Barpeta","280","Assam","18"
2378,"Bhabanipur","2491","Bajali","739","Assam","18"
2379,"Chakchaka","2492","Barpeta","280","Assam","18"
2380,"Chenga","2493","Barpeta","280","Assam","18"
2381,"Gomaphulbari","2495","Barpeta","280","Assam","18"
2382,"Jalah","2496","Baksa","616","Assam","18"
2383,"Mandia","2497","Barpeta","280","Assam","18"
2384,"Pakabetbari","2498","Barpeta","280","Assam","18"
2385,"Ruposhi","2499","Barpeta","280","Assam","18"
2386,"Sarukhetri","2500","Barpeta","280","Assam","18"
2387,"Boitamari","2501","Bongaigaon","281","Assam","18"
2388,"Borobazar","2502","Chirang","612","Assam","18"
2389,"Dangtol","2503","Bongaigaon","281","Assam","18"
2390,"Sidli-chirang","2505","Chirang","612","Assam","18"
2391,"Srijangram","2506","Bongaigaon","281","Assam","18"
2392,"Tapattary","2507","Bongaigaon","281","Assam","18"
2393,"Banskandi","2508","Cachar","282","Assam","18"
2394,"Barjalenga","2509","Cachar","282","Assam","18"
2395,"Binnakandi","2510","Cachar","282","Assam","18"
2396,"Borkhola","2511","Cachar","282","Assam","18"
2397,"Kalain","2512","Cachar","282","Assam","18"
2398,"Katigorah","2513","Cachar","282","Assam","18"
2399,"Lakhipur","2514","Cachar","282","Assam","18"
2400,"Narsingpur","2515","Cachar","282","Assam","18"
2401,"Palonghat","2516","Cachar","282","Assam","18"
2402,"Rajabazar","2517","Cachar","282","Assam","18"
2403,"Salchapra","2518","Cachar","282","Assam","18"
2404,"Silchar","2519","Cachar","282","Assam","18"
2405,"Sonai","2520","Cachar","282","Assam","18"
2406,"Tapang","2521","Cachar","282","Assam","18"
2407,"Udharbond","2522","Cachar","282","Assam","18"
2408,"Bechimari","2523","Darrang","283","Assam","18"
2409,"Dalgaon-sialmari","2527","Darrang","283","Assam","18"
2410,"Kalaigaon","2528","Darrang","283","Assam","18"
2411,"Pachim-mangaldai","2535","Darrang","283","Assam","18"
2412,"Pub-mangaldai","2537","Darrang","283","Assam","18"
2413,"Sipajhar","2540","Darrang","283","Assam","18"
2414,"Sissiborgaon","2544","Dhemaji","284","Assam","18"
2415,"Bordoloni","2545","Dhemaji","284","Assam","18"
2416,"Dhemaji","2546","Dhemaji","284","Assam","18"
2417,"Machkhowa","2547","Dhemaji","284","Assam","18"
2418,"Murkongselek","2548","Dhemaji","284","Assam","18"
2419,"Agomani","2549","Dhubri","285","Assam","18"
2420,"Birshing-jarua","2551","Dhubri","285","Assam","18"
2421,"Fekamari","2554","South Salmara Mancachar","707","Assam","18"
2422,"Gauripur","2555","Dhubri","285","Assam","18"
2423,"Jamadarhat","2557","Dhubri","285","Assam","18"
2424,"Mankachar","2559","South Salmara Mancachar","707","Assam","18"
2425,"Nayeralga","2560","Dhubri","285","Assam","18"
2426,"South Salmara","2562","Dhubri","285","Assam","18"
2427,"Barbaruah","2563","Dibrugarh","286","Assam","18"
2428,"Joypur","2564","Dibrugarh","286","Assam","18"
2429,"Khowang","2565","Dibrugarh","286","Assam","18"
2430,"Lahoal","2566","Dibrugarh","286","Assam","18"
2431,"Panitola","2567","Dibrugarh","286","Assam","18"
2432,"Tengakhat","2568","Dibrugarh","286","Assam","18"
2433,"Tingkhong","2569","Dibrugarh","286","Assam","18"
2434,"Balijana","2570","Goalpara","287","Assam","18"
2435,"Jaleswar","2571","Goalpara","287","Assam","18"
2436,"Kharmuza","2572","Goalpara","287","Assam","18"
2437,"Krishnai","2573","Goalpara","287","Assam","18"
2438,"Kuchdhowa","2574","Goalpara","287","Assam","18"
2439,"Lakhipur","2575","Goalpara","287","Assam","18"
2440,"Matia","2576","Goalpara","287","Assam","18"
2441,"Rongjuli","2577","Goalpara","287","Assam","18"
2442,"Golaghat Central","2578","Golaghat","288","Assam","18"
2443,"Golaghat East","2579","Golaghat","288","Assam","18"
2444,"Golaghat North","2580","Golaghat","288","Assam","18"
2445,"Golaghat South","2581","Golaghat","288","Assam","18"
2446,"Golaghat West","2582","Golaghat","288","Assam","18"
2447,"Gomariguri","2583","Golaghat","288","Assam","18"
2448,"Kakodonga","2584","Golaghat","288","Assam","18"
2449,"Morongi","2585","Golaghat","288","Assam","18"
2450,"Algapur","2586","Hailakandi","289","Assam","18"
2451,"Hailakandi","2587","Hailakandi","289","Assam","18"
2452,"Katlicherra","2588","Hailakandi","289","Assam","18"
2453,"Lala","2589","Hailakandi","289","Assam","18"
2454,"South Hailakandi","2590","Hailakandi","289","Assam","18"
2455,"Jorhat","2591","Jorhat","290","Assam","18"
2456,"Jorhat Central","2592","Jorhat","290","Assam","18"
2457,"Jorhat East","2593","Jorhat","290","Assam","18"
2458,"Kaliapani","2594","Jorhat","290","Assam","18"
2459,"Majuli","2595","Majuli","706","Assam","18"
2460,"North West Jorhat","2596","Jorhat","290","Assam","18"
2461,"Titabor","2597","Jorhat","290","Assam","18"
2462,"Ujani Majuli","2598","Majuli","706","Assam","18"
2463,"Bezera","2599","Kamrup","291","Assam","18"
2464,"Bihdia -jajikona","2600","Kamrup","291","Assam","18"
2465,"Boko","2601","Kamrup","291","Assam","18"
2466,"Bongaon","2602","Kamrup","291","Assam","18"
2467,"Chamaria","2603","Kamrup","291","Assam","18"
2468,"Chandrapur","2604","Kamrup Metro","618","Assam","18"
2469,"Chayani","2605","Kamrup","291","Assam","18"
2470,"Chaygaon","2606","Kamrup","291","Assam","18"
2471,"Dimoria","2607","Kamrup Metro","618","Assam","18"
2472,"Goreswar","2608","Tamulpur","756","Assam","18"
2473,"Goroimari","2609","Kamrup","291","Assam","18"
2474,"Hajo","2610","Kamrup","291","Assam","18"
2475,"Kamalpur","2611","Kamrup","291","Assam","18"
2476,"Rampur","2612","Kamrup","291","Assam","18"
2477,"Rangia","2613","Kamrup","291","Assam","18"
2478,"Rani","2614","Kamrup","291","Assam","18"
2479,"Sualkuchi","2615","Kamrup","291","Assam","18"
2480,"Amri","2616","West Karbi Anglong","710","Assam","18"
2481,"Bokajan","2617","Karbi Anglong","292","Assam","18"
2482,"Chinthong","2618","West Karbi Anglong","710","Assam","18"
2483,"Howraghat","2619","Karbi Anglong","292","Assam","18"
2484,"Langsomepi","2620","Karbi Anglong","292","Assam","18"
2485,"Lumbajong","2621","Karbi Anglong","292","Assam","18"
2486,"Nilip","2622","Karbi Anglong","292","Assam","18"
2487,"Rongkhang","2623","West Karbi Anglong","710","Assam","18"
2488,"Rongmongwe","2624","Karbi Anglong","292","Assam","18"
2489,"Samelangso","2625","Karbi Anglong","292","Assam","18"
2490,"Socheng","2626","West Karbi Anglong","710","Assam","18"
2491,"Badarpur","2627","Karimganj","293","Assam","18"
2492,"Dullavcherra","2628","Karimganj","293","Assam","18"
2493,"Lowairpoa","2629","Karimganj","293","Assam","18"
2494,"North Karimganj","2630","Karimganj","293","Assam","18"
2495,"Patharkandi","2631","Karimganj","293","Assam","18"
2496,"Ramkrishna Nagar","2632","Karimganj","293","Assam","18"
2497,"South Karimganj","2633","Karimganj","293","Assam","18"
2498,"Dotma","2634","Kokrajhar","294","Assam","18"
2499,"Gossaigaon","2635","Kokrajhar","294","Assam","18"
2500,"Kachugaon","2637","Kokrajhar","294","Assam","18"
2501,"Kokrajhar","2638","Kokrajhar","294","Assam","18"
2502,"Bihpuria","2640","Lakhimpur","295","Assam","18"
2503,"Boginadi","2641","Lakhimpur","295","Assam","18"
2504,"Dhakuakhana","2642","Lakhimpur","295","Assam","18"
2505,"Ghilamara","2643","Lakhimpur","295","Assam","18"
2506,"Karunabari","2644","Lakhimpur","295","Assam","18"
2507,"Lakhimpur","2645","Lakhimpur","295","Assam","18"
2508,"Narayanpur","2646","Lakhimpur","295","Assam","18"
2509,"Nowboicha","2647","Lakhimpur","295","Assam","18"
2510,"Telahi","2648","Lakhimpur","295","Assam","18"
2511,"Batabraba (part)","2649","Marigaon","296","Assam","18"
2512,"Bhurbandha","2650","Marigaon","296","Assam","18"
2513,"Dolongghat (part)","2651","Marigaon","296","Assam","18"
2514,"Kapili","2652","Marigaon","296","Assam","18"
2515,"Laharighat","2653","Marigaon","296","Assam","18"
2516,"Mayang","2654","Marigaon","296","Assam","18"
2517,"Moirabari","2655","Marigaon","296","Assam","18"
2518,"Bajiagaon","2656","Nagaon","297","Assam","18"
2519,"Barhampur","2657","Nagaon","297","Assam","18"
2520,"Batadrava","2658","Nagaon","297","Assam","18"
2521,"Binakandi","2659","Hojai","709","Assam","18"
2522,"Dhalpukhuri","2660","Hojai","709","Assam","18"
2523,"Dolongghat","2661","Nagaon","297","Assam","18"
2524,"Jugijan","2662","Hojai","709","Assam","18"
2525,"Juria","2663","Nagaon","297","Assam","18"
2526,"Kaliabor","2664","Nagaon","297","Assam","18"
2527,"Kapili Pt.i","2665","Nagaon","297","Assam","18"
2528,"Kathiatoli","2666","Nagaon","297","Assam","18"
2529,"Khagarijan","2667","Nagaon","297","Assam","18"
2530,"Laokhowa","2668","Nagaon","297","Assam","18"
2531,"Lumding","2669","Hojai","709","Assam","18"
2532,"Moirabari Part","2670","Nagaon","297","Assam","18"
2533,"Pachim Kaliabor","2671","Nagaon","297","Assam","18"
2534,"Pakhimoria","2672","Nagaon","297","Assam","18"
2535,"Raha","2673","Nagaon","297","Assam","18"
2536,"Rupahi","2674","Nagaon","297","Assam","18"
2537,"Udali","2675","Hojai","709","Assam","18"
2538,"Barama","2676","Baksa","616","Assam","18"
2539,"Barigog Banbhag","2677","Nalbari","298","Assam","18"
2540,"Barkhetri","2678","Nalbari","298","Assam","18"
2541,"Baska","2679","Baksa","616","Assam","18"
2542,"Borbhag","2680","Nalbari","298","Assam","18"
2543,"Dhamdhama","2681","Baksa","616","Assam","18"
2544,"Madhupur","2682","Nalbari","298","Assam","18"
2545,"Nagrijuli","2683","Tamulpur","756","Assam","18"
2546,"Paschim Nalbari","2684","Nalbari","298","Assam","18"
2547,"Pub Nalbari","2685","Nalbari","298","Assam","18"
2548,"Tamulpur","2686","Tamulpur","756","Assam","18"
2549,"Tihu","2687","Nalbari","298","Assam","18"
2550,"Diyang Valley","2688","Dima Hasao","299","Assam","18"
2551,"Diyungbra","2689","Dima Hasao","299","Assam","18"
2552,"Harangajao","2690","Dima Hasao","299","Assam","18"
2553,"Jatinga Valley","2691","Dima Hasao","299","Assam","18"
2554,"New Sangbar","2692","Dima Hasao","299","Assam","18"
2555,"Amguri","2693","Sivasagar","300","Assam","18"
2556,"Demow","2694","Sivasagar","300","Assam","18"
2557,"Gaurisagar","2695","Sivasagar","300","Assam","18"
2558,"Lakuwa","2696","Charaideo","708","Assam","18"
2559,"Nazira","2697","Sivasagar","300","Assam","18"
2560,"Sapekhati","2698","Charaideo","708","Assam","18"
2561,"Sivasagar","2699","Sivasagar","300","Assam","18"
2562,"Sonari","2700","Charaideo","708","Assam","18"
2563,"West Abhaipur","2701","Charaideo","708","Assam","18"
2564,"Baghmara","2702","Biswanath","705","Assam","18"
2565,"Balipara","2703","Sonitpur","301","Assam","18"
2566,"Behali","2704","Biswanath","705","Assam","18"
2567,"Bihaguri","2705","Sonitpur","301","Assam","18"
2568,"Biswanath","2706","Biswanath","705","Assam","18"
2569,"Borchala","2707","Sonitpur","301","Assam","18"
2570,"Chaiduar","2708","Biswanath","705","Assam","18"
2571,"Dhekiajuli","2709","Sonitpur","301","Assam","18"
2572,"Gabhoru","2710","Sonitpur","301","Assam","18"
2573,"Naduar","2711","Sonitpur","301","Assam","18"
2574,"Pub Chaiduar","2712","Biswanath","705","Assam","18"
2575,"Rangapara","2713","Sonitpur","301","Assam","18"
2576,"Sakomatha","2714","Biswanath","705","Assam","18"
2577,"Sootea","2715","Biswanath","705","Assam","18"
2578,"Guijan","2716","Tinsukia","302","Assam","18"
2579,"Hapjan","2717","Tinsukia","302","Assam","18"
2580,"Itakhuli","2718","Tinsukia","302","Assam","18"
2581,"Kakopathar","2719","Tinsukia","302","Assam","18"
2582,"Margherita","2720","Tinsukia","302","Assam","18"
2583,"Sadiya","2721","Tinsukia","302","Assam","18"
2584,"Saikhowa","2722","Tinsukia","302","Assam","18"
2585,"Amdanga","2723","24 Paraganas North","303","West Bengal","19"
2586,"Baduria","2724","24 Paraganas North","303","West Bengal","19"
2587,"Bagda","2725","24 Paraganas North","303","West Bengal","19"
2588,"Barasat-i","2726","24 Paraganas North","303","West Bengal","19"
2589,"Barasat-ii","2727","24 Paraganas North","303","West Bengal","19"
2590,"Barrackpur-i","2728","24 Paraganas North","303","West Bengal","19"
2591,"Barrackpur-ii","2729","24 Paraganas North","303","West Bengal","19"
2592,"Basirhat-i","2730","24 Paraganas North","303","West Bengal","19"
2593,"Basirhat-ii","2731","24 Paraganas North","303","West Bengal","19"
2594,"Bongaon","2732","24 Paraganas North","303","West Bengal","19"
2595,"Deganga","2733","24 Paraganas North","303","West Bengal","19"
2596,"Gaighata","2734","24 Paraganas North","303","West Bengal","19"
2597,"Habra-i","2735","24 Paraganas North","303","West Bengal","19"
2598,"Habra-ii","2736","24 Paraganas North","303","West Bengal","19"
2599,"Haroa","2737","24 Paraganas North","303","West Bengal","19"
2600,"Hasnabad","2738","24 Paraganas North","303","West Bengal","19"
2601,"Hingalganj","2739","24 Paraganas North","303","West Bengal","19"
2602,"Minakhan","2740","24 Paraganas North","303","West Bengal","19"
2603,"Rajarhat","2741","24 Paraganas North","303","West Bengal","19"
2604,"Sandeshkhali-i","2742","24 Paraganas North","303","West Bengal","19"
2605,"Sandeshkhali-ii","2743","24 Paraganas North","303","West Bengal","19"
2606,"Swarupnagar","2744","24 Paraganas North","303","West Bengal","19"
2607,"Baruipur","2745","24 Paraganas South","304","West Bengal","19"
2608,"Basanti","2746","24 Paraganas South","304","West Bengal","19"
2609,"Bhangar-i","2747","24 Paraganas South","304","West Bengal","19"
2610,"Bhangar-ii","2748","24 Paraganas South","304","West Bengal","19"
2611,"Bishnupur-i","2749","24 Paraganas South","304","West Bengal","19"
2612,"Bishnupur-ii","2750","24 Paraganas South","304","West Bengal","19"
2613,"Budge Budge-i","2751","24 Paraganas South","304","West Bengal","19"
2614,"Budge Budge-ii","2752","24 Paraganas South","304","West Bengal","19"
2615,"Canning-i","2753","24 Paraganas South","304","West Bengal","19"
2616,"Canning-ii","2754","24 Paraganas South","304","West Bengal","19"
2617,"Diamond Harbour-i","2755","24 Paraganas South","304","West Bengal","19"
2618,"Diamond Harbour-ii","2756","24 Paraganas South","304","West Bengal","19"
2619,"Falta","2757","24 Paraganas South","304","West Bengal","19"
2620,"Gosaba","2758","24 Paraganas South","304","West Bengal","19"
2621,"Jaynagar-i","2759","24 Paraganas South","304","West Bengal","19"
2622,"Jaynagar-ii","2760","24 Paraganas South","304","West Bengal","19"
2623,"Kak Dwip","2761","24 Paraganas South","304","West Bengal","19"
2624,"Kulpi","2762","24 Paraganas South","304","West Bengal","19"
2625,"Kultali","2763","24 Paraganas South","304","West Bengal","19"
2626,"Magra Hat-i","2764","24 Paraganas South","304","West Bengal","19"
2627,"Magra Hat-ii","2765","24 Paraganas South","304","West Bengal","19"
2628,"Mandirbazar","2766","24 Paraganas South","304","West Bengal","19"
2629,"Mathurapur I","2767","24 Paraganas South","304","West Bengal","19"
2630,"Mathurapur-ii","2768","24 Paraganas South","304","West Bengal","19"
2631,"Namkhana","2769","24 Paraganas South","304","West Bengal","19"
2632,"Pathar Pratima","2770","24 Paraganas South","304","West Bengal","19"
2633,"Sagar","2771","24 Paraganas South","304","West Bengal","19"
2634,"Sonarpur","2772","24 Paraganas South","304","West Bengal","19"
2635,"Thakurpukur Mahestola","2773","24 Paraganas South","304","West Bengal","19"
2636,"Bankura-i","2774","Bankura","305","West Bengal","19"
2637,"Bankura-ii","2775","Bankura","305","West Bengal","19"
2638,"Barjora","2776","Bankura","305","West Bengal","19"
2639,"Chhatna","2777","Bankura","305","West Bengal","19"
2640,"Gangajal Ghati","2778","Bankura","305","West Bengal","19"
2641,"Hirbandh","2779","Bankura","305","West Bengal","19"
2642,"Indpur","2780","Bankura","305","West Bengal","19"
2643,"Indus","2781","Bankura","305","West Bengal","19"
2644,"Jaypur","2782","Bankura","305","West Bengal","19"
2645,"Khatra-i","2783","Bankura","305","West Bengal","19"
2646,"Kotulpur","2784","Bankura","305","West Bengal","19"
2647,"Mejhia","2785","Bankura","305","West Bengal","19"
2648,"Onda","2786","Bankura","305","West Bengal","19"
2649,"Patrasayer","2787","Bankura","305","West Bengal","19"
2650,"Raipur-i","2788","Bankura","305","West Bengal","19"
2651,"Ranibundh","2789","Bankura","305","West Bengal","19"
2652,"Saltora","2790","Bankura","305","West Bengal","19"
2653,"Sarenga","2791","Bankura","305","West Bengal","19"
2654,"Simlapal","2792","Bankura","305","West Bengal","19"
2655,"Sonamukhi","2793","Bankura","305","West Bengal","19"
2656,"Taldangra","2794","Bankura","305","West Bengal","19"
2657,"Vishnupur","2795","Bankura","305","West Bengal","19"
2658,"Ausgram-i","2796","Purba Bardhaman","306","West Bengal","19"
2659,"Ausgram-ii","2797","Purba Bardhaman","306","West Bengal","19"
2660,"Barabani","2798","Paschim Bardhaman","704","West Bengal","19"
2661,"Bhatar","2799","Purba Bardhaman","306","West Bengal","19"
2662,"Burdwan-i","2800","Purba Bardhaman","306","West Bengal","19"
2663,"Burdwan-ii","2801","Purba Bardhaman","306","West Bengal","19"
2664,"Faridpur - Durgapur","2802","Paschim Bardhaman","704","West Bengal","19"
2665,"Galsi -i","2803","Purba Bardhaman","306","West Bengal","19"
2666,"Galsi-ii","2804","Purba Bardhaman","306","West Bengal","19"
2667,"Jamal Pur","2805","Purba Bardhaman","306","West Bengal","19"
2668,"Jamuria","2806","Paschim Bardhaman","704","West Bengal","19"
2669,"Kalna Ii","2807","Purba Bardhaman","306","West Bengal","19"
2670,"Kalna-i","2808","Purba Bardhaman","306","West Bengal","19"
2671,"Kanksa","2809","Paschim Bardhaman","704","West Bengal","19"
2672,"Katwa-i","2810","Purba Bardhaman","306","West Bengal","19"
2673,"Katwa-ii","2811","Purba Bardhaman","306","West Bengal","19"
2674,"Ketugram-ii","2812","Purba Bardhaman","306","West Bengal","19"
2675,"Ketugram_i","2813","Purba Bardhaman","306","West Bengal","19"
2676,"Khandaghosh","2814","Purba Bardhaman","306","West Bengal","19"
2677,"Mangolkote","2815","Purba Bardhaman","306","West Bengal","19"
2678,"Manteswar","2816","Purba Bardhaman","306","West Bengal","19"
2679,"Memari-1","2817","Purba Bardhaman","306","West Bengal","19"
2680,"Memari-ii","2818","Purba Bardhaman","306","West Bengal","19"
2681,"Ondal","2819","Paschim Bardhaman","704","West Bengal","19"
2682,"Pandabeswar","2820","Paschim Bardhaman","704","West Bengal","19"
2683,"Purbasthali-i","2821","Purba Bardhaman","306","West Bengal","19"
2684,"Purbasthali-ii","2822","Purba Bardhaman","306","West Bengal","19"
2685,"Raina-i","2823","Purba Bardhaman","306","West Bengal","19"
2686,"Raina-ii","2824","Purba Bardhaman","306","West Bengal","19"
2687,"Raniganj","2825","Paschim Bardhaman","704","West Bengal","19"
2688,"Salanpur","2826","Paschim Bardhaman","704","West Bengal","19"
2689,"Bolpur-sriniketan","2827","Birbhum","307","West Bengal","19"
2690,"Dubrajpur","2828","Birbhum","307","West Bengal","19"
2691,"Illambazar","2829","Birbhum","307","West Bengal","19"
2692,"Khoyrasol","2830","Birbhum","307","West Bengal","19"
2693,"Labpur","2831","Birbhum","307","West Bengal","19"
2694,"Mayureswar-i","2832","Birbhum","307","West Bengal","19"
2695,"Mayureswar-ii","2833","Birbhum","307","West Bengal","19"
2696,"Mohammad Bazar","2834","Birbhum","307","West Bengal","19"
2697,"Murarai-i","2835","Birbhum","307","West Bengal","19"
2698,"Murarai-ii","2836","Birbhum","307","West Bengal","19"
2699,"Nalhati-i","2837","Birbhum","307","West Bengal","19"
2700,"Nalhati-ii","2838","Birbhum","307","West Bengal","19"
2701,"Nanoor","2839","Birbhum","307","West Bengal","19"
2702,"Rajnagar","2840","Birbhum","307","West Bengal","19"
2703,"Rampurhat-i","2841","Birbhum","307","West Bengal","19"
2704,"Rampurhat-ii","2842","Birbhum","307","West Bengal","19"
2705,"Sainthia","2843","Birbhum","307","West Bengal","19"
2706,"Suri-i","2844","Birbhum","307","West Bengal","19"
2707,"Suri-ii","2845","Birbhum","307","West Bengal","19"
2708,"Cooch Behar Ii","2846","Coochbehar","308","West Bengal","19"
2709,"Coochbehar I","2847","Coochbehar","308","West Bengal","19"
2710,"Dinhata-i","2848","Coochbehar","308","West Bengal","19"
2711,"Dinhata-ii","2849","Coochbehar","308","West Bengal","19"
2712,"Haldibari","2850","Coochbehar","308","West Bengal","19"
2713,"Mathabhanga Ii","2851","Coochbehar","308","West Bengal","19"
2714,"Mathabhanga-i","2852","Coochbehar","308","West Bengal","19"
2715,"Mekliganj","2853","Coochbehar","308","West Bengal","19"
2716,"Sitai","2854","Coochbehar","308","West Bengal","19"
2717,"Sitalkuchi","2855","Coochbehar","308","West Bengal","19"
2718,"Tufanganj-i","2856","Coochbehar","308","West Bengal","19"
2719,"Tufanganj-ii","2857","Coochbehar","308","West Bengal","19"
2720,"Darjeeling-pulbazar","2858","Darjeeling","309","West Bengal","19"
2721,"Gorubathan","2859","Kalimpong","702","West Bengal","19"
2722,"Jore Bunglow-sukiapokhri","2860","Darjeeling","309","West Bengal","19"
2723,"Kalimpong-i","2861","Kalimpong","702","West Bengal","19"
2724,"Lava","2862","Kalimpong","702","West Bengal","19"
2725,"Kharibari","2863","Darjeeling","309","West Bengal","19"
2726,"Kurseong","2864","Darjeeling","309","West Bengal","19"
2727,"Matigara","2865","Darjeeling","309","West Bengal","19"
2728,"Mirik","2866","Darjeeling","309","West Bengal","19"
2729,"Naxal Bari","2867","Darjeeling","309","West Bengal","19"
2730,"Phansidewa","2868","Darjeeling","309","West Bengal","19"
2731,"Rangli Rangliot","2869","Darjeeling","309","West Bengal","19"
2732,"Balurghat","2870","Dinajpur Dakshin","310","West Bengal","19"
2733,"Bansihari","2871","Dinajpur Dakshin","310","West Bengal","19"
2734,"Gangarampur","2872","Dinajpur Dakshin","310","West Bengal","19"
2735,"Harirampur","2873","Dinajpur Dakshin","310","West Bengal","19"
2736,"Hili","2874","Dinajpur Dakshin","310","West Bengal","19"
2737,"Kumarganj","2875","Dinajpur Dakshin","310","West Bengal","19"
2738,"Kushmandi","2876","Dinajpur Dakshin","310","West Bengal","19"
2739,"Tapan","2877","Dinajpur Dakshin","310","West Bengal","19"
2740,"Chopra","2878","Dinajpur Uttar","311","West Bengal","19"
2741,"Goalpokhar Ii","2879","Dinajpur Uttar","311","West Bengal","19"
2742,"Goalpokhar-i","2880","Dinajpur Uttar","311","West Bengal","19"
2743,"Hemtabad","2881","Dinajpur Uttar","311","West Bengal","19"
2744,"Islampur","2882","Dinajpur Uttar","311","West Bengal","19"
2745,"Itahar","2883","Dinajpur Uttar","311","West Bengal","19"
2746,"Kaliaganj","2884","Dinajpur Uttar","311","West Bengal","19"
2747,"Karandighi","2885","Dinajpur Uttar","311","West Bengal","19"
2748,"Raiganj","2886","Dinajpur Uttar","311","West Bengal","19"
2749,"Arambagh","2887","Hooghly","312","West Bengal","19"
2750,"Balagarh","2888","Hooghly","312","West Bengal","19"
2751,"Chanditala-i","2889","Hooghly","312","West Bengal","19"
2752,"Chanditala-ii","2890","Hooghly","312","West Bengal","19"
2753,"Chinsurah-magrah","2891","Hooghly","312","West Bengal","19"
2754,"Dhaniakhali","2892","Hooghly","312","West Bengal","19"
2755,"Goghat-i","2893","Hooghly","312","West Bengal","19"
2756,"Goghat-ii","2894","Hooghly","312","West Bengal","19"
2757,"Haripal","2895","Hooghly","312","West Bengal","19"
2758,"Jangipara","2896","Hooghly","312","West Bengal","19"
2759,"Khanakul-i","2897","Hooghly","312","West Bengal","19"
2760,"Khanakul-ii","2898","Hooghly","312","West Bengal","19"
2761,"Pandua","2899","Hooghly","312","West Bengal","19"
2762,"Polba-dadpur","2900","Hooghly","312","West Bengal","19"
2763,"Pursurah","2901","Hooghly","312","West Bengal","19"
2764,"Singur","2902","Hooghly","312","West Bengal","19"
2765,"Sirampur-uttarpara","2903","Hooghly","312","West Bengal","19"
2766,"Tarakeswar","2904","Hooghly","312","West Bengal","19"
2767,"Amta-i","2905","Howrah","313","West Bengal","19"
2768,"Amta-ii","2906","Howrah","313","West Bengal","19"
2769,"Bagnan-i","2907","Howrah","313","West Bengal","19"
2770,"Bagnan-ii","2908","Howrah","313","West Bengal","19"
2771,"Bally-jagacha","2909","Howrah","313","West Bengal","19"
2772,"Domjur","2910","Howrah","313","West Bengal","19"
2773,"Jagatballavpur","2911","Howrah","313","West Bengal","19"
2774,"Panchla","2912","Howrah","313","West Bengal","19"
2775,"Sankrail","2913","Howrah","313","West Bengal","19"
2776,"Shyampur-i","2914","Howrah","313","West Bengal","19"
2777,"Shyampur-ii","2915","Howrah","313","West Bengal","19"
2778,"Udaynarayanpur","2916","Howrah","313","West Bengal","19"
2779,"Uluberia-i","2917","Howrah","313","West Bengal","19"
2780,"Uluberia-ii","2918","Howrah","313","West Bengal","19"
2781,"Alipurduar-i","2919","Alipurduar","664","West Bengal","19"
2782,"Alipurduar-ii","2920","Alipurduar","664","West Bengal","19"
2783,"Dhupguri","2921","Jalpaiguri","314","West Bengal","19"
2784,"Falakata","2922","Alipurduar","664","West Bengal","19"
2785,"Jalpaiguri","2923","Jalpaiguri","314","West Bengal","19"
2786,"Kalchini","2924","Alipurduar","664","West Bengal","19"
2787,"Kumargram","2925","Alipurduar","664","West Bengal","19"
2788,"Madarihat","2926","Alipurduar","664","West Bengal","19"
2789,"Mal","2927","Jalpaiguri","314","West Bengal","19"
2790,"Matiali","2928","Jalpaiguri","314","West Bengal","19"
2791,"Maynaguri","2929","Jalpaiguri","314","West Bengal","19"
2792,"Nagrakata","2930","Jalpaiguri","314","West Bengal","19"
2793,"Rajganj","2931","Jalpaiguri","314","West Bengal","19"
2794,"Bamongola","2932","Maldah","316","West Bengal","19"
2795,"Chanchal-i","2933","Maldah","316","West Bengal","19"
2796,"Chanchal-ii","2934","Maldah","316","West Bengal","19"
2797,"English Bazar","2935","Maldah","316","West Bengal","19"
2798,"Gazole","2936","Maldah","316","West Bengal","19"
2799,"Habibpur","2937","Maldah","316","West Bengal","19"
2800,"Harishchandrapur-i","2938","Maldah","316","West Bengal","19"
2801,"Harishchandrapur-ii","2939","Maldah","316","West Bengal","19"
2802,"Kaliachak-i","2940","Maldah","316","West Bengal","19"
2803,"Kaliachak-ii","2941","Maldah","316","West Bengal","19"
2804,"Kaliachak-iii","2942","Maldah","316","West Bengal","19"
2805,"Manikchak","2943","Maldah","316","West Bengal","19"
2806,"Old Malda","2944","Maldah","316","West Bengal","19"
2807,"Ratua-i","2945","Maldah","316","West Bengal","19"
2808,"Ratua-ii","2946","Maldah","316","West Bengal","19"
2809,"Bhagawanpur-i","2947","Medinipur East","317","West Bengal","19"
2810,"Bhagawanpur-ii","2948","Medinipur East","317","West Bengal","19"
2811,"Chandipur","2949","Medinipur East","317","West Bengal","19"
2812,"Contai-i","2950","Medinipur East","317","West Bengal","19"
2813,"Contai-iii","2951","Medinipur East","317","West Bengal","19"
2814,"Deshapran","2952","Medinipur East","317","West Bengal","19"
2815,"Egra-i","2953","Medinipur East","317","West Bengal","19"
2816,"Egra-ii","2954","Medinipur East","317","West Bengal","19"
2817,"Haldia","2955","Medinipur East","317","West Bengal","19"
2818,"Khejuri-i","2956","Medinipur East","317","West Bengal","19"
2819,"Khejuri-ii","2957","Medinipur East","317","West Bengal","19"
2820,"Kolaghat","2958","Medinipur East","317","West Bengal","19"
2821,"Mahishadal","2959","Medinipur East","317","West Bengal","19"
2822,"Moyna","2960","Medinipur East","317","West Bengal","19"
2823,"Nandakumar","2961","Medinipur East","317","West Bengal","19"
2824,"Nandigram-i","2962","Medinipur East","317","West Bengal","19"
2825,"Nandigram-ii","2963","Medinipur East","317","West Bengal","19"
2826,"Panskura-i","2964","Medinipur East","317","West Bengal","19"
2827,"Patashpur-i","2965","Medinipur East","317","West Bengal","19"
2828,"Patashpur-ii","2966","Medinipur East","317","West Bengal","19"
2829,"Ramnagar-i","2967","Medinipur East","317","West Bengal","19"
2830,"Ramnagar-ii","2968","Medinipur East","317","West Bengal","19"
2831,"Shahid Matangini","2969","Medinipur East","317","West Bengal","19"
2832,"Sutahata","2970","Medinipur East","317","West Bengal","19"
2833,"Tamluk","2971","Medinipur East","317","West Bengal","19"
2834,"Binpur-i","2972","Jhargram","703","West Bengal","19"
2835,"Binpur-ii","2973","Jhargram","703","West Bengal","19"
2836,"Chandrakona-i","2974","Medinipur West","318","West Bengal","19"
2837,"Chandrakona-ii","2975","Medinipur West","318","West Bengal","19"
2838,"Dantan-i","2976","Medinipur West","318","West Bengal","19"
2839,"Dantan-ii","2977","Medinipur West","318","West Bengal","19"
2840,"Daspur-i","2978","Medinipur West","318","West Bengal","19"
2841,"Daspur-ii","2979","Medinipur West","318","West Bengal","19"
2842,"Debra","2980","Medinipur West","318","West Bengal","19"
2843,"Garbeta-i","2981","Medinipur West","318","West Bengal","19"
2844,"Garbeta-ii","2982","Medinipur West","318","West Bengal","19"
2845,"Garbeta-iii","2983","Medinipur West","318","West Bengal","19"
2846,"Ghatal","2984","Medinipur West","318","West Bengal","19"
2847,"Gopiballav Pur -ii","2985","Jhargram","703","West Bengal","19"
2848,"Gopiballavpur-i","2986","Jhargram","703","West Bengal","19"
2849,"Jambani","2987","Jhargram","703","West Bengal","19"
2850,"Jhargram","2988","Jhargram","703","West Bengal","19"
2851,"Keshiary","2989","Medinipur West","318","West Bengal","19"
2852,"Keshpur","2990","Medinipur West","318","West Bengal","19"
2853,"Kharagpur-i","2991","Medinipur West","318","West Bengal","19"
2854,"Kharagpur-ii","2992","Medinipur West","318","West Bengal","19"
2855,"Midnapore","2993","Medinipur West","318","West Bengal","19"
2856,"Mohanpur","2994","Medinipur West","318","West Bengal","19"
2857,"Narayangarh","2995","Medinipur West","318","West Bengal","19"
2858,"Nayagram","2996","Jhargram","703","West Bengal","19"
2859,"Pingla","2997","Medinipur West","318","West Bengal","19"
2860,"Sabang","2998","Medinipur West","318","West Bengal","19"
2861,"Salbani","2999","Medinipur West","318","West Bengal","19"
2862,"Sankrail","3000","Jhargram","703","West Bengal","19"
2863,"Beldanga-i","3001","Murshidabad","319","West Bengal","19"
2864,"Beldanga-ii","3002","Murshidabad","319","West Bengal","19"
2865,"Berhampore","3003","Murshidabad","319","West Bengal","19"
2866,"Bhagabangola-ii","3004","Murshidabad","319","West Bengal","19"
2867,"Bhagawangola-i","3005","Murshidabad","319","West Bengal","19"
2868,"Bharatpur-i","3006","Murshidabad","319","West Bengal","19"
2869,"Bharatpur-ii","3007","Murshidabad","319","West Bengal","19"
2870,"Burwan","3008","Murshidabad","319","West Bengal","19"
2871,"Domkal","3009","Murshidabad","319","West Bengal","19"
2872,"Farakka","3010","Murshidabad","319","West Bengal","19"
2873,"Hariharpara","3011","Murshidabad","319","West Bengal","19"
2874,"Jalangi","3012","Murshidabad","319","West Bengal","19"
2875,"Kandi","3013","Murshidabad","319","West Bengal","19"
2876,"Khargram","3014","Murshidabad","319","West Bengal","19"
2877,"Lalgola","3015","Murshidabad","319","West Bengal","19"
2878,"Murshidabad-jiagunj","3016","Murshidabad","319","West Bengal","19"
2879,"Nabagram","3017","Murshidabad","319","West Bengal","19"
2880,"Nawda","3018","Murshidabad","319","West Bengal","19"
2881,"Raghunathganj-i","3019","Murshidabad","319","West Bengal","19"
2882,"Raghunathganj-ii","3020","Murshidabad","319","West Bengal","19"
2883,"Raninagar-i","3021","Murshidabad","319","West Bengal","19"
2884,"Raninagar-ii","3022","Murshidabad","319","West Bengal","19"
2885,"Sagardighi","3023","Murshidabad","319","West Bengal","19"
2886,"Shamsherganj","3024","Murshidabad","319","West Bengal","19"
2887,"Suti-i","3025","Murshidabad","319","West Bengal","19"
2888,"Suti-ii","3026","Murshidabad","319","West Bengal","19"
2889,"Chakdah","3027","Nadia","320","West Bengal","19"
2890,"Chapra","3028","Nadia","320","West Bengal","19"
2891,"Hanskhali","3029","Nadia","320","West Bengal","19"
2892,"Haringhata","3030","Nadia","320","West Bengal","19"
2893,"Kaliganj","3031","Nadia","320","West Bengal","19"
2894,"Karimpur-1","3032","Nadia","320","West Bengal","19"
2895,"Karimpur-ii","3033","Nadia","320","West Bengal","19"
2896,"Krishnaganj","3034","Nadia","320","West Bengal","19"
2897,"Krishnagar-i","3035","Nadia","320","West Bengal","19"
2898,"Krishnagar-ii","3036","Nadia","320","West Bengal","19"
2899,"Nabadwip","3037","Nadia","320","West Bengal","19"
2900,"Nakashipara","3038","Nadia","320","West Bengal","19"
2901,"Ranaghat-i","3039","Nadia","320","West Bengal","19"
2902,"Ranaghat-ii","3040","Nadia","320","West Bengal","19"
2903,"Santipur","3041","Nadia","320","West Bengal","19"
2904,"Tehatta-i","3042","Nadia","320","West Bengal","19"
2905,"Tehatta-ii","3043","Nadia","320","West Bengal","19"
2906,"Arsha","3044","Purulia","321","West Bengal","19"
2907,"Bagmundi","3045","Purulia","321","West Bengal","19"
2908,"Balarampur","3046","Purulia","321","West Bengal","19"
2909,"Barabazar","3047","Purulia","321","West Bengal","19"
2910,"Bundwan","3048","Purulia","321","West Bengal","19"
2911,"Hura","3049","Purulia","321","West Bengal","19"
2912,"Jaipur","3050","Purulia","321","West Bengal","19"
2913,"Jhalda-i","3051","Purulia","321","West Bengal","19"
2914,"Jhalda-ii","3052","Purulia","321","West Bengal","19"
2915,"Kashipur","3053","Purulia","321","West Bengal","19"
2916,"Manbazar-i","3054","Purulia","321","West Bengal","19"
2917,"Manbazar-ii","3055","Purulia","321","West Bengal","19"
2918,"Neturia","3056","Purulia","321","West Bengal","19"
2919,"Para","3057","Purulia","321","West Bengal","19"
2920,"Puncha","3058","Purulia","321","West Bengal","19"
2921,"Purulia-i","3059","Purulia","321","West Bengal","19"
2922,"Purulia-ii","3060","Purulia","321","West Bengal","19"
2923,"Raghunath Pur-i","3061","Purulia","321","West Bengal","19"
2924,"Raghunathpur-ii","3062","Purulia","321","West Bengal","19"
2925,"Santuri","3063","Purulia","321","West Bengal","19"
2926,"Bermo","3064","Bokaro","322","Jharkhand","20"
2927,"Chandankiyari","3065","Bokaro","322","Jharkhand","20"
2928,"Chas","3066","Bokaro","322","Jharkhand","20"
2929,"Gomia","3067","Bokaro","322","Jharkhand","20"
2930,"Jaridih","3068","Bokaro","322","Jharkhand","20"
2931,"Kasmar","3069","Bokaro","322","Jharkhand","20"
2932,"Nawadih","3070","Bokaro","322","Jharkhand","20"
2933,"Peterwar","3071","Bokaro","322","Jharkhand","20"
2934,"Chatra","3072","Chatra","323","Jharkhand","20"
2935,"Giddhor","3073","Chatra","323","Jharkhand","20"
2936,"Shaligram Ram Narayanpur Alias Hunterganj","3074","Chatra","323","Jharkhand","20"
2937,"Itkhori","3075","Chatra","323","Jharkhand","20"
2938,"Kunda","3076","Chatra","323","Jharkhand","20"
2939,"Lawalong","3077","Chatra","323","Jharkhand","20"
2940,"Pathalgada","3078","Chatra","323","Jharkhand","20"
2941,"Pratappur","3079","Chatra","323","Jharkhand","20"
2942,"Simaria","3080","Chatra","323","Jharkhand","20"
2943,"Tandwa","3081","Chatra","323","Jharkhand","20"
2944,"Deoghar","3082","Deoghar","324","Jharkhand","20"
2945,"Devipur","3083","Deoghar","324","Jharkhand","20"
2946,"Karown","3084","Deoghar","324","Jharkhand","20"
2947,"Madhupur","3085","Deoghar","324","Jharkhand","20"
2948,"Mohanpur","3086","Deoghar","324","Jharkhand","20"
2949,"Palojori","3087","Deoghar","324","Jharkhand","20"
2950,"Sarath","3088","Deoghar","324","Jharkhand","20"
2951,"Sarwan","3089","Deoghar","324","Jharkhand","20"
2952,"Baghmara","3090","Dhanbad","325","Jharkhand","20"
2953,"Baliapur","3091","Dhanbad","325","Jharkhand","20"
2954,"Dhanbad","3092","Dhanbad","325","Jharkhand","20"
2955,"Govindpur","3093","Dhanbad","325","Jharkhand","20"
2956,"Nirsa","3095","Dhanbad","325","Jharkhand","20"
2957,"Topchanchi","3096","Dhanbad","325","Jharkhand","20"
2958,"Tundi","3097","Dhanbad","325","Jharkhand","20"
2959,"Dumka","3098","Dumka","326","Jharkhand","20"
2960,"Gopikander","3099","Dumka","326","Jharkhand","20"
2961,"Jama","3100","Dumka","326","Jharkhand","20"
2962,"Jarmundi","3101","Dumka","326","Jharkhand","20"
2963,"Kathikund","3102","Dumka","326","Jharkhand","20"
2964,"Masaliya","3103","Dumka","326","Jharkhand","20"
2965,"Ramgarh","3104","Dumka","326","Jharkhand","20"
2966,"Ranishwar","3105","Dumka","326","Jharkhand","20"
2967,"Saraiyahat","3106","Dumka","326","Jharkhand","20"
2968,"Sikaripara","3107","Dumka","326","Jharkhand","20"
2969,"Bahragora","3108","East Singhbum","327","Jharkhand","20"
2970,"Chakulia","3109","East Singhbum","327","Jharkhand","20"
2971,"Dhalbhumgarh","3110","East Singhbum","327","Jharkhand","20"
2972,"Dumaria","3111","East Singhbum","327","Jharkhand","20"
2973,"Ghatshila","3112","East Singhbum","327","Jharkhand","20"
2974,"Golmuri Cum Jugsalai","3113","East Singhbum","327","Jharkhand","20"
2975,"Musabani","3114","East Singhbum","327","Jharkhand","20"
2976,"Patamda","3115","East Singhbum","327","Jharkhand","20"
2977,"Potka","3116","East Singhbum","327","Jharkhand","20"
2978,"Bhandaria","3117","Garhwa","328","Jharkhand","20"
2979,"Bhawnathpur","3118","Garhwa","328","Jharkhand","20"
2980,"Chinia","3119","Garhwa","328","Jharkhand","20"
2981,"Dandai","3120","Garhwa","328","Jharkhand","20"
2982,"Dhurki","3121","Garhwa","328","Jharkhand","20"
2983,"Garhwa","3122","Garhwa","328","Jharkhand","20"
2984,"Kandi","3123","Garhwa","328","Jharkhand","20"
2985,"Kharaundhi","3124","Garhwa","328","Jharkhand","20"
2986,"Manjhiaon","3125","Garhwa","328","Jharkhand","20"
2987,"Meral","3126","Garhwa","328","Jharkhand","20"
2988,"Nagar Untari","3127","Garhwa","328","Jharkhand","20"
2989,"Ramkanda","3128","Garhwa","328","Jharkhand","20"
2990,"Ramna","3129","Garhwa","328","Jharkhand","20"
2991,"Ranka","3130","Garhwa","328","Jharkhand","20"
2992,"Bagodar","3131","Giridih","329","Jharkhand","20"
2993,"Bengabad","3132","Giridih","329","Jharkhand","20"
2994,"Birni","3133","Giridih","329","Jharkhand","20"
2995,"Deori","3134","Giridih","329","Jharkhand","20"
2996,"Dhanwar","3135","Giridih","329","Jharkhand","20"
2997,"Dumri","3136","Giridih","329","Jharkhand","20"
2998,"Gandey","3137","Giridih","329","Jharkhand","20"
2999,"Gawan","3138","Giridih","329","Jharkhand","20"
3000,"Giridih","3139","Giridih","329","Jharkhand","20"
3001,"Jamua","3140","Giridih","329","Jharkhand","20"
3002,"Pirtand","3141","Giridih","329","Jharkhand","20"
3003,"Tisri","3142","Giridih","329","Jharkhand","20"
3004,"Boarijor","3143","Godda","330","Jharkhand","20"
3005,"Godda","3144","Godda","330","Jharkhand","20"
3006,"Mahagama","3145","Godda","330","Jharkhand","20"
3007,"Meharma","3146","Godda","330","Jharkhand","20"
3008,"Pathargama","3147","Godda","330","Jharkhand","20"
3009,"Poraiyahat","3148","Godda","330","Jharkhand","20"
3010,"Sundarpahari","3149","Godda","330","Jharkhand","20"
3011,"Thakurgangti","3150","Godda","330","Jharkhand","20"
3012,"Basia","3151","Gumla","331","Jharkhand","20"
3013,"Bharno","3152","Gumla","331","Jharkhand","20"
3014,"Bishunpur","3153","Gumla","331","Jharkhand","20"
3015,"Chainpur","3154","Gumla","331","Jharkhand","20"
3016,"Dumri","3155","Gumla","331","Jharkhand","20"
3017,"Ghaghra","3156","Gumla","331","Jharkhand","20"
3018,"Gumla","3157","Gumla","331","Jharkhand","20"
3019,"Kamdara","3158","Gumla","331","Jharkhand","20"
3020,"Palkot","3159","Gumla","331","Jharkhand","20"
3021,"Raidih","3160","Gumla","331","Jharkhand","20"
3022,"Sisai","3161","Gumla","331","Jharkhand","20"
3023,"Barhi","3162","Hazaribagh","332","Jharkhand","20"
3024,"Barkagaon","3163","Hazaribagh","332","Jharkhand","20"
3025,"Barkatha","3164","Hazaribagh","332","Jharkhand","20"
3026,"Bishnugarh","3165","Hazaribagh","332","Jharkhand","20"
3027,"Chouparan","3166","Hazaribagh","332","Jharkhand","20"
3028,"Churchu","3167","Hazaribagh","332","Jharkhand","20"
3029,"Gola","3168","Ramgarh","607","Jharkhand","20"
3030,"Ichak","3169","Hazaribagh","332","Jharkhand","20"
3031,"Katkamsandi","3170","Hazaribagh","332","Jharkhand","20"
3032,"Keredari","3171","Hazaribagh","332","Jharkhand","20"
3033,"Mandu","3172","Ramgarh","607","Jharkhand","20"
3034,"Padma","3173","Hazaribagh","332","Jharkhand","20"
3035,"Patratu","3174","Ramgarh","607","Jharkhand","20"
3036,"Ramgarh","3175","Ramgarh","607","Jharkhand","20"
3037,"Sadar","3176","Hazaribagh","332","Jharkhand","20"
3038,"Jamtara","3177","Jamtara","333","Jharkhand","20"
3039,"Kundhit","3178","Jamtara","333","Jharkhand","20"
3040,"Nala","3179","Jamtara","333","Jharkhand","20"
3041,"Narayanpur","3180","Jamtara","333","Jharkhand","20"
3042,"Chandwara","3181","Koderma","334","Jharkhand","20"
3043,"Jainagar","3182","Koderma","334","Jharkhand","20"
3044,"Koderma","3183","Koderma","334","Jharkhand","20"
3045,"Markacho","3184","Koderma","334","Jharkhand","20"
3046,"Satgawan","3185","Koderma","334","Jharkhand","20"
3047,"Balumath","3186","Latehar","335","Jharkhand","20"
3048,"Barwadih","3187","Latehar","335","Jharkhand","20"
3049,"Chandwa","3188","Latehar","335","Jharkhand","20"
3050,"Garu","3189","Latehar","335","Jharkhand","20"
3051,"Latehar","3190","Latehar","335","Jharkhand","20"
3052,"Mahuadanr","3191","Latehar","335","Jharkhand","20"
3053,"Manika","3192","Latehar","335","Jharkhand","20"
3054,"Bhandra","3193","Lohardaga","336","Jharkhand","20"
3055,"Kisko","3194","Lohardaga","336","Jharkhand","20"
3056,"Kuru","3195","Lohardaga","336","Jharkhand","20"
3057,"Lohardaga","3196","Lohardaga","336","Jharkhand","20"
3058,"Senha","3197","Lohardaga","336","Jharkhand","20"
3059,"Amrapara","3198","Pakur","337","Jharkhand","20"
3060,"Hiranpur","3199","Pakur","337","Jharkhand","20"
3061,"Littipara","3200","Pakur","337","Jharkhand","20"
3062,"Maheshpur","3201","Pakur","337","Jharkhand","20"
3063,"Pakur","3202","Pakur","337","Jharkhand","20"
3064,"Pakuria","3203","Pakur","337","Jharkhand","20"
3065,"Bishrampur","3204","Palamu","338","Jharkhand","20"
3066,"Chainpur","3205","Palamu","338","Jharkhand","20"
3067,"Chhatarpur","3206","Palamu","338","Jharkhand","20"
3068,"Medininagar","3207","Palamu","338","Jharkhand","20"
3069,"Haidernagar","3208","Palamu","338","Jharkhand","20"
3070,"Hariharganj","3209","Palamu","338","Jharkhand","20"
3071,"Hussainabad","3210","Palamu","338","Jharkhand","20"
3072,"Lesliganj","3211","Palamu","338","Jharkhand","20"
3073,"Manatu","3212","Palamu","338","Jharkhand","20"
3074,"Pandu","3213","Palamu","338","Jharkhand","20"
3075,"Panki","3214","Palamu","338","Jharkhand","20"
3076,"Patan","3215","Palamu","338","Jharkhand","20"
3077,"Satbarwa","3216","Palamu","338","Jharkhand","20"
3078,"Angara","3217","Ranchi","339","Jharkhand","20"
3079,"Arki","3218","Khunti","606","Jharkhand","20"
3080,"Bero","3219","Ranchi","339","Jharkhand","20"
3081,"Bundu","3220","Ranchi","339","Jharkhand","20"
3082,"Burmu","3221","Ranchi","339","Jharkhand","20"
3083,"Chanho","3222","Ranchi","339","Jharkhand","20"
3084,"Kanke","3223","Ranchi","339","Jharkhand","20"
3085,"Karra","3224","Khunti","606","Jharkhand","20"
3086,"Khunti","3225","Khunti","606","Jharkhand","20"
3087,"Lapung","3226","Ranchi","339","Jharkhand","20"
3088,"Mandar","3227","Ranchi","339","Jharkhand","20"
3089,"Murhu","3228","Khunti","606","Jharkhand","20"
3090,"Namkum","3229","Ranchi","339","Jharkhand","20"
3091,"Ormanjhi","3230","Ranchi","339","Jharkhand","20"
3092,"Rania","3231","Khunti","606","Jharkhand","20"
3093,"Ratu","3232","Ranchi","339","Jharkhand","20"
3094,"Silli","3233","Ranchi","339","Jharkhand","20"
3095,"Sonahatu","3234","Ranchi","339","Jharkhand","20"
3096,"Tamar","3235","Ranchi","339","Jharkhand","20"
3097,"Torpa","3236","Khunti","606","Jharkhand","20"
3098,"Barhait","3237","Sahebganj","340","Jharkhand","20"
3099,"Barharwa","3238","Sahebganj","340","Jharkhand","20"
3100,"Borio","3239","Sahebganj","340","Jharkhand","20"
3101,"Mandro","3240","Sahebganj","340","Jharkhand","20"
3102,"Pathna","3241","Sahebganj","340","Jharkhand","20"
3103,"Rajmahal","3242","Sahebganj","340","Jharkhand","20"
3104,"Sahibganj","3243","Sahebganj","340","Jharkhand","20"
3105,"Taljhari","3244","Sahebganj","340","Jharkhand","20"
3106,"Udhwa","3245","Sahebganj","340","Jharkhand","20"
3107,"Chandil","3246","Saraikela Kharsawan","341","Jharkhand","20"
3108,"Gamharia","3247","Saraikela Kharsawan","341","Jharkhand","20"
3109,"Ichagarh","3248","Saraikela Kharsawan","341","Jharkhand","20"
3110,"Kharsawan","3249","Saraikela Kharsawan","341","Jharkhand","20"
3111,"Kuchai","3250","Saraikela Kharsawan","341","Jharkhand","20"
3112,"Nimdih","3251","Saraikela Kharsawan","341","Jharkhand","20"
3113,"Rajnagar","3252","Saraikela Kharsawan","341","Jharkhand","20"
3114,"Seraikella","3253","Saraikela Kharsawan","341","Jharkhand","20"
3115,"Bano","3254","Simdega","342","Jharkhand","20"
3116,"Bolba","3255","Simdega","342","Jharkhand","20"
3117,"Jaldega","3256","Simdega","342","Jharkhand","20"
3118,"Kolebira","3257","Simdega","342","Jharkhand","20"
3119,"Kurdeg","3258","Simdega","342","Jharkhand","20"
3120,"Simdega","3259","Simdega","342","Jharkhand","20"
3121,"Thethaitanger","3260","Simdega","342","Jharkhand","20"
3122,"Bandgaon","3261","West Singhbhum","343","Jharkhand","20"
3123,"Chaibasa","3262","West Singhbhum","343","Jharkhand","20"
3124,"Chakradharpur","3263","West Singhbhum","343","Jharkhand","20"
3125,"Goelkera","3264","West Singhbhum","343","Jharkhand","20"
3126,"Jagannathpur","3265","West Singhbhum","343","Jharkhand","20"
3127,"Jhinkpani","3266","West Singhbhum","343","Jharkhand","20"
3128,"Khuntpani","3267","West Singhbhum","343","Jharkhand","20"
3129,"Kumardungi","3268","West Singhbhum","343","Jharkhand","20"
3130,"Manjhari","3269","West Singhbhum","343","Jharkhand","20"
3131,"Manjhgaon","3270","West Singhbhum","343","Jharkhand","20"
3132,"Manoharpur","3271","West Singhbhum","343","Jharkhand","20"
3133,"Noamundi","3272","West Singhbhum","343","Jharkhand","20"
3134,"Sonua","3273","West Singhbhum","343","Jharkhand","20"
3135,"Tantnagar","3274","West Singhbhum","343","Jharkhand","20"
3136,"Tonto","3275","West Singhbhum","343","Jharkhand","20"
3137,"Anugul","3276","Anugul","344","Odisha","21"
3138,"Athmallik","3277","Anugul","344","Odisha","21"
3139,"Banarpal","3278","Anugul","344","Odisha","21"
3140,"Chhendipada","3279","Anugul","344","Odisha","21"
3141,"Kaniha","3280","Anugul","344","Odisha","21"
3142,"Kishorenagar","3281","Anugul","344","Odisha","21"
3143,"Palalahada","3282","Anugul","344","Odisha","21"
3144,"Talacher","3283","Anugul","344","Odisha","21"
3145,"Agalpur","3284","Balangir","345","Odisha","21"
3146,"Balangir","3285","Balangir","345","Odisha","21"
3147,"Bangomunda","3286","Balangir","345","Odisha","21"
3148,"Belpara","3287","Balangir","345","Odisha","21"
3149,"Deogaon","3288","Balangir","345","Odisha","21"
3150,"Gudvella","3289","Balangir","345","Odisha","21"
3151,"Khaprakhol","3290","Balangir","345","Odisha","21"
3152,"Loisinga","3291","Balangir","345","Odisha","21"
3153,"Muribahal","3292","Balangir","345","Odisha","21"
3154,"Patnagarh","3293","Balangir","345","Odisha","21"
3155,"Puintala","3294","Balangir","345","Odisha","21"
3156,"Saintala","3295","Balangir","345","Odisha","21"
3157,"Titlagarh","3296","Balangir","345","Odisha","21"
3158,"Turekela","3297","Balangir","345","Odisha","21"
3159,"Bahanaga","3298","Baleshwar","346","Odisha","21"
3160,"Baleshwar","3299","Baleshwar","346","Odisha","21"
3161,"Baliapal","3300","Baleshwar","346","Odisha","21"
3162,"Basta","3301","Baleshwar","346","Odisha","21"
3163,"Bhograi","3302","Baleshwar","346","Odisha","21"
3164,"Jaleswar","3303","Baleshwar","346","Odisha","21"
3165,"Khaira","3304","Baleshwar","346","Odisha","21"
3166,"Nilgiri","3305","Baleshwar","346","Odisha","21"
3167,"Oupada","3306","Baleshwar","346","Odisha","21"
3168,"Remuna","3307","Baleshwar","346","Odisha","21"
3169,"Simulia","3308","Baleshwar","346","Odisha","21"
3170,"Soro","3309","Baleshwar","346","Odisha","21"
3171,"Ambabhona","3310","Bargarh","347","Odisha","21"
3172,"Attabira","3311","Bargarh","347","Odisha","21"
3173,"Bargarh","3312","Bargarh","347","Odisha","21"
3174,"Barpali","3313","Bargarh","347","Odisha","21"
3175,"Bhatli","3314","Bargarh","347","Odisha","21"
3176,"Bheden","3315","Bargarh","347","Odisha","21"
3177,"Bijepur","3316","Bargarh","347","Odisha","21"
3178,"Gaisilet","3317","Bargarh","347","Odisha","21"
3179,"Jharbandh","3318","Bargarh","347","Odisha","21"
3180,"Padampur","3319","Bargarh","347","Odisha","21"
3181,"Paikmal","3320","Bargarh","347","Odisha","21"
3182,"Sohella","3321","Bargarh","347","Odisha","21"
3183,"Basudevpur","3322","Bhadrak","348","Odisha","21"
3184,"Bhadrak","3323","Bhadrak","348","Odisha","21"
3185,"Bhandaripokhari","3324","Bhadrak","348","Odisha","21"
3186,"Bonth","3325","Bhadrak","348","Odisha","21"
3187,"Chandabali","3326","Bhadrak","348","Odisha","21"
3188,"Dhamanagar","3327","Bhadrak","348","Odisha","21"
3189,"Tihidi","3328","Bhadrak","348","Odisha","21"
3190,"Boudh","3329","Boudh","349","Odisha","21"
3191,"Harabhanga","3330","Boudh","349","Odisha","21"
3192,"Kantamal","3331","Boudh","349","Odisha","21"
3193,"Athagad","3332","Cuttack","350","Odisha","21"
3194,"Badamba","3333","Cuttack","350","Odisha","21"
3195,"Banki","3334","Cuttack","350","Odisha","21"
3196,"Banki- Dampara","3335","Cuttack","350","Odisha","21"
3197,"Baranga","3336","Cuttack","350","Odisha","21"
3198,"Cuttacksadar","3337","Cuttack","350","Odisha","21"
3199,"Kantapada","3338","Cuttack","350","Odisha","21"
3200,"Mahanga","3339","Cuttack","350","Odisha","21"
3201,"Narasinghpur","3340","Cuttack","350","Odisha","21"
3202,"Niali","3341","Cuttack","350","Odisha","21"
3203,"Nischinta Koili","3342","Cuttack","350","Odisha","21"
3204,"Salepur","3343","Cuttack","350","Odisha","21"
3205,"Tangi Choudwar","3344","Cuttack","350","Odisha","21"
3206,"Tigiria","3345","Cuttack","350","Odisha","21"
3207,"Barkote","3346","Deogarh","351","Odisha","21"
3208,"Reamal","3347","Deogarh","351","Odisha","21"
3209,"Tileibani","3348","Deogarh","351","Odisha","21"
3210,"Bhuban","3349","Dhenkanal","352","Odisha","21"
3211,"Dhenkanal Sadar","3350","Dhenkanal","352","Odisha","21"
3212,"Gondia","3351","Dhenkanal","352","Odisha","21"
3213,"Hindol","3352","Dhenkanal","352","Odisha","21"
3214,"Kamakhyanagar","3353","Dhenkanal","352","Odisha","21"
3215,"Kankada Had","3354","Dhenkanal","352","Odisha","21"
3216,"Odapada","3355","Dhenkanal","352","Odisha","21"
3217,"Parjang","3356","Dhenkanal","352","Odisha","21"
3218,"Gosani","3357","Gajapati","353","Odisha","21"
3219,"Gumma","3358","Gajapati","353","Odisha","21"
3220,"Kasinagar","3359","Gajapati","353","Odisha","21"
3221,"Mohana","3360","Gajapati","353","Odisha","21"
3222,"Nuagada","3361","Gajapati","353","Odisha","21"
3223,"R.udayagiri","3362","Gajapati","353","Odisha","21"
3224,"Rayagada","3363","Gajapati","353","Odisha","21"
3225,"Aska","3364","Ganjam","354","Odisha","21"
3226,"Beguniapada","3365","Ganjam","354","Odisha","21"
3227,"Bellaguntha","3366","Ganjam","354","Odisha","21"
3228,"Bhanjanagar","3367","Ganjam","354","Odisha","21"
3229,"Buguda","3368","Ganjam","354","Odisha","21"
3230,"Chatrapur","3369","Ganjam","354","Odisha","21"
3231,"Chikiti","3370","Ganjam","354","Odisha","21"
3232,"Dharakote","3371","Ganjam","354","Odisha","21"
3233,"Digapahandi","3372","Ganjam","354","Odisha","21"
3234,"Ganjam","3373","Ganjam","354","Odisha","21"
3235,"Hinjilicut","3374","Ganjam","354","Odisha","21"
3236,"Jagannathprasad","3375","Ganjam","354","Odisha","21"
3237,"Kabisuryanagar","3376","Ganjam","354","Odisha","21"
3238,"Khallikote","3377","Ganjam","354","Odisha","21"
3239,"Kukudakhandi","3378","Ganjam","354","Odisha","21"
3240,"Patrapur","3379","Ganjam","354","Odisha","21"
3241,"Polosara","3380","Ganjam","354","Odisha","21"
3242,"Purushottampur","3381","Ganjam","354","Odisha","21"
3243,"Rangeilunda","3382","Ganjam","354","Odisha","21"
3244,"Sanakhemundi","3383","Ganjam","354","Odisha","21"
3245,"Sheragada","3384","Ganjam","354","Odisha","21"
3246,"Surada","3385","Ganjam","354","Odisha","21"
3247,"Balikuda","3386","Jagatsinghapur","355","Odisha","21"
3248,"Biridi","3387","Jagatsinghapur","355","Odisha","21"
3249,"Erasama","3388","Jagatsinghapur","355","Odisha","21"
3250,"Jagatsinghpur","3389","Jagatsinghapur","355","Odisha","21"
3251,"Kujang","3390","Jagatsinghapur","355","Odisha","21"
3252,"Naugaon","3391","Jagatsinghapur","355","Odisha","21"
3253,"Raghunathpur","3392","Jagatsinghapur","355","Odisha","21"
3254,"Tirtol","3393","Jagatsinghapur","355","Odisha","21"
3255,"Badchana","3394","Jajapur","356","Odisha","21"
3256,"Bari","3395","Jajapur","356","Odisha","21"
3257,"Binjharpur","3396","Jajapur","356","Odisha","21"
3258,"Dahrmasala","3397","Jajapur","356","Odisha","21"
3259,"Danagadi","3398","Jajapur","356","Odisha","21"
3260,"Dasarathapur","3399","Jajapur","356","Odisha","21"
3261,"Jajpur","3400","Jajapur","356","Odisha","21"
3262,"Korei","3401","Jajapur","356","Odisha","21"
3263,"Rasulpur","3402","Jajapur","356","Odisha","21"
3264,"Sukinda","3403","Jajapur","356","Odisha","21"
3265,"Jharsuguda","3404","Jharsuguda","357","Odisha","21"
3266,"Kirmira","3405","Jharsuguda","357","Odisha","21"
3267,"Kolabira","3406","Jharsuguda","357","Odisha","21"
3268,"Laikera","3407","Jharsuguda","357","Odisha","21"
3269,"Lakhanpur","3408","Jharsuguda","357","Odisha","21"
3270,"Bhawanipatna","3409","Kalahandi","358","Odisha","21"
3271,"Dharamagarh","3410","Kalahandi","358","Odisha","21"
3272,"Golamunda","3411","Kalahandi","358","Odisha","21"
3273,"Jayapatna","3412","Kalahandi","358","Odisha","21"
3274,"Junagarh","3413","Kalahandi","358","Odisha","21"
3275,"Kalampur","3414","Kalahandi","358","Odisha","21"
3276,"Karlamunda","3415","Kalahandi","358","Odisha","21"
3277,"Kesinga","3416","Kalahandi","358","Odisha","21"
3278,"Kokasara","3417","Kalahandi","358","Odisha","21"
3279,"Lanjigarh","3418","Kalahandi","358","Odisha","21"
3280,"Madanpur Rampur","3419","Kalahandi","358","Odisha","21"
3281,"Narala","3420","Kalahandi","358","Odisha","21"
3282,"Thuamul Ram Pur","3421","Kalahandi","358","Odisha","21"
3283,"Baliguda","3422","Kandhamal","359","Odisha","21"
3284,"Chakapad","3423","Kandhamal","359","Odisha","21"
3285,"Daringibadi","3424","Kandhamal","359","Odisha","21"
3286,"G.udayagiri","3425","Kandhamal","359","Odisha","21"
3287,"K.nuagan","3426","Kandhamal","359","Odisha","21"
3288,"Khajuripada","3427","Kandhamal","359","Odisha","21"
3289,"Kotagarh","3428","Kandhamal","359","Odisha","21"
3290,"Phiringia","3429","Kandhamal","359","Odisha","21"
3291,"Phulbani","3430","Kandhamal","359","Odisha","21"
3292,"Raikia","3431","Kandhamal","359","Odisha","21"
3293,"Tikabali","3432","Kandhamal","359","Odisha","21"
3294,"Tumudibandh","3433","Kandhamal","359","Odisha","21"
3295,"Aul","3434","Kendrapara","360","Odisha","21"
3296,"Derabish","3435","Kendrapara","360","Odisha","21"
3297,"Garadapur","3436","Kendrapara","360","Odisha","21"
3298,"Kendrapada","3437","Kendrapara","360","Odisha","21"
3299,"Mahakalapada","3438","Kendrapara","360","Odisha","21"
3300,"Marsaghai","3439","Kendrapara","360","Odisha","21"
3301,"Pattamundai","3440","Kendrapara","360","Odisha","21"
3302,"Rajkanika","3441","Kendrapara","360","Odisha","21"
3303,"Rajnagar","3442","Kendrapara","360","Odisha","21"
3304,"Anandapur","3443","Kendujhar","361","Odisha","21"
3305,"Bansapal","3444","Kendujhar","361","Odisha","21"
3306,"Champua","3445","Kendujhar","361","Odisha","21"
3307,"Ghasipura","3446","Kendujhar","361","Odisha","21"
3308,"Ghatgaon","3447","Kendujhar","361","Odisha","21"
3309,"Harichadanpur","3448","Kendujhar","361","Odisha","21"
3310,"Hatadihi","3449","Kendujhar","361","Odisha","21"
3311,"Jhumpura","3450","Kendujhar","361","Odisha","21"
3312,"Joda","3451","Kendujhar","361","Odisha","21"
3313,"Kendujhar Sadar","3452","Kendujhar","361","Odisha","21"
3314,"Patana","3453","Kendujhar","361","Odisha","21"
3315,"Saharapada","3454","Kendujhar","361","Odisha","21"
3316,"Telkoi","3455","Kendujhar","361","Odisha","21"
3317,"Balianta","3456","Khordha","362","Odisha","21"
3318,"Balipatna","3457","Khordha","362","Odisha","21"
3319,"Banapur","3458","Khordha","362","Odisha","21"
3320,"Begunia","3459","Khordha","362","Odisha","21"
3321,"Bhubaneswar","3460","Khordha","362","Odisha","21"
3322,"Bolagarh","3461","Khordha","362","Odisha","21"
3323,"Chilika","3462","Khordha","362","Odisha","21"
3324,"Jatni","3463","Khordha","362","Odisha","21"
3325,"Khordha","3464","Khordha","362","Odisha","21"
3326,"Tangi","3465","Khordha","362","Odisha","21"
3327,"Bandhugaon","3466","Koraput","363","Odisha","21"
3328,"Boipariguda","3467","Koraput","363","Odisha","21"
3329,"Borigumma","3468","Koraput","363","Odisha","21"
3330,"Dasamantapur","3469","Koraput","363","Odisha","21"
3331,"Jeypore","3470","Koraput","363","Odisha","21"
3332,"Koraput","3471","Koraput","363","Odisha","21"
3333,"Kotpad","3472","Koraput","363","Odisha","21"
3334,"Kundura","3473","Koraput","363","Odisha","21"
3335,"Lamtaput","3474","Koraput","363","Odisha","21"
3336,"Laxmipur","3475","Koraput","363","Odisha","21"
3337,"Nandapur","3476","Koraput","363","Odisha","21"
3338,"Narayan Patana","3477","Koraput","363","Odisha","21"
3339,"Pottangi","3478","Koraput","363","Odisha","21"
3340,"Semiliguda","3479","Koraput","363","Odisha","21"
3341,"Kalimela","3480","Malkangiri","364","Odisha","21"
3342,"Khairaput","3481","Malkangiri","364","Odisha","21"
3343,"Korukonda","3482","Malkangiri","364","Odisha","21"
3344,"Chitrakonda","3483","Malkangiri","364","Odisha","21"
3345,"Malkangiri","3484","Malkangiri","364","Odisha","21"
3346,"Mathili","3485","Malkangiri","364","Odisha","21"
3347,"Podia","3486","Malkangiri","364","Odisha","21"
3348,"Badasahi","3487","Mayurbhanj","365","Odisha","21"
3349,"Bahalda","3488","Mayurbhanj","365","Odisha","21"
3350,"Bangriposi","3489","Mayurbhanj","365","Odisha","21"
3351,"Baripada","3490","Mayurbhanj","365","Odisha","21"
3352,"Betnoti","3491","Mayurbhanj","365","Odisha","21"
3353,"Bijatala","3492","Mayurbhanj","365","Odisha","21"
3354,"Bisoi","3493","Mayurbhanj","365","Odisha","21"
3355,"Gopabandhunagar","3494","Mayurbhanj","365","Odisha","21"
3356,"Jamda","3495","Mayurbhanj","365","Odisha","21"
3357,"Joshipur","3496","Mayurbhanj","365","Odisha","21"
3358,"Kaptipada","3497","Mayurbhanj","365","Odisha","21"
3359,"Karanjia","3498","Mayurbhanj","365","Odisha","21"
3360,"Khunta","3499","Mayurbhanj","365","Odisha","21"
3361,"Kuliana","3500","Mayurbhanj","365","Odisha","21"
3362,"Kusumi","3501","Mayurbhanj","365","Odisha","21"
3363,"Morada","3502","Mayurbhanj","365","Odisha","21"
3364,"Rairangpur","3503","Mayurbhanj","365","Odisha","21"
3365,"Raruan","3504","Mayurbhanj","365","Odisha","21"
3366,"Rasgovindpur","3505","Mayurbhanj","365","Odisha","21"
3367,"Samakhunta","3506","Mayurbhanj","365","Odisha","21"
3368,"Saraskana","3507","Mayurbhanj","365","Odisha","21"
3369,"Sukruli","3508","Mayurbhanj","365","Odisha","21"
3370,"Suliapada","3509","Mayurbhanj","365","Odisha","21"
3371,"Thakurmunda","3510","Mayurbhanj","365","Odisha","21"
3372,"Tiring","3511","Mayurbhanj","365","Odisha","21"
3373,"Udala","3512","Mayurbhanj","365","Odisha","21"
3374,"Chandahandi","3513","Nabarangpur","366","Odisha","21"
3375,"Dabugam","3514","Nabarangpur","366","Odisha","21"
3376,"Jharigam","3515","Nabarangpur","366","Odisha","21"
3377,"Kosagumuda","3516","Nabarangpur","366","Odisha","21"
3378,"Nabarangpur","3517","Nabarangpur","366","Odisha","21"
3379,"Nandahandi","3518","Nabarangpur","366","Odisha","21"
3380,"Papadahandi","3519","Nabarangpur","366","Odisha","21"
3381,"Raighar","3520","Nabarangpur","366","Odisha","21"
3382,"Tentulikhunti","3521","Nabarangpur","366","Odisha","21"
3383,"Umerkote","3522","Nabarangpur","366","Odisha","21"
3384,"Bhapur","3523","Nayagarh","367","Odisha","21"
3385,"Dasapalla","3524","Nayagarh","367","Odisha","21"
3386,"Gania","3525","Nayagarh","367","Odisha","21"
3387,"Khandapara","3526","Nayagarh","367","Odisha","21"
3388,"Nayagarh","3527","Nayagarh","367","Odisha","21"
3389,"Nuagaon","3528","Nayagarh","367","Odisha","21"
3390,"Odagaon","3529","Nayagarh","367","Odisha","21"
3391,"Ranapur","3530","Nayagarh","367","Odisha","21"
3392,"Boden","3531","Nuapada","368","Odisha","21"
3393,"Khariar","3532","Nuapada","368","Odisha","21"
3394,"Komna","3533","Nuapada","368","Odisha","21"
3395,"Nuapada","3534","Nuapada","368","Odisha","21"
3396,"Sinapali","3535","Nuapada","368","Odisha","21"
3397,"Astaranga","3536","Puri","369","Odisha","21"
3398,"Brahmagiri","3537","Puri","369","Odisha","21"
3399,"Delanga","3538","Puri","369","Odisha","21"
3400,"Gop","3539","Puri","369","Odisha","21"
3401,"Kakat Pur","3540","Puri","369","Odisha","21"
3402,"Kanas","3541","Puri","369","Odisha","21"
3403,"Krushnaprasad","3542","Puri","369","Odisha","21"
3404,"Nimapada","3543","Puri","369","Odisha","21"
3405,"Pipili","3544","Puri","369","Odisha","21"
3406,"Sadar","3545","Puri","369","Odisha","21"
3407,"Satyabadi","3546","Puri","369","Odisha","21"
3408,"Bissamcuttack","3547","Rayagada","370","Odisha","21"
3409,"Chandrapur","3548","Rayagada","370","Odisha","21"
3410,"Gudari","3549","Rayagada","370","Odisha","21"
3411,"Gunupur","3550","Rayagada","370","Odisha","21"
3412,"Kalyansingpur","3551","Rayagada","370","Odisha","21"
3413,"Kasipur","3552","Rayagada","370","Odisha","21"
3414,"Kolnara","3553","Rayagada","370","Odisha","21"
3415,"Muniguda","3554","Rayagada","370","Odisha","21"
3416,"Padmapur","3555","Rayagada","370","Odisha","21"
3417,"Ramanaguda","3556","Rayagada","370","Odisha","21"
3418,"Rayagada","3557","Rayagada","370","Odisha","21"
3419,"Bamra","3558","Sambalpur","371","Odisha","21"
3420,"Dhankauda","3559","Sambalpur","371","Odisha","21"
3421,"Jamankira","3560","Sambalpur","371","Odisha","21"
3422,"Jujomura","3561","Sambalpur","371","Odisha","21"
3423,"Kuchinda","3562","Sambalpur","371","Odisha","21"
3424,"Maneswar","3563","Sambalpur","371","Odisha","21"
3425,"Naktideul","3564","Sambalpur","371","Odisha","21"
3426,"Rairakhol","3565","Sambalpur","371","Odisha","21"
3427,"Rengali","3566","Sambalpur","371","Odisha","21"
3428,"Binika","3567","Sonepur","372","Odisha","21"
3429,"Birmaharajpur","3568","Sonepur","372","Odisha","21"
3430,"Dunguripali","3569","Sonepur","372","Odisha","21"
3431,"Sonepur","3570","Sonepur","372","Odisha","21"
3432,"Tarbha","3571","Sonepur","372","Odisha","21"
3433,"Ullunda","3572","Sonepur","372","Odisha","21"
3434,"Balisankara","3573","Sundargarh","373","Odisha","21"
3435,"Bargaon","3574","Sundargarh","373","Odisha","21"
3436,"Bisra","3575","Sundargarh","373","Odisha","21"
3437,"Bonaigarh","3576","Sundargarh","373","Odisha","21"
3438,"Gurundia","3577","Sundargarh","373","Odisha","21"
3439,"Hemgir","3578","Sundargarh","373","Odisha","21"
3440,"Koida","3579","Sundargarh","373","Odisha","21"
3441,"Kuarmunda","3580","Sundargarh","373","Odisha","21"
3442,"Kutra","3581","Sundargarh","373","Odisha","21"
3443,"Lahunipara","3582","Sundargarh","373","Odisha","21"
3444,"Lathikata","3583","Sundargarh","373","Odisha","21"
3445,"Lephripara","3584","Sundargarh","373","Odisha","21"
3446,"Nuagaon","3585","Sundargarh","373","Odisha","21"
3447,"Rajgangpur","3586","Sundargarh","373","Odisha","21"
3448,"Subdega","3587","Sundargarh","373","Odisha","21"
3449,"Sundargarh","3588","Sundargarh","373","Odisha","21"
3450,"Tangarpali","3589","Sundargarh","373","Odisha","21"
3451,"Baderajpur","3590","Kondagaon","643","Chhattisgarh","22"
3452,"Bakawand","3591","Bastar","374","Chhattisgarh","22"
3453,"Bastanar","3592","Bastar","374","Chhattisgarh","22"
3454,"Bastar","3593","Bastar","374","Chhattisgarh","22"
3455,"Darbha","3594","Bastar","374","Chhattisgarh","22"
3456,"Jagdalpur","3595","Bastar","374","Chhattisgarh","22"
3457,"Keshkal","3596","Kondagaon","643","Chhattisgarh","22"
3458,"Kondagaon","3597","Kondagaon","643","Chhattisgarh","22"
3459,"Lohandiguda","3598","Bastar","374","Chhattisgarh","22"
3460,"Makdi","3599","Kondagaon","643","Chhattisgarh","22"
3461,"Narayanpur","3600","Narayanpur","637","Chhattisgarh","22"
3462,"Orchha(abhujmad)","3601","Narayanpur","637","Chhattisgarh","22"
3463,"Pharasgaon","3602","Kondagaon","643","Chhattisgarh","22"
3464,"Tokapal","3603","Bastar","374","Chhattisgarh","22"
3465,"Belha","3604","Bilaspur","375","Chhattisgarh","22"
3466,"Gaurella-1","3605","Gaurella Pendra Marwahi","734","Chhattisgarh","22"
3467,"Gaurella-2","3606","Gaurella Pendra Marwahi","734","Chhattisgarh","22"
3468,"Kota","3607","Bilaspur","375","Chhattisgarh","22"
3469,"Lormi","3608","Mungeli","647","Chhattisgarh","22"
3470,"Marwahi","3609","Gaurella Pendra Marwahi","734","Chhattisgarh","22"
3471,"Masturi","3610","Bilaspur","375","Chhattisgarh","22"
3472,"Mungeli","3611","Mungeli","647","Chhattisgarh","22"
3473,"Pathariya","3612","Mungeli","647","Chhattisgarh","22"
3474,"Takhatpur","3613","Bilaspur","375","Chhattisgarh","22"
3475,"Bhairamgarh","3614","Bijapur","636","Chhattisgarh","22"
3476,"Bhopal Patnam","3615","Bijapur","636","Chhattisgarh","22"
3477,"Bijapur","3616","Bijapur","636","Chhattisgarh","22"
3478,"Chhindgarh","3617","Sukma","642","Chhattisgarh","22"
3479,"Dantewada","3618","Dantewada","376","Chhattisgarh","22"
3480,"Geedam","3619","Dantewada","376","Chhattisgarh","22"
3481,"Katekalyan","3620","Dantewada","376","Chhattisgarh","22"
3482,"Konta","3621","Sukma","642","Chhattisgarh","22"
3483,"Kuwakonda","3622","Dantewada","376","Chhattisgarh","22"
3484,"Sukma","3623","Sukma","642","Chhattisgarh","22"
3485,"Usoor","3624","Bijapur","636","Chhattisgarh","22"
3486,"Dhamtari","3625","Dhamtari","377","Chhattisgarh","22"
3487,"Kurud","3626","Dhamtari","377","Chhattisgarh","22"
3488,"Magarlod","3627","Dhamtari","377","Chhattisgarh","22"
3489,"Nagari","3628","Dhamtari","377","Chhattisgarh","22"
3490,"Balod","3629","Balod","646","Chhattisgarh","22"
3491,"Bemetara","3630","Bemetara","650","Chhattisgarh","22"
3492,"Berla","3631","Bemetara","650","Chhattisgarh","22"
3493,"Dhamdha","3632","Durg","378","Chhattisgarh","22"
3494,"Dondi","3633","Balod","646","Chhattisgarh","22"
3495,"Dondilohara","3634","Balod","646","Chhattisgarh","22"
3496,"Durg","3635","Durg","378","Chhattisgarh","22"
3497,"Gunderdehi","3636","Balod","646","Chhattisgarh","22"
3498,"Gurur","3637","Balod","646","Chhattisgarh","22"
3499,"Nawagarh","3638","Bemetara","650","Chhattisgarh","22"
3500,"Patan","3639","Durg","378","Chhattisgarh","22"
3501,"Saja","3640","Bemetara","650","Chhattisgarh","22"
3502,"Akaltara","3641","Janjgir-champa","379","Chhattisgarh","22"
3503,"Bamhindih","3642","Janjgir-champa","379","Chhattisgarh","22"
3504,"Baloda","3643","Janjgir-champa","379","Chhattisgarh","22"
3505,"Dabhara","3644","Sakti","762","Chhattisgarh","22"
3506,"Jaijaipur","3645","Sakti","762","Chhattisgarh","22"
3507,"Malkharoda","3646","Sakti","762","Chhattisgarh","22"
3508,"Nawagarh","3647","Janjgir-champa","379","Chhattisgarh","22"
3509,"Pamgarh","3648","Janjgir-champa","379","Chhattisgarh","22"
3510,"Sakti","3649","Sakti","762","Chhattisgarh","22"
3511,"Bagicha","3650","Jashpur","380","Chhattisgarh","22"
3512,"Duldula","3651","Jashpur","380","Chhattisgarh","22"
3513,"Jashpur","3652","Jashpur","380","Chhattisgarh","22"
3514,"Kansabel","3653","Jashpur","380","Chhattisgarh","22"
3515,"Kunkuri","3654","Jashpur","380","Chhattisgarh","22"
3516,"Manora","3655","Jashpur","380","Chhattisgarh","22"
3517,"Patthalgaon","3656","Jashpur","380","Chhattisgarh","22"
3518,"Pharsabahar","3657","Jashpur","380","Chhattisgarh","22"
3519,"Antagarh","3658","Kanker","381","Chhattisgarh","22"
3520,"Bhanupratappur","3659","Kanker","381","Chhattisgarh","22"
3521,"Charama","3660","Kanker","381","Chhattisgarh","22"
3522,"Durgukondal","3661","Kanker","381","Chhattisgarh","22"
3523,"Kanker","3662","Kanker","381","Chhattisgarh","22"
3524,"Koilebeda","3663","Kanker","381","Chhattisgarh","22"
3525,"Narharpur","3664","Kanker","381","Chhattisgarh","22"
3526,"Bodla","3665","Kabirdham","382","Chhattisgarh","22"
3527,"Kawardha","3666","Kabirdham","382","Chhattisgarh","22"
3528,"Pandariya","3667","Kabirdham","382","Chhattisgarh","22"
3529,"S.lohara","3668","Kabirdham","382","Chhattisgarh","22"
3530,"Kartala","3669","Korba","383","Chhattisgarh","22"
3531,"Katghora","3670","Korba","383","Chhattisgarh","22"
3532,"Korba","3671","Korba","383","Chhattisgarh","22"
3533,"Pali","3672","Korba","383","Chhattisgarh","22"
3534,"Podi Uparoda","3673","Korba","383","Chhattisgarh","22"
3535,"Bharatpur","3675","Manendragarh Chirimiri Bharatpur ","760","Chhattisgarh","22"
3536,"Manendragarh","3677","Manendragarh Chirimiri Bharatpur ","760","Chhattisgarh","22"
3537,"Sonhat","3678","Korea","384","Chhattisgarh","22"
3538,"Bagbahara","3679","Mahasamund","385","Chhattisgarh","22"
3539,"Basna","3680","Mahasamund","385","Chhattisgarh","22"
3540,"Mahasamund","3681","Mahasamund","385","Chhattisgarh","22"
3541,"Pithora","3682","Mahasamund","385","Chhattisgarh","22"
3542,"Saraipali","3683","Mahasamund","385","Chhattisgarh","22"
3543,"Baramkela","3684","Sarangarh Bilaigarh","763","Chhattisgarh","22"
3544,"Dharamjaigarh","3685","Raigarh","386","Chhattisgarh","22"
3545,"Gharghoda","3686","Raigarh","386","Chhattisgarh","22"
3546,"Kharsia","3687","Raigarh","386","Chhattisgarh","22"
3547,"Lailunga","3688","Raigarh","386","Chhattisgarh","22"
3548,"Pussore","3689","Raigarh","386","Chhattisgarh","22"
3549,"Raigarh","3690","Raigarh","386","Chhattisgarh","22"
3550,"Sarangarh","3691","Sarangarh Bilaigarh","763","Chhattisgarh","22"
3551,"Tamnar","3692","Raigarh","386","Chhattisgarh","22"
3552,"Abhanpur","3693","Raipur","387","Chhattisgarh","22"
3553,"Arang","3694","Raipur","387","Chhattisgarh","22"
3554,"Baloda Bazar","3695","Baloda Bazar","644","Chhattisgarh","22"
3555,"Bhatapara","3696","Baloda Bazar","644","Chhattisgarh","22"
3556,"Bilaigarh","3697","Sarangarh Bilaigarh","763","Chhattisgarh","22"
3557,"Chhurra","3698","Gariyaband","645","Chhattisgarh","22"
3558,"Deobhog","3699","Gariyaband","645","Chhattisgarh","22"
3559,"Dharsiwa","3700","Raipur","387","Chhattisgarh","22"
3560,"Fingeshwar","3701","Gariyaband","645","Chhattisgarh","22"
3561,"Gariyaband","3702","Gariyaband","645","Chhattisgarh","22"
3562,"Kasdol","3703","Baloda Bazar","644","Chhattisgarh","22"
3563,"Mainpur","3704","Gariyaband","645","Chhattisgarh","22"
3564,"Palari","3705","Baloda Bazar","644","Chhattisgarh","22"
3565,"Simga","3706","Baloda Bazar","644","Chhattisgarh","22"
3566,"Tilda","3707","Raipur","387","Chhattisgarh","22"
3567,"A.chowki (td)","3708","Mohla Manpur Ambagarh Chouki","761","Chhattisgarh","22"
3568,"Chhuikhadan","3709","Khairgarh Chhuikhadan Gandai","759","Chhattisgarh","22"
3569,"Chhuriya","3710","Rajnandgaon","388","Chhattisgarh","22"
3570,"Dongargaon","3711","Rajnandgaon","388","Chhattisgarh","22"
3571,"Dongarghar","3712","Rajnandgaon","388","Chhattisgarh","22"
3572,"Khairagarh","3713","Khairgarh Chhuikhadan Gandai","759","Chhattisgarh","22"
3573,"Manpur (td)","3714","Mohla Manpur Ambagarh Chouki","761","Chhattisgarh","22"
3574,"Mohala (td)","3715","Mohla Manpur Ambagarh Chouki","761","Chhattisgarh","22"
3575,"Rajnandgaon","3716","Rajnandgaon","388","Chhattisgarh","22"
3576,"Ambikapur","3717","Surguja","389","Chhattisgarh","22"
3577,"Balrampur","3718","Balrampur","649","Chhattisgarh","22"
3578,"Batauli","3719","Surguja","389","Chhattisgarh","22"
3579,"Bhaiyathan","3720","Surajpur","648","Chhattisgarh","22"
3580,"Kusmi","3721","Balrampur","649","Chhattisgarh","22"
3581,"Lakhanpur","3722","Surguja","389","Chhattisgarh","22"
3582,"Lundra","3723","Surguja","389","Chhattisgarh","22"
3583,"Mainpat","3724","Surguja","389","Chhattisgarh","22"
3584,"Odagi","3725","Surajpur","648","Chhattisgarh","22"
3585,"Pratappur","3726","Surajpur","648","Chhattisgarh","22"
3586,"Premnagar","3727","Surajpur","648","Chhattisgarh","22"
3587,"Rajpur","3728","Balrampur","649","Chhattisgarh","22"
3588,"Ramanujnagar","3729","Surajpur","648","Chhattisgarh","22"
3589,"Ramchandrapur","3730","Balrampur","649","Chhattisgarh","22"
3590,"Shankargarh","3731","Balrampur","649","Chhattisgarh","22"
3591,"Sitapur","3732","Surguja","389","Chhattisgarh","22"
3592,"Surajpur","3733","Surajpur","648","Chhattisgarh","22"
3593,"Udaipur","3734","Surguja","389","Chhattisgarh","22"
3594,"Wadrafnagar","3735","Balrampur","649","Chhattisgarh","22"
3595,"Anuppur","3736","Anuppur","390","Madhya Pradesh","23"
3596,"Jaithari","3737","Anuppur","390","Madhya Pradesh","23"
3597,"Kotma","3738","Anuppur","390","Madhya Pradesh","23"
3598,"Pushprajgarh","3739","Anuppur","390","Madhya Pradesh","23"
3599,"Ashoknagar","3740","Ashoknagar","391","Madhya Pradesh","23"
3600,"Chanderi","3741","Ashoknagar","391","Madhya Pradesh","23"
3601,"Isagarh","3742","Ashoknagar","391","Madhya Pradesh","23"
3602,"Mungaoli","3743","Ashoknagar","391","Madhya Pradesh","23"
3603,"Baihar","3744","Balaghat","392","Madhya Pradesh","23"
3604,"Balaghat","3745","Balaghat","392","Madhya Pradesh","23"
3605,"Birsa","3746","Balaghat","392","Madhya Pradesh","23"
3606,"Katangi","3747","Balaghat","392","Madhya Pradesh","23"
3607,"Khairlanji","3748","Balaghat","392","Madhya Pradesh","23"
3608,"Kirnapur","3749","Balaghat","392","Madhya Pradesh","23"
3609,"Lalbarra","3750","Balaghat","392","Madhya Pradesh","23"
3610,"Lanji","3751","Balaghat","392","Madhya Pradesh","23"
3611,"Paraswada","3752","Balaghat","392","Madhya Pradesh","23"
3612,"Waraseoni","3753","Balaghat","392","Madhya Pradesh","23"
3613,"Barwani","3754","Barwani","393","Madhya Pradesh","23"
3614,"Newali","3755","Barwani","393","Madhya Pradesh","23"
3615,"Pansemal","3756","Barwani","393","Madhya Pradesh","23"
3616,"Pati","3757","Barwani","393","Madhya Pradesh","23"
3617,"Rajpur","3758","Barwani","393","Madhya Pradesh","23"
3618,"Sendhawa","3759","Barwani","393","Madhya Pradesh","23"
3619,"Thikri","3760","Barwani","393","Madhya Pradesh","23"
3620,"Amla","3761","Betul","394","Madhya Pradesh","23"
3621,"Athner","3762","Betul","394","Madhya Pradesh","23"
3622,"Betul","3763","Betul","394","Madhya Pradesh","23"
3623,"Bhainsdehi","3764","Betul","394","Madhya Pradesh","23"
3624,"Bhimpur","3765","Betul","394","Madhya Pradesh","23"
3625,"Chicholi","3766","Betul","394","Madhya Pradesh","23"
3626,"Ghoradongri","3767","Betul","394","Madhya Pradesh","23"
3627,"Multai","3768","Betul","394","Madhya Pradesh","23"
3628,"Prabhat Pattan","3769","Betul","394","Madhya Pradesh","23"
3629,"Shahpur","3770","Betul","394","Madhya Pradesh","23"
3630,"Ater","3771","Bhind","395","Madhya Pradesh","23"
3631,"Bhind","3772","Bhind","395","Madhya Pradesh","23"
3632,"Gohad","3773","Bhind","395","Madhya Pradesh","23"
3633,"Lahar","3774","Bhind","395","Madhya Pradesh","23"
3634,"Mehgaon","3775","Bhind","395","Madhya Pradesh","23"
3635,"Raon","3776","Bhind","395","Madhya Pradesh","23"
3636,"Berasia","3777","Bhopal","396","Madhya Pradesh","23"
3637,"Phanda","3778","Bhopal","396","Madhya Pradesh","23"
3638,"Burhanpur","3779","Burhanpur","397","Madhya Pradesh","23"
3639,"Khaknar","3780","Burhanpur","397","Madhya Pradesh","23"
3640,"Bada Malehara","3781","Chhatarpur","398","Madhya Pradesh","23"
3641,"Barigarh","3782","Chhatarpur","398","Madhya Pradesh","23"
3642,"Bijawar","3783","Chhatarpur","398","Madhya Pradesh","23"
3643,"Buxwaha","3784","Chhatarpur","398","Madhya Pradesh","23"
3644,"Chhatarpur","3785","Chhatarpur","398","Madhya Pradesh","23"
3645,"Laundi","3786","Chhatarpur","398","Madhya Pradesh","23"
3646,"Nowgong","3787","Chhatarpur","398","Madhya Pradesh","23"
3647,"Rajnagar","3788","Chhatarpur","398","Madhya Pradesh","23"
3648,"Amarwara","3789","Chhindwara","399","Madhya Pradesh","23"
3649,"Bichhua","3790","Chhindwara","399","Madhya Pradesh","23"
3650,"Chaurai","3791","Chhindwara","399","Madhya Pradesh","23"
3651,"Chhindwara","3792","Chhindwara","399","Madhya Pradesh","23"
3652,"Harrai","3793","Chhindwara","399","Madhya Pradesh","23"
3653,"Jamai","3794","Chhindwara","399","Madhya Pradesh","23"
3654,"Mohkhed","3795","Chhindwara","399","Madhya Pradesh","23"
3655,"Pandhurna","3796","Chhindwara","399","Madhya Pradesh","23"
3656,"Parasia","3797","Chhindwara","399","Madhya Pradesh","23"
3657,"Sausar","3798","Chhindwara","399","Madhya Pradesh","23"
3658,"Tamia","3799","Chhindwara","399","Madhya Pradesh","23"
3659,"Batiyagarh","3800","Damoh","400","Madhya Pradesh","23"
3660,"Damoh","3801","Damoh","400","Madhya Pradesh","23"
3661,"Hatta","3802","Damoh","400","Madhya Pradesh","23"
3662,"Jabera","3803","Damoh","400","Madhya Pradesh","23"
3663,"Patera","3804","Damoh","400","Madhya Pradesh","23"
3664,"Pathariya","3805","Damoh","400","Madhya Pradesh","23"
3665,"Tendukheda","3806","Damoh","400","Madhya Pradesh","23"
3666,"Bhander","3807","Datia","401","Madhya Pradesh","23"
3667,"Datia","3808","Datia","401","Madhya Pradesh","23"
3668,"Seondha","3809","Datia","401","Madhya Pradesh","23"
3669,"Bagli","3810","Dewas","402","Madhya Pradesh","23"
3670,"Dewas","3811","Dewas","402","Madhya Pradesh","23"
3671,"Kannod","3812","Dewas","402","Madhya Pradesh","23"
3672,"Khategaon","3813","Dewas","402","Madhya Pradesh","23"
3673,"Sonkatch","3814","Dewas","402","Madhya Pradesh","23"
3674,"Tonk Khurd","3815","Dewas","402","Madhya Pradesh","23"
3675,"Badnawar","3816","Dhar","403","Madhya Pradesh","23"
3676,"Bagh","3817","Dhar","403","Madhya Pradesh","23"
3677,"Dahi","3818","Dhar","403","Madhya Pradesh","23"
3678,"Dhar","3819","Dhar","403","Madhya Pradesh","23"
3679,"Dharampuri","3820","Dhar","403","Madhya Pradesh","23"
3680,"Gandhwani","3821","Dhar","403","Madhya Pradesh","23"
3681,"Kukshi","3822","Dhar","403","Madhya Pradesh","23"
3682,"Manawar","3823","Dhar","403","Madhya Pradesh","23"
3683,"Nalchha","3824","Dhar","403","Madhya Pradesh","23"
3684,"Nisarpur","3825","Dhar","403","Madhya Pradesh","23"
3685,"Sardarpur","3826","Dhar","403","Madhya Pradesh","23"
3686,"Tirla","3827","Dhar","403","Madhya Pradesh","23"
3687,"Umarban","3828","Dhar","403","Madhya Pradesh","23"
3688,"Amarpur","3829","Dindori","404","Madhya Pradesh","23"
3689,"Bajag","3830","Dindori","404","Madhya Pradesh","23"
3690,"Dindori","3831","Dindori","404","Madhya Pradesh","23"
3691,"Karanjiya","3832","Dindori","404","Madhya Pradesh","23"
3692,"Mehandwani","3833","Dindori","404","Madhya Pradesh","23"
3693,"Samnapur","3834","Dindori","404","Madhya Pradesh","23"
3694,"Shahpura","3835","Dindori","404","Madhya Pradesh","23"
3695,"Baladi","3836","East Nimar","405","Madhya Pradesh","23"
3696,"Chhaigaon Makhan","3837","East Nimar","405","Madhya Pradesh","23"
3697,"Harsud","3838","East Nimar","405","Madhya Pradesh","23"
3698,"Khalwa","3839","East Nimar","405","Madhya Pradesh","23"
3699,"Khandwa","3840","East Nimar","405","Madhya Pradesh","23"
3700,"Pandhana","3841","East Nimar","405","Madhya Pradesh","23"
3701,"Punasa","3842","East Nimar","405","Madhya Pradesh","23"
3702,"Aron","3843","Guna","406","Madhya Pradesh","23"
3703,"Bamori","3844","Guna","406","Madhya Pradesh","23"
3704,"Chanchoda","3845","Guna","406","Madhya Pradesh","23"
3705,"Guna","3846","Guna","406","Madhya Pradesh","23"
3706,"Raghogarh","3847","Guna","406","Madhya Pradesh","23"
3707,"Bhitarwar","3848","Gwalior","407","Madhya Pradesh","23"
3708,"Dabra","3849","Gwalior","407","Madhya Pradesh","23"
3709,"Ghatigaon","3850","Gwalior","407","Madhya Pradesh","23"
3710,"Morar","3851","Gwalior","407","Madhya Pradesh","23"
3711,"Harda","3852","Harda","408","Madhya Pradesh","23"
3712,"Khirkiya","3853","Harda","408","Madhya Pradesh","23"
3713,"Timarni","3854","Harda","408","Madhya Pradesh","23"
3714,"Babai","3855","Narmadapuram","409","Madhya Pradesh","23"
3715,"Bankhedi","3856","Narmadapuram","409","Madhya Pradesh","23"
3716,"Narmadapuram","3857","Narmadapuram","409","Madhya Pradesh","23"
3717,"Kesla","3858","Narmadapuram","409","Madhya Pradesh","23"
3718,"Pipariya","3859","Narmadapuram","409","Madhya Pradesh","23"
3719,"Seoni Malwa","3860","Narmadapuram","409","Madhya Pradesh","23"
3720,"Sohagpur","3861","Narmadapuram","409","Madhya Pradesh","23"
3721,"Depalpur","3862","Indore","410","Madhya Pradesh","23"
3722,"Indore","3863","Indore","410","Madhya Pradesh","23"
3723,"Mhow","3864","Indore","410","Madhya Pradesh","23"
3724,"Sanwer","3865","Indore","410","Madhya Pradesh","23"
3725,"Jabalpur","3866","Jabalpur","411","Madhya Pradesh","23"
3726,"Kundam","3867","Jabalpur","411","Madhya Pradesh","23"
3727,"Majhouli","3868","Jabalpur","411","Madhya Pradesh","23"
3728,"Panagar","3869","Jabalpur","411","Madhya Pradesh","23"
3729,"Patan","3870","Jabalpur","411","Madhya Pradesh","23"
3730,"Shahpura","3871","Jabalpur","411","Madhya Pradesh","23"
3731,"Sihora","3872","Jabalpur","411","Madhya Pradesh","23"
3732,"Alirajpur","3873","Alirajpur","639","Madhya Pradesh","23"
3733,"Bhabra","3874","Alirajpur","639","Madhya Pradesh","23"
3734,"Jhabua","3875","Jhabua","412","Madhya Pradesh","23"
3735,"Jobat","3876","Alirajpur","639","Madhya Pradesh","23"
3736,"Katthiwada","3877","Alirajpur","639","Madhya Pradesh","23"
3737,"Meghnagar","3878","Jhabua","412","Madhya Pradesh","23"
3738,"Petlawad","3879","Jhabua","412","Madhya Pradesh","23"
3739,"Rama","3880","Jhabua","412","Madhya Pradesh","23"
3740,"Ranapur","3881","Jhabua","412","Madhya Pradesh","23"
3741,"Sondwa","3882","Alirajpur","639","Madhya Pradesh","23"
3742,"Thandla","3883","Jhabua","412","Madhya Pradesh","23"
3743,"Udaigarh","3884","Alirajpur","639","Madhya Pradesh","23"
3744,"Badwara","3885","Katni","413","Madhya Pradesh","23"
3745,"Bahoriband","3886","Katni","413","Madhya Pradesh","23"
3746,"Dheemerkheda","3887","Katni","413","Madhya Pradesh","23"
3747,"Katni","3888","Katni","413","Madhya Pradesh","23"
3748,"Rithi","3889","Katni","413","Madhya Pradesh","23"
3749,"Vijayraghavgarh","3890","Katni","413","Madhya Pradesh","23"
3750,"Barwah","3891","Khargone","414","Madhya Pradesh","23"
3751,"Bhagvanpura","3892","Khargone","414","Madhya Pradesh","23"
3752,"Bhikangaon","3893","Khargone","414","Madhya Pradesh","23"
3753,"Gogawan","3894","Khargone","414","Madhya Pradesh","23"
3754,"Kasrawad","3895","Khargone","414","Madhya Pradesh","23"
3755,"Khargone","3896","Khargone","414","Madhya Pradesh","23"
3756,"Maheshwar","3897","Khargone","414","Madhya Pradesh","23"
3757,"Segaon","3898","Khargone","414","Madhya Pradesh","23"
3758,"Ziranya","3899","Khargone","414","Madhya Pradesh","23"
3759,"Bichhiya","3900","Mandla","415","Madhya Pradesh","23"
3760,"Bijadandi","3901","Mandla","415","Madhya Pradesh","23"
3761,"Ghughri","3902","Mandla","415","Madhya Pradesh","23"
3762,"Mandla","3903","Mandla","415","Madhya Pradesh","23"
3763,"Mawai","3904","Mandla","415","Madhya Pradesh","23"
3764,"Mohgaon","3905","Mandla","415","Madhya Pradesh","23"
3765,"Nainpur","3906","Mandla","415","Madhya Pradesh","23"
3766,"Narayanganj","3907","Mandla","415","Madhya Pradesh","23"
3767,"Niwas","3908","Mandla","415","Madhya Pradesh","23"
3768,"Bhanpura","3909","Mandsaur","416","Madhya Pradesh","23"
3769,"Garoth","3910","Mandsaur","416","Madhya Pradesh","23"
3770,"Malhargarh","3911","Mandsaur","416","Madhya Pradesh","23"
3771,"Mandsaur","3912","Mandsaur","416","Madhya Pradesh","23"
3772,"Sitamau","3913","Mandsaur","416","Madhya Pradesh","23"
3773,"Ambah","3914","Morena","417","Madhya Pradesh","23"
3774,"Joura","3915","Morena","417","Madhya Pradesh","23"
3775,"Kailaras","3916","Morena","417","Madhya Pradesh","23"
3776,"Morena","3917","Morena","417","Madhya Pradesh","23"
3777,"Pahadgarh","3918","Morena","417","Madhya Pradesh","23"
3778,"Porsa","3919","Morena","417","Madhya Pradesh","23"
3779,"Sabalgarh","3920","Morena","417","Madhya Pradesh","23"
3780,"Babai Chichali","3921","Narsinghpur","418","Madhya Pradesh","23"
3781,"Chawarpatha","3922","Narsinghpur","418","Madhya Pradesh","23"
3782,"Gotegaon","3923","Narsinghpur","418","Madhya Pradesh","23"
3783,"Kareli","3924","Narsinghpur","418","Madhya Pradesh","23"
3784,"Narsimhapur","3925","Narsinghpur","418","Madhya Pradesh","23"
3785,"Sainkheda","3926","Narsinghpur","418","Madhya Pradesh","23"
3786,"Jawad","3927","Neemuch","419","Madhya Pradesh","23"
3787,"Manasa","3928","Neemuch","419","Madhya Pradesh","23"
3788,"Neemuch","3929","Neemuch","419","Madhya Pradesh","23"
3789,"Ajaigarh","3930","Panna","420","Madhya Pradesh","23"
3790,"Gunour","3931","Panna","420","Madhya Pradesh","23"
3791,"Panna","3932","Panna","420","Madhya Pradesh","23"
3792,"Pawai","3933","Panna","420","Madhya Pradesh","23"
3793,"Shahnagar","3934","Panna","420","Madhya Pradesh","23"
3794,"Badi","3935","Raisen","421","Madhya Pradesh","23"
3795,"Begamganj","3936","Raisen","421","Madhya Pradesh","23"
3796,"Gairatganj","3937","Raisen","421","Madhya Pradesh","23"
3797,"Obaidallaganj","3938","Raisen","421","Madhya Pradesh","23"
3798,"Sanchi","3939","Raisen","421","Madhya Pradesh","23"
3799,"Silwani","3940","Raisen","421","Madhya Pradesh","23"
3800,"Udaipura","3941","Raisen","421","Madhya Pradesh","23"
3801,"Biaora","3942","Rajgarh","422","Madhya Pradesh","23"
3802,"Khilchipur","3943","Rajgarh","422","Madhya Pradesh","23"
3803,"Narsinghgarh","3944","Rajgarh","422","Madhya Pradesh","23"
3804,"Rajgarh","3945","Rajgarh","422","Madhya Pradesh","23"
3805,"Sarangpur","3946","Rajgarh","422","Madhya Pradesh","23"
3806,"Zirapur","3947","Rajgarh","422","Madhya Pradesh","23"
3807,"Alot","3948","Ratlam","423","Madhya Pradesh","23"
3808,"Bajna","3949","Ratlam","423","Madhya Pradesh","23"
3809,"Jaora","3950","Ratlam","423","Madhya Pradesh","23"
3810,"Piploda","3951","Ratlam","423","Madhya Pradesh","23"
3811,"Ratlam","3952","Ratlam","423","Madhya Pradesh","23"
3812,"Sailana","3953","Ratlam","423","Madhya Pradesh","23"
3813,"Gangev","3954","Rewa","424","Madhya Pradesh","23"
3814,"Hanumana","3955","Rewa","424","Madhya Pradesh","23"
3815,"Jawa","3956","Rewa","424","Madhya Pradesh","23"
3816,"Mauganj","3957","Rewa","424","Madhya Pradesh","23"
3817,"Naigarhi","3958","Rewa","424","Madhya Pradesh","23"
3818,"Raipur Karchuliyan","3959","Rewa","424","Madhya Pradesh","23"
3819,"Rewa","3960","Rewa","424","Madhya Pradesh","23"
3820,"Sirmour","3961","Rewa","424","Madhya Pradesh","23"
3821,"Teonthar","3962","Rewa","424","Madhya Pradesh","23"
3822,"Banda","3963","Sagar","425","Madhya Pradesh","23"
3823,"Bina","3964","Sagar","425","Madhya Pradesh","23"
3824,"Deori","3965","Sagar","425","Madhya Pradesh","23"
3825,"Jaisinagar","3966","Sagar","425","Madhya Pradesh","23"
3826,"Kesli","3967","Sagar","425","Madhya Pradesh","23"
3827,"Khurai","3968","Sagar","425","Madhya Pradesh","23"
3828,"Malthone","3969","Sagar","425","Madhya Pradesh","23"
3829,"Rahatgarh","3970","Sagar","425","Madhya Pradesh","23"
3830,"Rehli","3971","Sagar","425","Madhya Pradesh","23"
3831,"Sagar","3972","Sagar","425","Madhya Pradesh","23"
3832,"Shahgarh","3973","Sagar","425","Madhya Pradesh","23"
3833,"Amarpatan","3974","Satna","426","Madhya Pradesh","23"
3834,"Maihar","3975","Satna","426","Madhya Pradesh","23"
3835,"Majhgawan","3976","Satna","426","Madhya Pradesh","23"
3836,"Nagod","3977","Satna","426","Madhya Pradesh","23"
3837,"Ramnagar","3978","Satna","426","Madhya Pradesh","23"
3838,"Rampur Baghelan","3979","Satna","426","Madhya Pradesh","23"
3839,"Sohawal","3980","Satna","426","Madhya Pradesh","23"
3840,"Unchahara","3981","Satna","426","Madhya Pradesh","23"
3841,"Ashta","3982","Sehore","427","Madhya Pradesh","23"
3842,"Budni","3983","Sehore","427","Madhya Pradesh","23"
3843,"Ichhawar","3984","Sehore","427","Madhya Pradesh","23"
3844,"Nasrullaganj","3985","Sehore","427","Madhya Pradesh","23"
3845,"Sehore","3986","Sehore","427","Madhya Pradesh","23"
3846,"Barghat","3987","Seoni","428","Madhya Pradesh","23"
3847,"Chhapara","3988","Seoni","428","Madhya Pradesh","23"
3848,"Dhanaura","3989","Seoni","428","Madhya Pradesh","23"
3849,"Kahnapas(ghansaur)","3990","Seoni","428","Madhya Pradesh","23"
3850,"Keolari","3991","Seoni","428","Madhya Pradesh","23"
3851,"Kurai","3992","Seoni","428","Madhya Pradesh","23"
3852,"Lakhnadon","3993","Seoni","428","Madhya Pradesh","23"
3853,"Seoni","3994","Seoni","428","Madhya Pradesh","23"
3854,"Beohari","3995","Shahdol","429","Madhya Pradesh","23"
3855,"Burhar","3996","Shahdol","429","Madhya Pradesh","23"
3856,"Gohparu","3997","Shahdol","429","Madhya Pradesh","23"
3857,"Jaisinghnagar","3998","Shahdol","429","Madhya Pradesh","23"
3858,"Sohagpur","3999","Shahdol","429","Madhya Pradesh","23"
3859,"Agar ","4000","Agar Malwa","667","Madhya Pradesh","23"
3860,"Barod ","4001","Agar Malwa","667","Madhya Pradesh","23"
3861,"Kalapipal","4002","Shajapur","430","Madhya Pradesh","23"
3862,"Moman Badodia","4003","Shajapur","430","Madhya Pradesh","23"
3863,"Nalkheda","4004","Agar Malwa","667","Madhya Pradesh","23"
3864,"Shajapur","4005","Shajapur","430","Madhya Pradesh","23"
3865,"Shujalpur","4006","Shajapur","430","Madhya Pradesh","23"
3866,"Susner","4007","Agar Malwa","667","Madhya Pradesh","23"
3867,"Karahal","4008","Sheopur","431","Madhya Pradesh","23"
3868,"Sheopur","4009","Sheopur","431","Madhya Pradesh","23"
3869,"Vijaypur","4010","Sheopur","431","Madhya Pradesh","23"
3870,"Badarwas","4011","Shivpuri","432","Madhya Pradesh","23"
3871,"Karera","4012","Shivpuri","432","Madhya Pradesh","23"
3872,"Khaniadhana","4013","Shivpuri","432","Madhya Pradesh","23"
3873,"Kolaras","4014","Shivpuri","432","Madhya Pradesh","23"
3874,"Narwar","4015","Shivpuri","432","Madhya Pradesh","23"
3875,"Pichhore","4016","Shivpuri","432","Madhya Pradesh","23"
3876,"Pohri","4017","Shivpuri","432","Madhya Pradesh","23"
3877,"Shivpuri","4018","Shivpuri","432","Madhya Pradesh","23"
3878,"Chitrangi","4019","Singrauli","638","Madhya Pradesh","23"
3879,"Devsar","4020","Singrauli","638","Madhya Pradesh","23"
3880,"Kusmi","4021","Sidhi","433","Madhya Pradesh","23"
3881,"Majhauli","4022","Sidhi","433","Madhya Pradesh","23"
3882,"Rampur Naikin","4023","Sidhi","433","Madhya Pradesh","23"
3883,"Sidhi","4024","Sidhi","433","Madhya Pradesh","23"
3884,"Sihawal","4025","Sidhi","433","Madhya Pradesh","23"
3885,"Baidhan","4026","Singrauli","638","Madhya Pradesh","23"
3886,"Baldeogarh","4027","Tikamgarh","434","Madhya Pradesh","23"
3887,"Jatara","4028","Tikamgarh","434","Madhya Pradesh","23"
3888,"Niwari","4029","Niwari","722","Madhya Pradesh","23"
3889,"Palera","4030","Tikamgarh","434","Madhya Pradesh","23"
3890,"Prithvipur","4031","Niwari","722","Madhya Pradesh","23"
3891,"Tikamgarh","4032","Tikamgarh","434","Madhya Pradesh","23"
3892,"Badnagar","4033","Ujjain","435","Madhya Pradesh","23"
3893,"Ghatiya","4034","Ujjain","435","Madhya Pradesh","23"
3894,"Khacharod","4035","Ujjain","435","Madhya Pradesh","23"
3895,"Mahidpur","4036","Ujjain","435","Madhya Pradesh","23"
3896,"Tarana","4037","Ujjain","435","Madhya Pradesh","23"
3897,"Ujjain","4038","Ujjain","435","Madhya Pradesh","23"
3898,"Karkeli","4039","Umaria","436","Madhya Pradesh","23"
3899,"Manpur","4040","Umaria","436","Madhya Pradesh","23"
3900,"Pali","4041","Umaria","436","Madhya Pradesh","23"
3901,"Basoda","4042","Vidisha","437","Madhya Pradesh","23"
3902,"Gyaraspur","4043","Vidisha","437","Madhya Pradesh","23"
3903,"Kurwai","4044","Vidisha","437","Madhya Pradesh","23"
3904,"Lateri","4045","Vidisha","437","Madhya Pradesh","23"
3905,"Nateran","4046","Vidisha","437","Madhya Pradesh","23"
3906,"Sironj","4047","Vidisha","437","Madhya Pradesh","23"
3907,"Vidisha","4048","Vidisha","437","Madhya Pradesh","23"
3908,"Ahmadabad City","4049","Ahmadabad","438","Gujarat","24"
3909,"Barvala","4050","Botad","676","Gujarat","24"
3910,"Bavla","4051","Ahmadabad","438","Gujarat","24"
3911,"Daskroi","4052","Ahmadabad","438","Gujarat","24"
3912,"Detroj Rampura","4053","Ahmadabad","438","Gujarat","24"
3913,"Dhandhuka","4054","Ahmadabad","438","Gujarat","24"
3914,"Dholka","4055","Ahmadabad","438","Gujarat","24"
3915,"Mandal","4056","Ahmadabad","438","Gujarat","24"
3916,"Ranpur","4057","Botad","676","Gujarat","24"
3917,"Sanand","4058","Ahmadabad","438","Gujarat","24"
3918,"Viramgam","4059","Ahmadabad","438","Gujarat","24"
3919,"Amreli","4060","Amreli","439","Gujarat","24"
3920,"Babra","4061","Amreli","439","Gujarat","24"
3921,"Bagasara","4062","Amreli","439","Gujarat","24"
3922,"Dhari","4063","Amreli","439","Gujarat","24"
3923,"Jafrabad","4064","Amreli","439","Gujarat","24"
3924,"Khambha","4065","Amreli","439","Gujarat","24"
3925,"Kunkavav -vadia","4066","Amreli","439","Gujarat","24"
3926,"Lathi","4067","Amreli","439","Gujarat","24"
3927,"Lilia","4068","Amreli","439","Gujarat","24"
3928,"Rajula","4069","Amreli","439","Gujarat","24"
3929,"Saverkundla","4070","Amreli","439","Gujarat","24"
3930,"Anand","4071","Anand","440","Gujarat","24"
3931,"Anklav","4072","Anand","440","Gujarat","24"
3932,"Borsad","4073","Anand","440","Gujarat","24"
3933,"Khambhat","4074","Anand","440","Gujarat","24"
3934,"Petlad","4075","Anand","440","Gujarat","24"
3935,"Sojitra","4076","Anand","440","Gujarat","24"
3936,"Tarapur","4077","Anand","440","Gujarat","24"
3937,"Umreth","4078","Anand","440","Gujarat","24"
3938,"Amirgadh","4079","Banas Kantha","441","Gujarat","24"
3939,"Bhabhar","4080","Banas Kantha","441","Gujarat","24"
3940,"Danta","4081","Banas Kantha","441","Gujarat","24"
3941,"Dantivada","4082","Banas Kantha","441","Gujarat","24"
3942,"Deesa","4083","Banas Kantha","441","Gujarat","24"
3943,"Deodar","4084","Banas Kantha","441","Gujarat","24"
3944,"Dhanera","4085","Banas Kantha","441","Gujarat","24"
3945,"Kankrej","4086","Banas Kantha","441","Gujarat","24"
3946,"Palanpur","4087","Banas Kantha","441","Gujarat","24"
3947,"Tharad","4088","Banas Kantha","441","Gujarat","24"
3948,"Vadgam","4089","Banas Kantha","441","Gujarat","24"
3949,"Vav","4090","Banas Kantha","441","Gujarat","24"
3950,"Amod","4091","Bharuch","442","Gujarat","24"
3951,"Anklesvar","4092","Bharuch","442","Gujarat","24"
3952,"Bharuch","4093","Bharuch","442","Gujarat","24"
3953,"Hansot","4094","Bharuch","442","Gujarat","24"
3954,"Jambusar","4095","Bharuch","442","Gujarat","24"
3955,"Jhagadia","4096","Bharuch","442","Gujarat","24"
3956,"Vagra","4097","Bharuch","442","Gujarat","24"
3957,"Valia","4098","Bharuch","442","Gujarat","24"
3958,"Bhavnagar","4099","Bhavnagar","443","Gujarat","24"
3959,"Botad","4100","Botad","676","Gujarat","24"
3960,"Gadhada","4101","Botad","676","Gujarat","24"
3961,"Gariadhar","4102","Bhavnagar","443","Gujarat","24"
3962,"Ghogha","4103","Bhavnagar","443","Gujarat","24"
3963,"Mahuva","4104","Bhavnagar","443","Gujarat","24"
3964,"Palitana","4105","Bhavnagar","443","Gujarat","24"
3965,"Sihor","4106","Bhavnagar","443","Gujarat","24"
3966,"Talaja","4107","Bhavnagar","443","Gujarat","24"
3967,"Umrala","4108","Bhavnagar","443","Gujarat","24"
3968,"Vallabhipur","4109","Bhavnagar","443","Gujarat","24"
3969,"Ahwa","4110","Dang","444","Gujarat","24"
3970,"Dahod","4111","Dohad","445","Gujarat","24"
3971,"Devgad Bariya","4112","Dohad","445","Gujarat","24"
3972,"Dhanpur","4113","Dohad","445","Gujarat","24"
3973,"Fatepura","4114","Dohad","445","Gujarat","24"
3974,"Garbada","4115","Dohad","445","Gujarat","24"
3975,"Jhalod","4116","Dohad","445","Gujarat","24"
3976,"Limkheda","4117","Dohad","445","Gujarat","24"
3977,"Dehgam","4118","Gandhinagar","446","Gujarat","24"
3978,"Gandhinagar","4119","Gandhinagar","446","Gujarat","24"
3979,"Kalol","4120","Gandhinagar","446","Gujarat","24"
3980,"Mansa","4121","Gandhinagar","446","Gujarat","24"
3981,"Bhanvad","4122","Devbhumi Dwarka","674","Gujarat","24"
3982,"Dhrol","4123","Jamnagar","447","Gujarat","24"
3983,"Jamjodhpur","4124","Jamnagar","447","Gujarat","24"
3984,"Jamnagar","4125","Jamnagar","447","Gujarat","24"
3985,"Jodiya","4126","Jamnagar","447","Gujarat","24"
3986,"Kalavad","4127","Jamnagar","447","Gujarat","24"
3987,"Kalyanpur","4128","Devbhumi Dwarka","674","Gujarat","24"
3988,"Khambhalia","4129","Devbhumi Dwarka","674","Gujarat","24"
3989,"Lalpur","4130","Jamnagar","447","Gujarat","24"
3990,"Okhamandal","4131","Devbhumi Dwarka","674","Gujarat","24"
3991,"Bhesan","4132","Junagadh","448","Gujarat","24"
3992,"Junagadh","4133","Junagadh","448","Gujarat","24"
3993,"Keshod","4134","Junagadh","448","Gujarat","24"
3994,"Kodinar","4135","Gir Somnath","675","Gujarat","24"
3995,"Malia","4136","Junagadh","448","Gujarat","24"
3996,"Manavadar","4137","Junagadh","448","Gujarat","24"
3997,"Mangrol","4138","Junagadh","448","Gujarat","24"
3998,"Mendarda","4139","Junagadh","448","Gujarat","24"
3999,"Patan Veraval","4140","Gir Somnath","675","Gujarat","24"
4000,"Sutrapada","4141","Gir Somnath","675","Gujarat","24"
4001,"Talala","4142","Gir Somnath","675","Gujarat","24"
4002,"Una","4143","Gir Somnath","675","Gujarat","24"
4003,"Vanthali","4144","Junagadh","448","Gujarat","24"
4004,"Visavadar","4145","Junagadh","448","Gujarat","24"
4005,"Abdasa","4146","Kachchh","449","Gujarat","24"
4006,"Anjar","4147","Kachchh","449","Gujarat","24"
4007,"Bhachau","4148","Kachchh","449","Gujarat","24"
4008,"Bhuj","4149","Kachchh","449","Gujarat","24"
4009,"Gandhidham","4150","Kachchh","449","Gujarat","24"
4010,"Lakhpat","4151","Kachchh","449","Gujarat","24"
4011,"Mandvi","4152","Kachchh","449","Gujarat","24"
4012,"Mundra","4153","Kachchh","449","Gujarat","24"
4013,"Nakhatrana","4154","Kachchh","449","Gujarat","24"
4014,"Rapar","4155","Kachchh","449","Gujarat","24"
4015,"Balasinor","4156","Mahisagar","669","Gujarat","24"
4016,"Kapadvanj","4157","Kheda","450","Gujarat","24"
4017,"Kathlal","4158","Kheda","450","Gujarat","24"
4018,"Kheda","4159","Kheda","450","Gujarat","24"
4019,"Mahudha","4160","Kheda","450","Gujarat","24"
4020,"Matar","4161","Kheda","450","Gujarat","24"
4021,"Mehmedabad","4162","Kheda","450","Gujarat","24"
4022,"Nadiad","4163","Kheda","450","Gujarat","24"
4023,"Thasra","4164","Kheda","450","Gujarat","24"
4024,"Virpur","4165","Mahisagar","669","Gujarat","24"
4025,"Bechraji","4166","Mahesana","451","Gujarat","24"
4026,"Kadi","4167","Mahesana","451","Gujarat","24"
4027,"Kheralu","4168","Mahesana","451","Gujarat","24"
4028,"Mahesana","4169","Mahesana","451","Gujarat","24"
4029,"Satlasna","4170","Mahesana","451","Gujarat","24"
4030,"Unjha","4171","Mahesana","451","Gujarat","24"
4031,"Vadnagar","4172","Mahesana","451","Gujarat","24"
4032,"Vijapur","4173","Mahesana","451","Gujarat","24"
4033,"Visnagar","4174","Mahesana","451","Gujarat","24"
4034,"Dediyapada","4175","Narmada","452","Gujarat","24"
4035,"Nandod","4176","Narmada","452","Gujarat","24"
4036,"Sagbara","4177","Narmada","452","Gujarat","24"
4037,"Tilakwada","4178","Narmada","452","Gujarat","24"
4038,"Chikhali","4179","Navsari","453","Gujarat","24"
4039,"Gandevi","4180","Navsari","453","Gujarat","24"
4040,"Jalalpore","4181","Navsari","453","Gujarat","24"
4041,"Navsari","4182","Navsari","453","Gujarat","24"
4042,"Vansda","4183","Navsari","453","Gujarat","24"
4043,"Ghoghamba","4184","Panch Mahals","454","Gujarat","24"
4044,"Godhra","4185","Panch Mahals","454","Gujarat","24"
4045,"Halol","4186","Panch Mahals","454","Gujarat","24"
4046,"Jambughoda","4187","Panch Mahals","454","Gujarat","24"
4047,"Kadana","4188","Mahisagar","669","Gujarat","24"
4048,"Kalol","4189","Panch Mahals","454","Gujarat","24"
4049,"Khanpur","4190","Mahisagar","669","Gujarat","24"
4050,"Lunawada","4191","Mahisagar","669","Gujarat","24"
4051,"Morvahadaf","4192","Panch Mahals","454","Gujarat","24"
4052,"Santrampur","4193","Mahisagar","669","Gujarat","24"
4053,"Shehera","4194","Panch Mahals","454","Gujarat","24"
4054,"Chanasma","4195","Patan","455","Gujarat","24"
4055,"Harij","4196","Patan","455","Gujarat","24"
4056,"Patan","4197","Patan","455","Gujarat","24"
4057,"Radhanpur","4198","Patan","455","Gujarat","24"
4058,"Sami","4199","Patan","455","Gujarat","24"
4059,"Santalpur","4200","Patan","455","Gujarat","24"
4060,"Sidhpur","4201","Patan","455","Gujarat","24"
4061,"Kutiyana","4202","Porbandar","456","Gujarat","24"
4062,"Porbandar","4203","Porbandar","456","Gujarat","24"
4063,"Ranavav","4204","Porbandar","456","Gujarat","24"
4064,"Dhoraji","4205","Rajkot","457","Gujarat","24"
4065,"Gondal","4206","Rajkot","457","Gujarat","24"
4066,"Jamkandorna","4207","Rajkot","457","Gujarat","24"
4067,"Jasdan","4208","Rajkot","457","Gujarat","24"
4068,"Jetpur","4209","Rajkot","457","Gujarat","24"
4069,"Kotda Sangani","4210","Rajkot","457","Gujarat","24"
4070,"Lodhika","4211","Rajkot","457","Gujarat","24"
4071,"Maliya","4212","Morbi","673","Gujarat","24"
4072,"Morvi","4213","Morbi","673","Gujarat","24"
4073,"Paddhari","4214","Rajkot","457","Gujarat","24"
4074,"Rajkot","4215","Rajkot","457","Gujarat","24"
4075,"Tankara","4216","Morbi","673","Gujarat","24"
4076,"Upleta","4217","Rajkot","457","Gujarat","24"
4077,"Wankaner","4218","Morbi","673","Gujarat","24"
4078,"Bayad","4219","Arvalli","672","Gujarat","24"
4079,"Bhiloda","4220","Arvalli","672","Gujarat","24"
4080,"Dhansura","4221","Arvalli","672","Gujarat","24"
4081,"Himatnagar","4222","Sabar Kantha","458","Gujarat","24"
4082,"Idar","4223","Sabar Kantha","458","Gujarat","24"
4083,"Khedbrahma","4224","Sabar Kantha","458","Gujarat","24"
4084,"Malpur","4225","Arvalli","672","Gujarat","24"
4085,"Meghraj","4226","Arvalli","672","Gujarat","24"
4086,"Modasa","4227","Arvalli","672","Gujarat","24"
4087,"Prantij","4228","Sabar Kantha","458","Gujarat","24"
4088,"Talod","4229","Sabar Kantha","458","Gujarat","24"
4089,"Vadali","4230","Sabar Kantha","458","Gujarat","24"
4090,"Vijaynagar","4231","Sabar Kantha","458","Gujarat","24"
4091,"Bardoli","4232","Surat","459","Gujarat","24"
4092,"Chorasi","4233","Surat","459","Gujarat","24"
4093,"Kamrej","4234","Surat","459","Gujarat","24"
4094,"Mahuva","4235","Surat","459","Gujarat","24"
4095,"Mandvi","4236","Surat","459","Gujarat","24"
4096,"Mangrol","4237","Surat","459","Gujarat","24"
4097,"Nizar","4238","Tapi","641","Gujarat","24"
4098,"Olpad","4239","Surat","459","Gujarat","24"
4099,"Palsana","4240","Surat","459","Gujarat","24"
4100,"Songadh","4241","Tapi","641","Gujarat","24"
4101,"Suratcity","4242","Surat","459","Gujarat","24"
4102,"Uchchhal","4243","Tapi","641","Gujarat","24"
4103,"Umarpada","4244","Surat","459","Gujarat","24"
4104,"Valod","4245","Tapi","641","Gujarat","24"
4105,"Vyara","4246","Tapi","641","Gujarat","24"
4106,"Chotila","4247","Surendranagar","460","Gujarat","24"
4107,"Chuda","4248","Surendranagar","460","Gujarat","24"
4108,"Dasada","4249","Surendranagar","460","Gujarat","24"
4109,"Dhrangadhra","4250","Surendranagar","460","Gujarat","24"
4110,"Halvad","4251","Morbi","673","Gujarat","24"
4111,"Lakhtar","4252","Surendranagar","460","Gujarat","24"
4112,"Limbdi","4253","Surendranagar","460","Gujarat","24"
4113,"Muli","4254","Surendranagar","460","Gujarat","24"
4114,"Sayla","4255","Surendranagar","460","Gujarat","24"
4115,"Wadhwan","4256","Surendranagar","460","Gujarat","24"
4116,"Chhota Udepur","4257","Chhotaudepur","668","Gujarat","24"
4117,"Dabhoi","4258","Vadodara","461","Gujarat","24"
4118,"Jetpur Pavi","4259","Chhotaudepur","668","Gujarat","24"
4119,"Karjan","4260","Vadodara","461","Gujarat","24"
4120,"Kawant","4261","Chhotaudepur","668","Gujarat","24"
4121,"Naswadi","4262","Chhotaudepur","668","Gujarat","24"
4122,"Padra","4263","Vadodara","461","Gujarat","24"
4123,"Sankheda","4264","Chhotaudepur","668","Gujarat","24"
4124,"Savli","4265","Vadodara","461","Gujarat","24"
4125,"Shinor","4266","Vadodara","461","Gujarat","24"
4126,"Vadodara(city and Rural)","4267","Vadodara","461","Gujarat","24"
4127,"Waghodia","4268","Vadodara","461","Gujarat","24"
4128,"Dharampur","4269","Valsad","462","Gujarat","24"
4129,"Kaprada","4270","Valsad","462","Gujarat","24"
4130,"Pardi","4271","Valsad","462","Gujarat","24"
4131,"Umbergaon","4272","Valsad","462","Gujarat","24"
4132,"Valsad","4273","Valsad","462","Gujarat","24"
4133,"Daman","4274","Daman","463","The Dadra and Nagar Haveli and Daman and Diu","38"
4134,"Diu","4275","Diu","464","The Dadra and Nagar Haveli and Daman and Diu","38"
4135,"Dadra Nagar Haveli","4276","Dadra and Nagar Haveli","465","The Dadra and Nagar Haveli and Daman and Diu","38"
4136,"Akole","4277","Ahmednagar","466","Maharashtra","27"
4137,"Jamkhed","4278","Ahmednagar","466","Maharashtra","27"
4138,"Karjat","4279","Ahmednagar","466","Maharashtra","27"
4139,"Kopargaon","4280","Ahmednagar","466","Maharashtra","27"
4140,"Nagar","4281","Ahmednagar","466","Maharashtra","27"
4141,"Nevasa","4282","Ahmednagar","466","Maharashtra","27"
4142,"Parner","4283","Ahmednagar","466","Maharashtra","27"
4143,"Pathardi","4284","Ahmednagar","466","Maharashtra","27"
4144,"Rahata","4285","Ahmednagar","466","Maharashtra","27"
4145,"Rahuri","4286","Ahmednagar","466","Maharashtra","27"
4146,"Sangamner","4287","Ahmednagar","466","Maharashtra","27"
4147,"Shevgaon","4288","Ahmednagar","466","Maharashtra","27"
4148,"Shrigonda","4289","Ahmednagar","466","Maharashtra","27"
4149,"Shrirampur","4290","Ahmednagar","466","Maharashtra","27"
4150,"Akola","4291","Akola","467","Maharashtra","27"
4151,"Akot","4292","Akola","467","Maharashtra","27"
4152,"Balapur","4293","Akola","467","Maharashtra","27"
4153,"Barshitakli","4294","Akola","467","Maharashtra","27"
4154,"Murtijapur","4295","Akola","467","Maharashtra","27"
4155,"Patur","4296","Akola","467","Maharashtra","27"
4156,"Telhara","4297","Akola","467","Maharashtra","27"
4157,"Achalpur","4298","Amravati","468","Maharashtra","27"
4158,"Amravati","4299","Amravati","468","Maharashtra","27"
4159,"Anjangaon S","4300","Amravati","468","Maharashtra","27"
4160,"Bhatkuli","4301","Amravati","468","Maharashtra","27"
4161,"Chandur Ril","4302","Amravati","468","Maharashtra","27"
4162,"Chandur Bz","4303","Amravati","468","Maharashtra","27"
4163,"Chikhaldara","4304","Amravati","468","Maharashtra","27"
4164,"Daryapur","4305","Amravati","468","Maharashtra","27"
4165,"Dhamangaon Ril","4306","Amravati","468","Maharashtra","27"
4166,"Dharni","4307","Amravati","468","Maharashtra","27"
4167,"Morshi","4308","Amravati","468","Maharashtra","27"
4168,"Nandgaon Kh","4309","Amravati","468","Maharashtra","27"
4169,"Tiwsa","4310","Amravati","468","Maharashtra","27"
4170,"Warud","4311","Amravati","468","Maharashtra","27"
4171,"Aurangabad","4312","Aurangabad","469","Maharashtra","27"
4172,"Gangapur","4313","Aurangabad","469","Maharashtra","27"
4173,"Kanand","4314","Aurangabad","469","Maharashtra","27"
4174,"Khultabad","4315","Aurangabad","469","Maharashtra","27"
4175,"Paithan","4316","Aurangabad","469","Maharashtra","27"
4176,"Phulambri","4317","Aurangabad","469","Maharashtra","27"
4177,"Sillod","4318","Aurangabad","469","Maharashtra","27"
4178,"Soegaon","4319","Aurangabad","469","Maharashtra","27"
4179,"Vaijapur","4320","Aurangabad","469","Maharashtra","27"
4180,"Ambajogai","4321","Beed","470","Maharashtra","27"
4181,"Ashti","4322","Beed","470","Maharashtra","27"
4182,"Beed","4323","Beed","470","Maharashtra","27"
4183,"Dharur","4324","Beed","470","Maharashtra","27"
4184,"Georai","4325","Beed","470","Maharashtra","27"
4185,"Kaij","4326","Beed","470","Maharashtra","27"
4186,"Majalgaon","4327","Beed","470","Maharashtra","27"
4187,"Parali V .","4328","Beed","470","Maharashtra","27"
4188,"Patoda","4329","Beed","470","Maharashtra","27"
4189,"Shirur ( Ka )","4330","Beed","470","Maharashtra","27"
4190,"Wadwani","4331","Beed","470","Maharashtra","27"
4191,"Bhandara","4332","Bhandara","471","Maharashtra","27"
4192,"Lakhandur","4333","Bhandara","471","Maharashtra","27"
4193,"Lakhani","4334","Bhandara","471","Maharashtra","27"
4194,"Mohadi","4335","Bhandara","471","Maharashtra","27"
4195,"Pauni","4336","Bhandara","471","Maharashtra","27"
4196,"Sakoli","4337","Bhandara","471","Maharashtra","27"
4197,"Tumsar","4338","Bhandara","471","Maharashtra","27"
4198,"Buldana","4339","Buldhana","472","Maharashtra","27"
4199,"Chikhli","4340","Buldhana","472","Maharashtra","27"
4200,"D. Raja","4341","Buldhana","472","Maharashtra","27"
4201,"Jalgaonjamod","4342","Buldhana","472","Maharashtra","27"
4202,"Khamgaon","4343","Buldhana","472","Maharashtra","27"
4203,"Lonar","4344","Buldhana","472","Maharashtra","27"
4204,"Malkapur","4345","Buldhana","472","Maharashtra","27"
4205,"Mehkar","4346","Buldhana","472","Maharashtra","27"
4206,"Motala","4347","Buldhana","472","Maharashtra","27"
4207,"Nandura","4348","Buldhana","472","Maharashtra","27"
4208,"Sangrampur","4349","Buldhana","472","Maharashtra","27"
4209,"Shegaon","4350","Buldhana","472","Maharashtra","27"
4210,"Sindkhedraja","4351","Buldhana","472","Maharashtra","27"
4211,"Ballarpur","4352","Chandrapur","473","Maharashtra","27"
4212,"Bhadrawati","4353","Chandrapur","473","Maharashtra","27"
4213,"Brahmapuri","4354","Chandrapur","473","Maharashtra","27"
4214,"Chandrapur","4355","Chandrapur","473","Maharashtra","27"
4215,"Chimur","4356","Chandrapur","473","Maharashtra","27"
4216,"Gondpipri","4357","Chandrapur","473","Maharashtra","27"
4217,"Jiwati","4358","Chandrapur","473","Maharashtra","27"
4218,"Korpana","4359","Chandrapur","473","Maharashtra","27"
4219,"Mul","4360","Chandrapur","473","Maharashtra","27"
4220,"Nagbhid","4361","Chandrapur","473","Maharashtra","27"
4221,"Pombhurna","4362","Chandrapur","473","Maharashtra","27"
4222,"Rajura","4363","Chandrapur","473","Maharashtra","27"
4223,"Saoli","4364","Chandrapur","473","Maharashtra","27"
4224,"Sindewahi","4365","Chandrapur","473","Maharashtra","27"
4225,"Warora","4366","Chandrapur","473","Maharashtra","27"
4226,"Dhule","4367","Dhule","474","Maharashtra","27"
4227,"Sakri","4368","Dhule","474","Maharashtra","27"
4228,"Shindkhede","4369","Dhule","474","Maharashtra","27"
4229,"Shirpur","4370","Dhule","474","Maharashtra","27"
4230,"Aheri","4371","Gadchiroli","475","Maharashtra","27"
4231,"Armori","4372","Gadchiroli","475","Maharashtra","27"
4232,"Bhamaragad","4373","Gadchiroli","475","Maharashtra","27"
4233,"Chamorshi","4374","Gadchiroli","475","Maharashtra","27"
4234,"Desaiganj (wadsa)","4375","Gadchiroli","475","Maharashtra","27"
4235,"Dhanora","4376","Gadchiroli","475","Maharashtra","27"
4236,"Etapalli","4377","Gadchiroli","475","Maharashtra","27"
4237,"Gadchiroli","4378","Gadchiroli","475","Maharashtra","27"
4238,"Korchi","4379","Gadchiroli","475","Maharashtra","27"
4239,"Kurkheda","4380","Gadchiroli","475","Maharashtra","27"
4240,"Mulchera","4381","Gadchiroli","475","Maharashtra","27"
4241,"Sironcha","4382","Gadchiroli","475","Maharashtra","27"
4242,"Amgaon","4383","Gondia","476","Maharashtra","27"
4243,"Arjuni Morgaon","4384","Gondia","476","Maharashtra","27"
4244,"Deori","4385","Gondia","476","Maharashtra","27"
4245,"Gondia","4386","Gondia","476","Maharashtra","27"
4246,"Goregaon","4387","Gondia","476","Maharashtra","27"
4247,"Sadak Arjuni","4388","Gondia","476","Maharashtra","27"
4248,"Salekasa","4389","Gondia","476","Maharashtra","27"
4249,"Tirora","4390","Gondia","476","Maharashtra","27"
4250,"Aundha Nagnath","4391","Hingoli","477","Maharashtra","27"
4251,"Basmat","4392","Hingoli","477","Maharashtra","27"
4252,"Hingoli","4393","Hingoli","477","Maharashtra","27"
4253,"Kalamnuri","4394","Hingoli","477","Maharashtra","27"
4254,"Sengaon","4395","Hingoli","477","Maharashtra","27"
4255,"Amalner","4396","Jalgaon","478","Maharashtra","27"
4256,"Bhadgaon","4397","Jalgaon","478","Maharashtra","27"
4257,"Bhusawal","4398","Jalgaon","478","Maharashtra","27"
4258,"Bodwad","4399","Jalgaon","478","Maharashtra","27"
4259,"Chalisgaon","4400","Jalgaon","478","Maharashtra","27"
4260,"Chopda","4401","Jalgaon","478","Maharashtra","27"
4261,"Dharangaon","4402","Jalgaon","478","Maharashtra","27"
4262,"Erandol","4403","Jalgaon","478","Maharashtra","27"
4263,"Jalgaon","4404","Jalgaon","478","Maharashtra","27"
4264,"Jamner","4405","Jalgaon","478","Maharashtra","27"
4265,"Muktainagar","4406","Jalgaon","478","Maharashtra","27"
4266,"Pachora","4407","Jalgaon","478","Maharashtra","27"
4267,"Parola","4408","Jalgaon","478","Maharashtra","27"
4268,"Raver","4409","Jalgaon","478","Maharashtra","27"
4269,"Yawal","4410","Jalgaon","478","Maharashtra","27"
4270,"Ambad","4411","Jalna","479","Maharashtra","27"
4271,"Badnapur","4412","Jalna","479","Maharashtra","27"
4272,"Bhokardan","4413","Jalna","479","Maharashtra","27"
4273,"Ghansawangi","4414","Jalna","479","Maharashtra","27"
4274,"Jafrabad","4415","Jalna","479","Maharashtra","27"
4275,"Jalna","4416","Jalna","479","Maharashtra","27"
4276,"Mantha","4417","Jalna","479","Maharashtra","27"
4277,"Partur","4418","Jalna","479","Maharashtra","27"
4278,"Ajara","4419","Kolhapur","480","Maharashtra","27"
4279,"Gagan Bavada","4420","Kolhapur","480","Maharashtra","27"
4280,"Bhudargad","4421","Kolhapur","480","Maharashtra","27"
4281,"Chandgad","4422","Kolhapur","480","Maharashtra","27"
4282,"Gadhinglaj","4423","Kolhapur","480","Maharashtra","27"
4283,"Hatkanangale","4424","Kolhapur","480","Maharashtra","27"
4284,"Kagal","4425","Kolhapur","480","Maharashtra","27"
4285,"Karveer","4426","Kolhapur","480","Maharashtra","27"
4286,"Panhala","4427","Kolhapur","480","Maharashtra","27"
4287,"Radhanagari","4428","Kolhapur","480","Maharashtra","27"
4288,"Shahuwadi","4429","Kolhapur","480","Maharashtra","27"
4289,"Shirol","4430","Kolhapur","480","Maharashtra","27"
4290,"Ahemadpur","4431","Latur","481","Maharashtra","27"
4291,"Ausa","4432","Latur","481","Maharashtra","27"
4292,"Chakur","4433","Latur","481","Maharashtra","27"
4293,"Deoni","4434","Latur","481","Maharashtra","27"
4294,"Jalkot","4435","Latur","481","Maharashtra","27"
4295,"Latur","4436","Latur","481","Maharashtra","27"
4296,"Nilanga","4437","Latur","481","Maharashtra","27"
4297,"Renapur","4438","Latur","481","Maharashtra","27"
4298,"Shirur Anantpal","4439","Latur","481","Maharashtra","27"
4299,"Udgir","4440","Latur","481","Maharashtra","27"
4300,"Bhivapur","4444","Nagpur","484","Maharashtra","27"
4301,"Hingna","4445","Nagpur","484","Maharashtra","27"
4302,"Kalmeshwar","4446","Nagpur","484","Maharashtra","27"
4303,"Kamptee","4447","Nagpur","484","Maharashtra","27"
4304,"Katol","4448","Nagpur","484","Maharashtra","27"
4305,"Kuhi","4449","Nagpur","484","Maharashtra","27"
4306,"Mouda","4450","Nagpur","484","Maharashtra","27"
4307,"Nagpur","4451","Nagpur","484","Maharashtra","27"
4308,"Narkhed","4452","Nagpur","484","Maharashtra","27"
4309,"Parseoni","4453","Nagpur","484","Maharashtra","27"
4310,"Ramtek","4454","Nagpur","484","Maharashtra","27"
4311,"Saoner","4455","Nagpur","484","Maharashtra","27"
4312,"Umred","4456","Nagpur","484","Maharashtra","27"
4313,"Ardhapur","4457","Nanded","485","Maharashtra","27"
4314,"Bhokar","4458","Nanded","485","Maharashtra","27"
4315,"Biloli","4459","Nanded","485","Maharashtra","27"
4316,"Deglur","4460","Nanded","485","Maharashtra","27"
4317,"Dharmabad","4461","Nanded","485","Maharashtra","27"
4318,"Hadgaon","4462","Nanded","485","Maharashtra","27"
4319,"Himayatnagar","4463","Nanded","485","Maharashtra","27"
4320,"Kandhar","4464","Nanded","485","Maharashtra","27"
4321,"Kinwat","4465","Nanded","485","Maharashtra","27"
4322,"Loha","4466","Nanded","485","Maharashtra","27"
4323,"Mahur","4467","Nanded","485","Maharashtra","27"
4324,"Modkhed","4468","Nanded","485","Maharashtra","27"
4325,"Mokhed","4469","Nanded","485","Maharashtra","27"
4326,"Naigaon (kh)","4470","Nanded","485","Maharashtra","27"
4327,"Nanded","4471","Nanded","485","Maharashtra","27"
4328,"Umri","4472","Nanded","485","Maharashtra","27"
4329,"Akkalkuwa","4473","Nandurbar","486","Maharashtra","27"
4330,"Akarani","4474","Nandurbar","486","Maharashtra","27"
4331,"Nandurbar","4475","Nandurbar","486","Maharashtra","27"
4332,"Navapur","4476","Nandurbar","486","Maharashtra","27"
4333,"Shahada","4477","Nandurbar","486","Maharashtra","27"
4334,"Taloda","4478","Nandurbar","486","Maharashtra","27"
4335,"Baglan","4479","Nashik","487","Maharashtra","27"
4336,"Chandwad","4480","Nashik","487","Maharashtra","27"
4337,"Deola","4481","Nashik","487","Maharashtra","27"
4338,"Dindori","4482","Nashik","487","Maharashtra","27"
4339,"Igatpuri","4483","Nashik","487","Maharashtra","27"
4340,"Kalwan","4484","Nashik","487","Maharashtra","27"
4341,"Malegaon","4485","Nashik","487","Maharashtra","27"
4342,"Nandgaon","4486","Nashik","487","Maharashtra","27"
4343,"Nashik","4487","Nashik","487","Maharashtra","27"
4344,"Niphad","4488","Nashik","487","Maharashtra","27"
4345,"Peth","4489","Nashik","487","Maharashtra","27"
4346,"Sinnar","4490","Nashik","487","Maharashtra","27"
4347,"Surgana","4491","Nashik","487","Maharashtra","27"
4348,"Trimbak","4492","Nashik","487","Maharashtra","27"
4349,"Yeola","4493","Nashik","487","Maharashtra","27"
4350,"Bhoom","4494","Osmanabad","488","Maharashtra","27"
4351,"Kalamb","4495","Osmanabad","488","Maharashtra","27"
4352,"Lohara","4496","Osmanabad","488","Maharashtra","27"
4353,"Omerga","4497","Osmanabad","488","Maharashtra","27"
4354,"Osmanabad","4498","Osmanabad","488","Maharashtra","27"
4355,"Paranda","4499","Osmanabad","488","Maharashtra","27"
4356,"Tuljapur","4500","Osmanabad","488","Maharashtra","27"
4357,"Washi","4501","Osmanabad","488","Maharashtra","27"
4358,"Gangakhed","4502","Parbhani","489","Maharashtra","27"
4359,"Jintur","4503","Parbhani","489","Maharashtra","27"
4360,"Manwat","4504","Parbhani","489","Maharashtra","27"
4361,"Palam","4505","Parbhani","489","Maharashtra","27"
4362,"Parbhani","4506","Parbhani","489","Maharashtra","27"
4363,"Pathri","4507","Parbhani","489","Maharashtra","27"
4364,"Purna","4508","Parbhani","489","Maharashtra","27"
4365,"Sailu","4509","Parbhani","489","Maharashtra","27"
4366,"Sonpeth","4510","Parbhani","489","Maharashtra","27"
4367,"Ambegaon","4511","Pune","490","Maharashtra","27"
4368,"Baramati","4512","Pune","490","Maharashtra","27"
4369,"Bhor","4513","Pune","490","Maharashtra","27"
4370,"Daund","4514","Pune","490","Maharashtra","27"
4371,"Haveli","4515","Pune","490","Maharashtra","27"
4372,"Indapur","4516","Pune","490","Maharashtra","27"
4373,"Junnar","4517","Pune","490","Maharashtra","27"
4374,"Khed","4518","Pune","490","Maharashtra","27"
4375,"Maval","4519","Pune","490","Maharashtra","27"
4376,"Mulshi","4520","Pune","490","Maharashtra","27"
4377,"Pune City","4521","Pune","490","Maharashtra","27"
4378,"Purandar","4522","Pune","490","Maharashtra","27"
4379,"Shirur","4523","Pune","490","Maharashtra","27"
4380,"Velhe","4524","Pune","490","Maharashtra","27"
4381,"Alibag","4525","Raigad","491","Maharashtra","27"
4382,"Karjat","4526","Raigad","491","Maharashtra","27"
4383,"Khalapur","4527","Raigad","491","Maharashtra","27"
4384,"Mahad","4528","Raigad","491","Maharashtra","27"
4385,"Mangaon","4529","Raigad","491","Maharashtra","27"
4386,"Mhasala","4530","Raigad","491","Maharashtra","27"
4387,"Murud","4531","Raigad","491","Maharashtra","27"
4388,"Panvel","4532","Raigad","491","Maharashtra","27"
4389,"Pen","4533","Raigad","491","Maharashtra","27"
4390,"Poladpur","4534","Raigad","491","Maharashtra","27"
4391,"Roha","4535","Raigad","491","Maharashtra","27"
4392,"Shrivardhan","4536","Raigad","491","Maharashtra","27"
4393,"Sudhagad","4537","Raigad","491","Maharashtra","27"
4394,"Tala","4538","Raigad","491","Maharashtra","27"
4395,"Uran","4539","Raigad","491","Maharashtra","27"
4396,"Chipalun","4540","Ratnagiri","492","Maharashtra","27"
4397,"Dapoli","4541","Ratnagiri","492","Maharashtra","27"
4398,"Guhagar","4542","Ratnagiri","492","Maharashtra","27"
4399,"Khed","4543","Ratnagiri","492","Maharashtra","27"
4400,"Lanja","4544","Ratnagiri","492","Maharashtra","27"
4401,"Mandangad","4545","Ratnagiri","492","Maharashtra","27"
4402,"Rajapur","4546","Ratnagiri","492","Maharashtra","27"
4403,"Ratnagiri","4547","Ratnagiri","492","Maharashtra","27"
4404,"Sangmeshwar","4548","Ratnagiri","492","Maharashtra","27"
4405,"Atpadi","4549","Sangli","493","Maharashtra","27"
4406,"Jath","4550","Sangli","493","Maharashtra","27"
4407,"Kadegaon","4551","Sangli","493","Maharashtra","27"
4408,"Kavathemahankal","4552","Sangli","493","Maharashtra","27"
4409,"Khanapur-vita","4553","Sangli","493","Maharashtra","27"
4410,"Miraj","4554","Sangli","493","Maharashtra","27"
4411,"Palus","4555","Sangli","493","Maharashtra","27"
4412,"Shirala","4556","Sangli","493","Maharashtra","27"
4413,"Tasgaon","4557","Sangli","493","Maharashtra","27"
4414,"Valva-islampur","4558","Sangli","493","Maharashtra","27"
4415,"Jawali","4559","Satara","494","Maharashtra","27"
4416,"Karad","4560","Satara","494","Maharashtra","27"
4417,"Khandala","4561","Satara","494","Maharashtra","27"
4418,"Khatav","4562","Satara","494","Maharashtra","27"
4419,"Koregaon","4563","Satara","494","Maharashtra","27"
4420,"Mahabaleshwar","4564","Satara","494","Maharashtra","27"
4421,"Man","4565","Satara","494","Maharashtra","27"
4422,"Patan","4566","Satara","494","Maharashtra","27"
4423,"Phaltan","4567","Satara","494","Maharashtra","27"
4424,"Satara","4568","Satara","494","Maharashtra","27"
4425,"Wai","4569","Satara","494","Maharashtra","27"
4426,"Deogad","4570","Sindhudurg","495","Maharashtra","27"
4427,"Dodamarg","4571","Sindhudurg","495","Maharashtra","27"
4428,"Kankavali","4572","Sindhudurg","495","Maharashtra","27"
4429,"Kudal","4573","Sindhudurg","495","Maharashtra","27"
4430,"Malvan","4574","Sindhudurg","495","Maharashtra","27"
4431,"Sawantwadi","4575","Sindhudurg","495","Maharashtra","27"
4432,"Vaibhavawadi","4576","Sindhudurg","495","Maharashtra","27"
4433,"Vengurla","4577","Sindhudurg","495","Maharashtra","27"
4434,"Akkalkot","4578","Solapur","496","Maharashtra","27"
4435,"Barshi","4579","Solapur","496","Maharashtra","27"
4436,"Karmala","4580","Solapur","496","Maharashtra","27"
4437,"Madha","4581","Solapur","496","Maharashtra","27"
4438,"Malshiras","4582","Solapur","496","Maharashtra","27"
4439,"Mangalvedhe","4583","Solapur","496","Maharashtra","27"
4440,"Mohol","4584","Solapur","496","Maharashtra","27"
4441,"Pandharpur","4585","Solapur","496","Maharashtra","27"
4442,"Sangola","4586","Solapur","496","Maharashtra","27"
4443,"Solapur North","4587","Solapur","496","Maharashtra","27"
4444,"South Solapur","4588","Solapur","496","Maharashtra","27"
4445,"Ambernath","4589","Thane","497","Maharashtra","27"
4446,"Bhiwandi","4590","Thane","497","Maharashtra","27"
4447,"Dahanu","4591","Palghar","665","Maharashtra","27"
4448,"Jawhar","4592","Palghar","665","Maharashtra","27"
4449,"Kalyan","4593","Thane","497","Maharashtra","27"
4450,"Mokhada","4594","Palghar","665","Maharashtra","27"
4451,"Murbad","4595","Thane","497","Maharashtra","27"
4452,"Palghar","4596","Palghar","665","Maharashtra","27"
4453,"Shahapur","4597","Thane","497","Maharashtra","27"
4454,"Talasari","4598","Palghar","665","Maharashtra","27"
4455,"Vasai","4601","Palghar","665","Maharashtra","27"
4456,"Vikramgad","4602","Palghar","665","Maharashtra","27"
4457,"Wada","4603","Palghar","665","Maharashtra","27"
4458,"Arvi","4604","Wardha","498","Maharashtra","27"
4459,"Ashti","4605","Wardha","498","Maharashtra","27"
4460,"Deoli","4606","Wardha","498","Maharashtra","27"
4461,"Hinganghat","4607","Wardha","498","Maharashtra","27"
4462,"Karanja","4608","Wardha","498","Maharashtra","27"
4463,"Samudrapur","4609","Wardha","498","Maharashtra","27"
4464,"Seloo","4610","Wardha","498","Maharashtra","27"
4465,"Wardha","4611","Wardha","498","Maharashtra","27"
4466,"Karanja","4612","Washim","499","Maharashtra","27"
4467,"Malegaon","4613","Washim","499","Maharashtra","27"
4468,"Mangrulpir","4614","Washim","499","Maharashtra","27"
4469,"Manora","4615","Washim","499","Maharashtra","27"
4470,"Risod","4616","Washim","499","Maharashtra","27"
4471,"Washim","4617","Washim","499","Maharashtra","27"
4472,"Arni","4618","Yavatmal","500","Maharashtra","27"
4473,"Babhulgaon","4619","Yavatmal","500","Maharashtra","27"
4474,"Darwha","4620","Yavatmal","500","Maharashtra","27"
4475,"Digras","4621","Yavatmal","500","Maharashtra","27"
4476,"Ghatanji","4622","Yavatmal","500","Maharashtra","27"
4477,"Kalamb","4623","Yavatmal","500","Maharashtra","27"
4478,"Kelapur","4624","Yavatmal","500","Maharashtra","27"
4479,"Mahagaon","4625","Yavatmal","500","Maharashtra","27"
4480,"Maregaon","4626","Yavatmal","500","Maharashtra","27"
4481,"Ner","4627","Yavatmal","500","Maharashtra","27"
4482,"Pusad","4628","Yavatmal","500","Maharashtra","27"
4483,"Ralegaon","4629","Yavatmal","500","Maharashtra","27"
4484,"Umarkhed","4630","Yavatmal","500","Maharashtra","27"
4485,"Wani","4631","Yavatmal","500","Maharashtra","27"
4486,"Yavatmal","4632","Yavatmal","500","Maharashtra","27"
4487,"Zari Jamni","4633","Yavatmal","500","Maharashtra","27"
4488,"Adilabad Urban","4634","Adilabad","501","Telangana","36"
4489,"Asifabad","4635","Kumuram Bheem Asifabad","699","Telangana","36"
4490,"Bazarhatnoor","4636","Adilabad","501","Telangana","36"
4491,"Bejjur","4637","Kumuram Bheem Asifabad","699","Telangana","36"
4492,"Bela","4638","Adilabad","501","Telangana","36"
4493,"Bellampally","4639","Mancherial","684","Telangana","36"
4494,"Bhainsa","4640","Nirmal","680","Telangana","36"
4495,"Bheemini","4641","Mancherial","684","Telangana","36"
4496,"Boath","4642","Adilabad","501","Telangana","36"
4497,"Chennur","4643","Mancherial","684","Telangana","36"
4498,"Dahegaon","4644","Kumuram Bheem Asifabad","699","Telangana","36"
4499,"Dandepally","4645","Mancherial","684","Telangana","36"
4500,"Dilawarpur","4646","Nirmal","680","Telangana","36"
4501,"Gudihatnur","4647","Adilabad","501","Telangana","36"
4502,"Ichoda","4648","Adilabad","501","Telangana","36"
4503,"Indervelly","4649","Adilabad","501","Telangana","36"
4504,"Jainath","4650","Adilabad","501","Telangana","36"
4505,"Jainoor","4651","Kumuram Bheem Asifabad","699","Telangana","36"
4506,"Jaipur","4652","Mancherial","684","Telangana","36"
4507,"Jannaram","4653","Mancherial","684","Telangana","36"
4508,"Kaddam (peddur)","4654","Nirmal","680","Telangana","36"
4509,"Kagaznagar","4655","Kumuram Bheem Asifabad","699","Telangana","36"
4510,"Kasipet","4656","Mancherial","684","Telangana","36"
4511,"Kerameri","4657","Kumuram Bheem Asifabad","699","Telangana","36"
4512,"Khanapur","4658","Nirmal","680","Telangana","36"
4513,"Kotapally","4659","Mancherial","684","Telangana","36"
4514,"Kouthala","4660","Kumuram Bheem Asifabad","699","Telangana","36"
4515,"Kubeer","4661","Nirmal","680","Telangana","36"
4516,"Kuntala","4662","Nirmal","680","Telangana","36"
4517,"Laxmanchanda","4663","Nirmal","680","Telangana","36"
4518,"Lokeswaram","4664","Nirmal","680","Telangana","36"
4519,"Luxettipet","4665","Mancherial","684","Telangana","36"
4520,"Mamda","4666","Nirmal","680","Telangana","36"
4521,"Mancherial","4667","Mancherial","684","Telangana","36"
4522,"Mandamarri","4668","Mancherial","684","Telangana","36"
4523,"Mudhole","4669","Nirmal","680","Telangana","36"
4524,"Narnoor","4670","Adilabad","501","Telangana","36"
4525,"Nennel","4671","Mancherial","684","Telangana","36"
4526,"Neradigonda","4672","Adilabad","501","Telangana","36"
4527,"Nirmal","4673","Nirmal","680","Telangana","36"
4528,"Rebbena","4674","Kumuram Bheem Asifabad","699","Telangana","36"
4529,"Sarangapur","4675","Nirmal","680","Telangana","36"
4530,"Sirpur (t)","4676","Kumuram Bheem Asifabad","699","Telangana","36"
4531,"Sirpur (u)","4677","Kumuram Bheem Asifabad","699","Telangana","36"
4532,"Talamadugu","4678","Adilabad","501","Telangana","36"
4533,"Tamsi","4679","Adilabad","501","Telangana","36"
4534,"Tandur","4680","Mancherial","684","Telangana","36"
4535,"Tanur","4681","Nirmal","680","Telangana","36"
4536,"Tiryani","4682","Kumuram Bheem Asifabad","699","Telangana","36"
4537,"Utnoor","4683","Adilabad","501","Telangana","36"
4538,"Vemanpally","4684","Mancherial","684","Telangana","36"
4539,"Wankidi","4685","Kumuram Bheem Asifabad","699","Telangana","36"
4540,"Agali","4686","Sri Sathya Sai","754","Andhra Pradesh","28"
4541,"Amadagur","4687","Sri Sathya Sai","754","Andhra Pradesh","28"
4542,"Amarapuram","4688","Sri Sathya Sai","754","Andhra Pradesh","28"
4543,"Anantapur","4689","Anantapur","502","Andhra Pradesh","28"
4544,"Atmakur","4690","Anantapur","502","Andhra Pradesh","28"
4545,"Bathalapalle","4691","Sri Sathya Sai","754","Andhra Pradesh","28"
4546,"Beluguppa","4692","Anantapur","502","Andhra Pradesh","28"
4547,"Bommanahal","4693","Anantapur","502","Andhra Pradesh","28"
4548,"Brahmasamudram","4694","Anantapur","502","Andhra Pradesh","28"
4549,"Bukkapatnam","4695","Sri Sathya Sai","754","Andhra Pradesh","28"
4550,"Bukkarayasamudram","4696","Anantapur","502","Andhra Pradesh","28"
4551,"Chennekothapalle","4697","Sri Sathya Sai","754","Andhra Pradesh","28"
4552,"Chilamathur","4698","Sri Sathya Sai","754","Andhra Pradesh","28"
4553,"D.hirehal","4699","Anantapur","502","Andhra Pradesh","28"
4554,"Dharmavaram","4700","Sri Sathya Sai","754","Andhra Pradesh","28"
4555,"Gandlapenta","4701","Sri Sathya Sai","754","Andhra Pradesh","28"
4556,"Garladinne","4702","Anantapur","502","Andhra Pradesh","28"
4557,"Gooty","4703","Anantapur","502","Andhra Pradesh","28"
4558,"Gorantla","4704","Sri Sathya Sai","754","Andhra Pradesh","28"
4559,"Gudibanda","4705","Sri Sathya Sai","754","Andhra Pradesh","28"
4560,"Gummagatta","4706","Anantapur","502","Andhra Pradesh","28"
4561,"Guntakal","4707","Anantapur","502","Andhra Pradesh","28"
4562,"Hindupur","4708","Sri Sathya Sai","754","Andhra Pradesh","28"
4563,"Kadiri","4709","Sri Sathya Sai","754","Andhra Pradesh","28"
4564,"Kalyandrug","4710","Anantapur","502","Andhra Pradesh","28"
4565,"Kambadur","4711","Anantapur","502","Andhra Pradesh","28"
4566,"Kanaganapalle","4712","Sri Sathya Sai","754","Andhra Pradesh","28"
4567,"Kanekal","4713","Anantapur","502","Andhra Pradesh","28"
4568,"Kothacheruvu","4714","Sri Sathya Sai","754","Andhra Pradesh","28"
4569,"Kudair","4715","Anantapur","502","Andhra Pradesh","28"
4570,"Kundurpi","4716","Anantapur","502","Andhra Pradesh","28"
4571,"Lepakshi","4717","Sri Sathya Sai","754","Andhra Pradesh","28"
4572,"Madakasira","4718","Sri Sathya Sai","754","Andhra Pradesh","28"
4573,"Mudigubba","4719","Sri Sathya Sai","754","Andhra Pradesh","28"
4574,"Nallacheruvu","4720","Sri Sathya Sai","754","Andhra Pradesh","28"
4575,"Nallamada","4721","Sri Sathya Sai","754","Andhra Pradesh","28"
4576,"Nambulapulikunta","4722","Sri Sathya Sai","754","Andhra Pradesh","28"
4577,"Narpala","4723","Anantapur","502","Andhra Pradesh","28"
4578,"Obuladevarecheruvu","4724","Sri Sathya Sai","754","Andhra Pradesh","28"
4579,"Pamidi","4725","Anantapur","502","Andhra Pradesh","28"
4580,"Parigi","4726","Sri Sathya Sai","754","Andhra Pradesh","28"
4581,"Peddapappur","4727","Anantapur","502","Andhra Pradesh","28"
4582,"Peddavadugur","4728","Anantapur","502","Andhra Pradesh","28"
4583,"Penukonda","4729","Sri Sathya Sai","754","Andhra Pradesh","28"
4584,"Putlur","4730","Anantapur","502","Andhra Pradesh","28"
4585,"Puttaparthi","4731","Sri Sathya Sai","754","Andhra Pradesh","28"
4586,"Ramagiri","4732","Sri Sathya Sai","754","Andhra Pradesh","28"
4587,"Raptadu","4733","Anantapur","502","Andhra Pradesh","28"
4588,"Rayadurg","4734","Anantapur","502","Andhra Pradesh","28"
4589,"Roddam","4735","Sri Sathya Sai","754","Andhra Pradesh","28"
4590,"Rolla","4736","Sri Sathya Sai","754","Andhra Pradesh","28"
4591,"Settur","4737","Anantapur","502","Andhra Pradesh","28"
4592,"Singanamala","4738","Anantapur","502","Andhra Pradesh","28"
4593,"Somandepalle","4739","Sri Sathya Sai","754","Andhra Pradesh","28"
4594,"Tadimarri","4740","Sri Sathya Sai","754","Andhra Pradesh","28"
4595,"Tadipatri","4741","Anantapur","502","Andhra Pradesh","28"
4596,"Talupula","4742","Sri Sathya Sai","754","Andhra Pradesh","28"
4597,"Tanakal","4743","Sri Sathya Sai","754","Andhra Pradesh","28"
4598,"Uravakonda","4744","Anantapur","502","Andhra Pradesh","28"
4599,"Vajrakarur","4745","Anantapur","502","Andhra Pradesh","28"
4600,"Vidapanakal","4746","Anantapur","502","Andhra Pradesh","28"
4601,"Yadiki","4747","Anantapur","502","Andhra Pradesh","28"
4602,"Yellanur","4748","Anantapur","502","Andhra Pradesh","28"
4603,"B.kothakota","4749","Annamayya","753","Andhra Pradesh","28"
4604,"Baireddipalle","4750","Chittoor","503","Andhra Pradesh","28"
4605,"Bangarupalem","4751","Chittoor","503","Andhra Pradesh","28"
4606,"Buchinadidu Khandriga","4752","Tirupati","752","Andhra Pradesh","28"
4607,"Chandragiri","4753","Tirupati","752","Andhra Pradesh","28"
4608,"Chinnagottigallu","4754","Tirupati","752","Andhra Pradesh","28"
4609,"Chittoor","4755","Chittoor","503","Andhra Pradesh","28"
4610,"Chowdepalle","4756","Chittoor","503","Andhra Pradesh","28"
4611,"Gangadhara Nellore","4757","Chittoor","503","Andhra Pradesh","28"
4612,"Gangavaram","4758","Chittoor","503","Andhra Pradesh","28"
4613,"Gudipala","4759","Chittoor","503","Andhra Pradesh","28"
4614,"Gudupalle","4760","Chittoor","503","Andhra Pradesh","28"
4615,"Gurramkonda","4761","Annamayya","753","Andhra Pradesh","28"
4616,"Irala","4762","Chittoor","503","Andhra Pradesh","28"
4617,"K.v.b.puram","4763","Tirupati","752","Andhra Pradesh","28"
4618,"Kalakada","4764","Annamayya","753","Andhra Pradesh","28"
4619,"Kalikiri","4765","Annamayya","753","Andhra Pradesh","28"
4620,"Kambhamvaripalle","4766","Annamayya","753","Andhra Pradesh","28"
4621,"Karvetinagar","4767","Chittoor","503","Andhra Pradesh","28"
4622,"Kuppam","4768","Chittoor","503","Andhra Pradesh","28"
4623,"Kurabalakota","4769","Annamayya","753","Andhra Pradesh","28"
4624,"Madanapalle","4770","Annamayya","753","Andhra Pradesh","28"
4625,"Mulakalacheruvu","4771","Annamayya","753","Andhra Pradesh","28"
4626,"Nagalapuram","4772","Tirupati","752","Andhra Pradesh","28"
4627,"Nagari","4773","Chittoor","503","Andhra Pradesh","28"
4628,"Narayanavanam","4774","Tirupati","752","Andhra Pradesh","28"
4629,"Nimmanapalle","4775","Annamayya","753","Andhra Pradesh","28"
4630,"Nindra","4776","Chittoor","503","Andhra Pradesh","28"
4631,"Pakala","4777","Tirupati","752","Andhra Pradesh","28"
4632,"Palamaner","4778","Chittoor","503","Andhra Pradesh","28"
4633,"Palasamudram","4779","Chittoor","503","Andhra Pradesh","28"
4634,"Peddamandyam","4780","Annamayya","753","Andhra Pradesh","28"
4635,"Peddapanjani","4781","Chittoor","503","Andhra Pradesh","28"
4636,"Peddathippasamudram","4782","Annamayya","753","Andhra Pradesh","28"
4637,"Penumuru","4783","Chittoor","503","Andhra Pradesh","28"
4638,"Piler","4784","Annamayya","753","Andhra Pradesh","28"
4639,"Pitchatur","4785","Tirupati","752","Andhra Pradesh","28"
4640,"Pulicherla H/o Reddivaripalle","4786","Chittoor","503","Andhra Pradesh","28"
4641,"Punganur","4787","Chittoor","503","Andhra Pradesh","28"
4642,"Puthalapattu","4788","Chittoor","503","Andhra Pradesh","28"
4643,"Puttur","4789","Tirupati","752","Andhra Pradesh","28"
4644,"Ramachandrapuram","4790","Tirupati","752","Andhra Pradesh","28"
4645,"Ramakuppam","4791","Chittoor","503","Andhra Pradesh","28"
4646,"Ramasamudram","4792","Annamayya","753","Andhra Pradesh","28"
4647,"Renigunta","4793","Tirupati","752","Andhra Pradesh","28"
4648,"Rompicherla","4794","Chittoor","503","Andhra Pradesh","28"
4649,"Santhipuram Ho Arimuthanapalle","4795","Chittoor","503","Andhra Pradesh","28"
4650,"Satyavedu","4796","Tirupati","752","Andhra Pradesh","28"
4651,"Sodam","4797","Chittoor","503","Andhra Pradesh","28"
4652,"Somala","4798","Chittoor","503","Andhra Pradesh","28"
4653,"Srikalahasti","4799","Tirupati","752","Andhra Pradesh","28"
4654,"Srirangarajapuram","4800","Chittoor","503","Andhra Pradesh","28"
4655,"Thamballapalle","4801","Annamayya","753","Andhra Pradesh","28"
4656,"Thavanampalle","4802","Chittoor","503","Andhra Pradesh","28"
4657,"Thottambedu","4803","Tirupati","752","Andhra Pradesh","28"
4658,"Tirupati (rural)","4804","Tirupati","752","Andhra Pradesh","28"
4659,"Vadamalapeta","4806","Tirupati","752","Andhra Pradesh","28"
4660,"Valmikipuram","4807","Annamayya","753","Andhra Pradesh","28"
4661,"Varadaiahpalem","4808","Tirupati","752","Andhra Pradesh","28"
4662,"Vedurukuppam","4809","Chittoor","503","Andhra Pradesh","28"
4663,"Venkatagirikota","4810","Chittoor","503","Andhra Pradesh","28"
4664,"Vijayapuram","4811","Chittoor","503","Andhra Pradesh","28"
4665,"Yadamari","4812","Chittoor","503","Andhra Pradesh","28"
4666,"Yerpedu","4813","Tirupati","752","Andhra Pradesh","28"
4667,"Yerravaripalem","4814","Tirupati","752","Andhra Pradesh","28"
4668,"Atlur","4815","Y.s.r.","504","Andhra Pradesh","28"
4669,"B.kodur","4816","Y.s.r.","504","Andhra Pradesh","28"
4670,"Badvel","4817","Y.s.r.","504","Andhra Pradesh","28"
4671,"Brahmamgarimatham.","4818","Y.s.r.","504","Andhra Pradesh","28"
4672,"Chakrayapet","4819","Y.s.r.","504","Andhra Pradesh","28"
4673,"Chapadu","4820","Y.s.r.","504","Andhra Pradesh","28"
4674,"Chennur","4821","Y.s.r.","504","Andhra Pradesh","28"
4675,"Chinnamandem","4822","Annamayya","753","Andhra Pradesh","28"
4676,"Chintakomma Dinne","4823","Y.s.r.","504","Andhra Pradesh","28"
4677,"Chitvel","4824","Annamayya","753","Andhra Pradesh","28"
4678,"Duvvur","4825","Y.s.r.","504","Andhra Pradesh","28"
4679,"Galiveedu","4826","Annamayya","753","Andhra Pradesh","28"
4680,"Gopavaram","4827","Y.s.r.","504","Andhra Pradesh","28"
4681,"Jammalamadugu","4828","Y.s.r.","504","Andhra Pradesh","28"
4682,"Kalasapadu","4829","Y.s.r.","504","Andhra Pradesh","28"
4683,"Kamalapuram","4830","Y.s.r.","504","Andhra Pradesh","28"
4684,"Khajipet","4831","Y.s.r.","504","Andhra Pradesh","28"
4685,"Kodur","4832","Annamayya","753","Andhra Pradesh","28"
4686,"Kondapuram","4833","Y.s.r.","504","Andhra Pradesh","28"
4687,"Lakkireddipalle","4834","Annamayya","753","Andhra Pradesh","28"
4688,"Lingala","4835","Y.s.r.","504","Andhra Pradesh","28"
4689,"Muddanur","4836","Y.s.r.","504","Andhra Pradesh","28"
4690,"Mydukur","4837","Y.s.r.","504","Andhra Pradesh","28"
4691,"Mylavaram","4838","Y.s.r.","504","Andhra Pradesh","28"
4692,"Nandalur","4839","Annamayya","753","Andhra Pradesh","28"
4693,"Obulavaripalle","4840","Annamayya","753","Andhra Pradesh","28"
4694,"Peddamudium","4841","Y.s.r.","504","Andhra Pradesh","28"
4695,"Penagalur","4842","Annamayya","753","Andhra Pradesh","28"
4696,"Pendlimarri","4843","Y.s.r.","504","Andhra Pradesh","28"
4697,"Porumamilla","4844","Y.s.r.","504","Andhra Pradesh","28"
4698,"Proddatur","4845","Y.s.r.","504","Andhra Pradesh","28"
4699,"Pulivendla","4846","Y.s.r.","504","Andhra Pradesh","28"
4700,"Pullampeta","4847","Annamayya","753","Andhra Pradesh","28"
4701,"Rajampet","4848","Annamayya","753","Andhra Pradesh","28"
4702,"Rajupalem","4849","Y.s.r.","504","Andhra Pradesh","28"
4703,"Ramapuram","4850","Annamayya","753","Andhra Pradesh","28"
4704,"Rayachoty","4851","Annamayya","753","Andhra Pradesh","28"
4705,"Sambepalle","4852","Annamayya","753","Andhra Pradesh","28"
4706,"Sidhout","4853","Y.s.r.","504","Andhra Pradesh","28"
4707,"Simhadripuram","4854","Y.s.r.","504","Andhra Pradesh","28"
4708,"Sri Avadutha Kasinayana","4855","Y.s.r.","504","Andhra Pradesh","28"
4709,"T.sundupalle","4856","Annamayya","753","Andhra Pradesh","28"
4710,"Thondur","4857","Y.s.r.","504","Andhra Pradesh","28"
4711,"Vallur","4858","Y.s.r.","504","Andhra Pradesh","28"
4712,"Veeraballi","4859","Annamayya","753","Andhra Pradesh","28"
4713,"Veerapanayani Palle","4860","Y.s.r.","504","Andhra Pradesh","28"
4714,"Vempalle","4861","Y.s.r.","504","Andhra Pradesh","28"
4715,"Vemula","4862","Y.s.r.","504","Andhra Pradesh","28"
4716,"Vontimitta","4863","Y.s.r.","504","Andhra Pradesh","28"
4717,"Yerraguntla","4864","Y.s.r.","504","Andhra Pradesh","28"
4718,"Addateegala","4865","Alluri Sitharama Raju","745","Andhra Pradesh","28"
4719,"Ainavilli","4866","Konaseema","747","Andhra Pradesh","28"
4720,"Alamuru","4867","Konaseema","747","Andhra Pradesh","28"
4721,"Allavaram","4868","Konaseema","747","Andhra Pradesh","28"
4722,"Amalapuram","4869","Konaseema","747","Andhra Pradesh","28"
4723,"Ambajipeta","4870","Konaseema","747","Andhra Pradesh","28"
4724,"Anaparthy","4871","East Godavari","505","Andhra Pradesh","28"
4725,"Atreyapuram","4872","Konaseema","747","Andhra Pradesh","28"
4726,"Biccavolu","4873","East Godavari","505","Andhra Pradesh","28"
4727,"Devipatnam","4874","Alluri Sitharama Raju","745","Andhra Pradesh","28"
4728,"Gandepalle","4875","Kakinada","746","Andhra Pradesh","28"
4729,"Gangavaram","4876","Alluri Sitharama Raju","745","Andhra Pradesh","28"
4730,"Gokavaram","4877","East Godavari","505","Andhra Pradesh","28"
4731,"Gollaprolu","4878","Kakinada","746","Andhra Pradesh","28"
4732,"I. Polavaram","4879","Konaseema","747","Andhra Pradesh","28"
4733,"Jaggampeta","4880","Kakinada","746","Andhra Pradesh","28"
4734,"Kadiam","4881","East Godavari","505","Andhra Pradesh","28"
4735,"Kajuluru","4882","Kakinada","746","Andhra Pradesh","28"
4736,"Kakinada Rural","4883","Kakinada","746","Andhra Pradesh","28"
4737,"Kapileswarapuram","4884","Konaseema","747","Andhra Pradesh","28"
4738,"Karapa","4885","Kakinada","746","Andhra Pradesh","28"
4739,"Katrenikona","4886","Konaseema","747","Andhra Pradesh","28"
4740,"Kirlampudi","4887","Kakinada","746","Andhra Pradesh","28"
4741,"Korukonda","4888","East Godavari","505","Andhra Pradesh","28"
4742,"Kotananduru","4889","Kakinada","746","Andhra Pradesh","28"
4743,"U.kothapalle","4890","Kakinada","746","Andhra Pradesh","28"
4744,"Kothapeta","4891","Konaseema","747","Andhra Pradesh","28"
4745,"Malikipuram","4892","Konaseema","747","Andhra Pradesh","28"
4746,"Mamidikuduru","4893","Konaseema","747","Andhra Pradesh","28"
4747,"Mandapeta","4894","Konaseema","747","Andhra Pradesh","28"
4748,"Maredumilli","4895","Alluri Sitharama Raju","745","Andhra Pradesh","28"
4749,"Mummidivaram","4896","Konaseema","747","Andhra Pradesh","28"
4750,"P.gannavaram","4897","Konaseema","747","Andhra Pradesh","28"
4751,"Pamarru","4898","Konaseema","747","Andhra Pradesh","28"
4752,"Pedapudi","4899","Kakinada","746","Andhra Pradesh","28"
4753,"Peddapuram","4900","Kakinada","746","Andhra Pradesh","28"
4754,"Pithapuram","4901","Kakinada","746","Andhra Pradesh","28"
4755,"Prathipadu","4902","Kakinada","746","Andhra Pradesh","28"
4756,"Rajahmundry Rural","4903","East Godavari","505","Andhra Pradesh","28"
4757,"Rajanagaram","4904","East Godavari","505","Andhra Pradesh","28"
4758,"Rajavommangi","4905","Alluri Sitharama Raju","745","Andhra Pradesh","28"
4759,"Ramachandrapuram","4906","Konaseema","747","Andhra Pradesh","28"
4760,"Rampachodavaram","4907","Alluri Sitharama Raju","745","Andhra Pradesh","28"
4761,"Rangampeta","4908","East Godavari","505","Andhra Pradesh","28"
4762,"Ravulapalem","4909","Konaseema","747","Andhra Pradesh","28"
4763,"Rayavaram","4910","Konaseema","747","Andhra Pradesh","28"
4764,"Razole","4911","Konaseema","747","Andhra Pradesh","28"
4765,"Sakhinetipalle","4912","Konaseema","747","Andhra Pradesh","28"
4766,"Samalkota","4913","Kakinada","746","Andhra Pradesh","28"
4767,"Sankhavaram","4914","Kakinada","746","Andhra Pradesh","28"
4768,"Seethanagaram","4915","East Godavari","505","Andhra Pradesh","28"
4769,"Thallarevu","4916","Kakinada","746","Andhra Pradesh","28"
4770,"Thondangi","4917","Kakinada","746","Andhra Pradesh","28"
4771,"Tuni","4918","Kakinada","746","Andhra Pradesh","28"
4772,"Uppalaguptam","4919","Konaseema","747","Andhra Pradesh","28"
4773,"Y. Ramavaram","4920","Alluri Sitharama Raju","745","Andhra Pradesh","28"
4774,"Yeleswaram","4921","Kakinada","746","Andhra Pradesh","28"
4775,"Amaravathi","4923","Palnadu","751","Andhra Pradesh","28"
4776,"Amruthalur","4924","Bapatla","750","Andhra Pradesh","28"
4777,"Atchempet","4925","Palnadu","751","Andhra Pradesh","28"
4778,"Bapatla","4926","Bapatla","750","Andhra Pradesh","28"
4779,"Bellamkonda","4927","Palnadu","751","Andhra Pradesh","28"
4780,"Bhattiprolu","4928","Bapatla","750","Andhra Pradesh","28"
4781,"Bollapalle","4929","Palnadu","751","Andhra Pradesh","28"
4782,"Chebrole","4930","Guntur","506","Andhra Pradesh","28"
4783,"Cherukupalle","4931","Bapatla","750","Andhra Pradesh","28"
4784,"Chilakaluripet","4932","Palnadu","751","Andhra Pradesh","28"
4785,"Dachepalle","4933","Palnadu","751","Andhra Pradesh","28"
4786,"Duggirala","4934","Guntur","506","Andhra Pradesh","28"
4787,"Durgi","4935","Palnadu","751","Andhra Pradesh","28"
4788,"Edlapadu","4936","Palnadu","751","Andhra Pradesh","28"
4789,"Guntur","4937","Guntur","506","Andhra Pradesh","28"
4790,"Gurazala","4938","Palnadu","751","Andhra Pradesh","28"
4791,"Ipur","4939","Palnadu","751","Andhra Pradesh","28"
4792,"Kakumanu","4940","Guntur","506","Andhra Pradesh","28"
4793,"Karempudi","4941","Palnadu","751","Andhra Pradesh","28"
4794,"Karlapalem","4942","Bapatla","750","Andhra Pradesh","28"
4795,"Kollipara","4943","Guntur","506","Andhra Pradesh","28"
4796,"Kollur","4944","Bapatla","750","Andhra Pradesh","28"
4797,"Krosuru","4945","Palnadu","751","Andhra Pradesh","28"
4798,"Machavaram","4946","Palnadu","751","Andhra Pradesh","28"
4799,"Macherla","4947","Palnadu","751","Andhra Pradesh","28"
4800,"Mangalagiri","4948","Guntur","506","Andhra Pradesh","28"
4801,"Medikonduru","4949","Guntur","506","Andhra Pradesh","28"
4802,"Muppalla","4950","Palnadu","751","Andhra Pradesh","28"
4803,"Nadendla","4951","Palnadu","751","Andhra Pradesh","28"
4804,"Nagaram","4952","Bapatla","750","Andhra Pradesh","28"
4805,"Narasaraopeta","4953","Palnadu","751","Andhra Pradesh","28"
4806,"Nekarikallu","4954","Palnadu","751","Andhra Pradesh","28"
4807,"Nizampatnam","4955","Bapatla","750","Andhra Pradesh","28"
4808,"Nuzendla","4956","Palnadu","751","Andhra Pradesh","28"
4809,"Pedakakani","4957","Guntur","506","Andhra Pradesh","28"
4810,"Pedakurapadu","4958","Palnadu","751","Andhra Pradesh","28"
4811,"Pedanandipadu","4959","Guntur","506","Andhra Pradesh","28"
4812,"Phirangipuram","4960","Guntur","506","Andhra Pradesh","28"
4813,"Piduguralla","4961","Palnadu","751","Andhra Pradesh","28"
4814,"Pittalavanipalem","4962","Bapatla","750","Andhra Pradesh","28"
4815,"Ponnur","4963","Guntur","506","Andhra Pradesh","28"
4816,"Prathipadu","4964","Guntur","506","Andhra Pradesh","28"
4817,"Rajupalem","4965","Palnadu","751","Andhra Pradesh","28"
4818,"Rentachintala","4966","Palnadu","751","Andhra Pradesh","28"
4819,"Repalle","4967","Bapatla","750","Andhra Pradesh","28"
4820,"Rompicherla","4968","Palnadu","751","Andhra Pradesh","28"
4821,"Sattenapalle","4969","Palnadu","751","Andhra Pradesh","28"
4822,"Savalyapuram","4970","Palnadu","751","Andhra Pradesh","28"
4823,"Tadepalle","4971","Guntur","506","Andhra Pradesh","28"
4824,"Tadikonda","4972","Guntur","506","Andhra Pradesh","28"
4825,"Tenali","4973","Guntur","506","Andhra Pradesh","28"
4826,"Thullur","4974","Guntur","506","Andhra Pradesh","28"
4827,"Tsundur","4975","Bapatla","750","Andhra Pradesh","28"
4828,"Vatticherukuru","4976","Guntur","506","Andhra Pradesh","28"
4829,"Veldurthy","4977","Palnadu","751","Andhra Pradesh","28"
4830,"Vemuru","4978","Bapatla","750","Andhra Pradesh","28"
4831,"Vinukonda","4979","Palnadu","751","Andhra Pradesh","28"
4832,"Amberpet","4980","Hyderabad","507","Telangana","36"
4833,"Ameerpet","4981","Hyderabad","507","Telangana","36"
4834,"Asifnagar","4982","Hyderabad","507","Telangana","36"
4835,"Bahadurpura","4983","Hyderabad","507","Telangana","36"
4836,"Bandlaguda","4984","Hyderabad","507","Telangana","36"
4837,"Charminar","4985","Hyderabad","507","Telangana","36"
4838,"Golconda","4986","Hyderabad","507","Telangana","36"
4839,"Himayathnagar","4987","Hyderabad","507","Telangana","36"
4840,"Khairthabad","4988","Hyderabad","507","Telangana","36"
4841,"Marredpally","4989","Hyderabad","507","Telangana","36"
4842,"Musheerabad","4990","Hyderabad","507","Telangana","36"
4843,"Nampally","4991","Hyderabad","507","Telangana","36"
4844,"Saidabad","4992","Hyderabad","507","Telangana","36"
4845,"Secunderabad","4993","Hyderabad","507","Telangana","36"
4846,"Shaikpet","4994","Hyderabad","507","Telangana","36"
4847,"Tirumalagiry","4995","Hyderabad","507","Telangana","36"
4848,"Bejjanki","4996","Siddipet","692","Telangana","36"
4849,"Bheemadevarapalli","4997","Hanumakonda","686","Telangana","36"
4850,"Boinpalli","4998","Rajanna Sircilla","683","Telangana","36"
4851,"Chandurthi","4999","Rajanna Sircilla","683","Telangana","36"
4852,"Chigurumamidi","5000","Karimnagar","508","Telangana","36"
4853,"Choppadandi","5001","Karimnagar","508","Telangana","36"
4854,"Dharmapuri","5002","Jagitial","681","Telangana","36"
4855,"Dharmaram","5003","Peddapalli","682","Telangana","36"
4856,"Eligaid","5004","Peddapalli","682","Telangana","36"
4857,"Elkathurthi","5005","Hanumakonda","686","Telangana","36"
4858,"Ellanthakunta","5006","Rajanna Sircilla","683","Telangana","36"
4859,"Gambhiraopet","5007","Rajanna Sircilla","683","Telangana","36"
4860,"Gangadhara","5008","Karimnagar","508","Telangana","36"
4861,"Gollapalli","5009","Jagitial","681","Telangana","36"
4862,"Husnabad","5010","Siddipet","692","Telangana","36"
4863,"Huzurabad","5011","Karimnagar","508","Telangana","36"
4864,"Ibrahimpatnam","5012","Jagitial","681","Telangana","36"
4865,"Jagtial","5013","Jagitial","681","Telangana","36"
4866,"Jammikunta","5014","Karimnagar","508","Telangana","36"
4867,"Julapalli","5015","Peddapalli","682","Telangana","36"
4868,"Kamalapur","5016","Hanumakonda","686","Telangana","36"
4869,"Kamanpur","5017","Peddapalli","682","Telangana","36"
4870,"Karimnagar Rural","5018","Karimnagar","508","Telangana","36"
4871,"Kataram","5019","Jayashankar Bhupalapally","687","Telangana","36"
4872,"Kathalapur","5020","Jagitial","681","Telangana","36"
4873,"Kodimial","5021","Jagitial","681","Telangana","36"
4874,"Koheda","5022","Siddipet","692","Telangana","36"
4875,"Konaraopet","5023","Rajanna Sircilla","683","Telangana","36"
4876,"Korutla","5024","Jagitial","681","Telangana","36"
4877,"Mahadevpur","5025","Jayashankar Bhupalapally","687","Telangana","36"
4878,"Malhar Rao","5026","Jayashankar Bhupalapally","687","Telangana","36"
4879,"Mallapur","5027","Jagitial","681","Telangana","36"
4880,"Mallial","5028","Jagitial","681","Telangana","36"
4881,"Manakondur","5029","Karimnagar","508","Telangana","36"
4882,"Manthani","5030","Peddapalli","682","Telangana","36"
4883,"Medipalli","5031","Jagitial","681","Telangana","36"
4884,"Metpalli","5032","Jagitial","681","Telangana","36"
4885,"Mustabad","5033","Rajanna Sircilla","683","Telangana","36"
4886,"Mutharam (mahadevpur)","5034","Jayashankar Bhupalapally","687","Telangana","36"
4887,"Mutharam (manthani)","5035","Peddapalli","682","Telangana","36"
4888,"Odela","5036","Peddapalli","682","Telangana","36"
4889,"Peddapalli","5037","Peddapalli","682","Telangana","36"
4890,"Pegadapalli","5038","Jagitial","681","Telangana","36"
4891,"Raikal","5039","Jagitial","681","Telangana","36"
4892,"Ramadugu","5040","Karimnagar","508","Telangana","36"
4893,"Ramagundam","5041","Peddapalli","682","Telangana","36"
4894,"V. Saidapur","5042","Karimnagar","508","Telangana","36"
4895,"Sarangapur","5043","Jagitial","681","Telangana","36"
4896,"Shankarapatnam","5044","Karimnagar","508","Telangana","36"
4897,"Sircilla","5045","Rajanna Sircilla","683","Telangana","36"
4898,"Srirampur","5046","Peddapalli","682","Telangana","36"
4899,"Sulthanabad","5047","Peddapalli","682","Telangana","36"
4900,"Thimmapur (l.m.d.)","5048","Karimnagar","508","Telangana","36"
4901,"Veenavanka","5049","Karimnagar","508","Telangana","36"
4902,"Velgatoor","5050","Jagitial","681","Telangana","36"
4903,"Vemulawada","5051","Rajanna Sircilla","683","Telangana","36"
4904,"Yellareddipet","5052","Rajanna Sircilla","683","Telangana","36"
4905,"Aswapuram","5053","Bhadradri Kothagudem","690","Telangana","36"
4906,"Aswaraopeta","5054","Bhadradri Kothagudem","690","Telangana","36"
4907,"Bayyaram","5055","Mahabubabad","688","Telangana","36"
4908,"Bhadrachalam","5056","Bhadradri Kothagudem","690","Telangana","36"
4909,"Bonakal","5057","Khammam","509","Telangana","36"
4910,"Burgampahad","5058","Bhadradri Kothagudem","690","Telangana","36"
4911,"Chandrugonda","5059","Bhadradri Kothagudem","690","Telangana","36"
4912,"Cherla","5060","Bhadradri Kothagudem","690","Telangana","36"
4913,"Chinthakani","5061","Khammam","509","Telangana","36"
4914,"Chintoor","5062","Alluri Sitharama Raju","745","Andhra Pradesh","28"
4915,"Dammapeta","5063","Bhadradri Kothagudem","690","Telangana","36"
4916,"Dummugudem","5064","Bhadradri Kothagudem","690","Telangana","36"
4917,"Enkoor","5065","Khammam","509","Telangana","36"
4918,"Garla","5066","Mahabubabad","688","Telangana","36"
4919,"Gundala","5067","Bhadradri Kothagudem","690","Telangana","36"
4920,"Julurupadu","5068","Bhadradri Kothagudem","690","Telangana","36"
4921,"Kallur","5069","Khammam","509","Telangana","36"
4922,"Kamepally","5070","Khammam","509","Telangana","36"
4923,"Khammam (rural)","5071","Khammam","509","Telangana","36"
4924,"Khammam (urban)","5072","Khammam","509","Telangana","36"
4925,"Konijerla","5073","Khammam","509","Telangana","36"
4926,"Kothagudem","5074","Bhadradri Kothagudem","690","Telangana","36"
4927,"Kukkunur","5075","Eluru","748","Andhra Pradesh","28"
4928,"Kunavaram","5076","Alluri Sitharama Raju","745","Andhra Pradesh","28"
4929,"Kusumanchi","5077","Khammam","509","Telangana","36"
4930,"Madhira","5078","Khammam","509","Telangana","36"
4931,"Manugur","5079","Bhadradri Kothagudem","690","Telangana","36"
4932,"Mudigonda","5080","Khammam","509","Telangana","36"
4933,"Mulakalapally","5081","Bhadradri Kothagudem","690","Telangana","36"
4934,"Nelakondapally","5082","Khammam","509","Telangana","36"
4935,"Palwancha","5083","Bhadradri Kothagudem","690","Telangana","36"
4936,"Penubally","5084","Khammam","509","Telangana","36"
4937,"Pinapaka","5085","Bhadradri Kothagudem","690","Telangana","36"
4938,"Sathupally","5086","Khammam","509","Telangana","36"
4939,"Singareni","5087","Khammam","509","Telangana","36"
4940,"Tekulapally","5088","Bhadradri Kothagudem","690","Telangana","36"
4941,"Thallada","5089","Khammam","509","Telangana","36"
4942,"Thirumalayapalem","5090","Khammam","509","Telangana","36"
4943,"Vararamachandrapuram","5091","Alluri Sitharama Raju","745","Andhra Pradesh","28"
4944,"Velairpad","5092","Eluru","748","Andhra Pradesh","28"
4945,"Vemsoor","5093","Khammam","509","Telangana","36"
4946,"Venkatapuram","5094","Mulugu","720","Telangana","36"
4947,"Wazeed","5095","Mulugu","720","Telangana","36"
4948,"Wyra","5096","Khammam","509","Telangana","36"
4949,"Yellandu","5097","Bhadradri Kothagudem","690","Telangana","36"
4950,"Yerrupalem","5098","Khammam","509","Telangana","36"
4951,"A.konduru","5099","Ntr","749","Andhra Pradesh","28"
4952,"Agiripalli","5100","Eluru","748","Andhra Pradesh","28"
4953,"Avanigadda","5101","Krishna","510","Andhra Pradesh","28"
4954,"Bantumilli","5102","Krishna","510","Andhra Pradesh","28"
4955,"Bapulapadu","5103","Krishna","510","Andhra Pradesh","28"
4956,"Challapalli","5104","Krishna","510","Andhra Pradesh","28"
4957,"Chandarlapadu","5105","Ntr","749","Andhra Pradesh","28"
4958,"Chatrai","5106","Eluru","748","Andhra Pradesh","28"
4959,"G.konduru","5107","Ntr","749","Andhra Pradesh","28"
4960,"Gampalagudem","5108","Ntr","749","Andhra Pradesh","28"
4961,"Gannavaram","5109","Krishna","510","Andhra Pradesh","28"
4962,"Ghantasala","5110","Krishna","510","Andhra Pradesh","28"
4963,"Gudivada","5111","Krishna","510","Andhra Pradesh","28"
4964,"Gudlavalleru","5112","Krishna","510","Andhra Pradesh","28"
4965,"Guduru","5113","Krishna","510","Andhra Pradesh","28"
4966,"Ibrahimpatnam","5114","Ntr","749","Andhra Pradesh","28"
4967,"Jaggayyapeta","5115","Ntr","749","Andhra Pradesh","28"
4968,"Kaikalur","5116","Eluru","748","Andhra Pradesh","28"
4969,"Kalidindi","5117","Eluru","748","Andhra Pradesh","28"
4970,"Kanchikacherla","5118","Ntr","749","Andhra Pradesh","28"
4971,"Kankipadu","5119","Krishna","510","Andhra Pradesh","28"
4972,"Koduru","5120","Krishna","510","Andhra Pradesh","28"
4973,"Kruttivennu","5121","Krishna","510","Andhra Pradesh","28"
4974,"Machilipatnam","5122","Krishna","510","Andhra Pradesh","28"
4975,"Mandavalli","5123","Eluru","748","Andhra Pradesh","28"
4976,"Mopidevi","5124","Krishna","510","Andhra Pradesh","28"
4977,"Movva","5125","Krishna","510","Andhra Pradesh","28"
4978,"Mudinepalle","5126","Eluru","748","Andhra Pradesh","28"
4979,"Musunuru","5127","Eluru","748","Andhra Pradesh","28"
4980,"Mylavaram","5128","Ntr","749","Andhra Pradesh","28"
4981,"Nagayalanka","5129","Krishna","510","Andhra Pradesh","28"
4982,"Nandigama","5130","Ntr","749","Andhra Pradesh","28"
4983,"Nandivada","5131","Krishna","510","Andhra Pradesh","28"
4984,"Nuzvid","5132","Eluru","748","Andhra Pradesh","28"
4985,"Pamarru","5133","Krishna","510","Andhra Pradesh","28"
4986,"Pamidimukkala","5134","Krishna","510","Andhra Pradesh","28"
4987,"Pedana","5135","Krishna","510","Andhra Pradesh","28"
4988,"Pedaparupudi","5136","Krishna","510","Andhra Pradesh","28"
4989,"Penamaluru","5137","Krishna","510","Andhra Pradesh","28"
4990,"Penuganchiprolu","5138","Ntr","749","Andhra Pradesh","28"
4991,"Reddigudem","5139","Ntr","749","Andhra Pradesh","28"
4992,"Thotlavalluru","5140","Krishna","510","Andhra Pradesh","28"
4993,"Tiruvuru","5141","Ntr","749","Andhra Pradesh","28"
4994,"Unguturu","5142","Krishna","510","Andhra Pradesh","28"
4995,"Vatsavai","5143","Ntr","749","Andhra Pradesh","28"
4996,"Veerullapadu","5144","Ntr","749","Andhra Pradesh","28"
4997,"Vijayawada Rural","5145","Ntr","749","Andhra Pradesh","28"
4998,"Vijayawada Urban","5146","Ntr","749","Andhra Pradesh","28"
4999,"Vissannapet","5147","Ntr","749","Andhra Pradesh","28"
5000,"Vuyyuru","5148","Krishna","510","Andhra Pradesh","28"
5001,"Adoni","5149","Kurnool","511","Andhra Pradesh","28"
5002,"Allagadda","5150","Nandyal","755","Andhra Pradesh","28"
5003,"Alur","5151","Kurnool","511","Andhra Pradesh","28"
5004,"Aspari","5152","Kurnool","511","Andhra Pradesh","28"
5005,"Atmakur","5153","Nandyal","755","Andhra Pradesh","28"
5006,"Banaganapalle","5154","Nandyal","755","Andhra Pradesh","28"
5007,"Bandi Atmakur","5155","Nandyal","755","Andhra Pradesh","28"
5008,"Bethamcherla","5156","Nandyal","755","Andhra Pradesh","28"
5009,"C.belagal","5157","Kurnool","511","Andhra Pradesh","28"
5010,"Chagalamarri","5158","Nandyal","755","Andhra Pradesh","28"
5011,"Chippagiri","5159","Kurnool","511","Andhra Pradesh","28"
5012,"Devanakonda","5160","Kurnool","511","Andhra Pradesh","28"
5013,"Dhone Alias Dronachalam","5161","Nandyal","755","Andhra Pradesh","28"
5014,"Dornipadu","5162","Nandyal","755","Andhra Pradesh","28"
5015,"Gadivemula","5163","Nandyal","755","Andhra Pradesh","28"
5016,"Gonegandla","5164","Kurnool","511","Andhra Pradesh","28"
5017,"Gospadu","5165","Nandyal","755","Andhra Pradesh","28"
5018,"Gudur","5166","Kurnool","511","Andhra Pradesh","28"
5019,"Halaharvi","5167","Kurnool","511","Andhra Pradesh","28"
5020,"Holagunda","5168","Kurnool","511","Andhra Pradesh","28"
5021,"Jupadu Bungalow","5169","Nandyal","755","Andhra Pradesh","28"
5022,"Kallur","5170","Kurnool","511","Andhra Pradesh","28"
5023,"Kodumur","5171","Kurnool","511","Andhra Pradesh","28"
5024,"Koilakuntla","5172","Nandyal","755","Andhra Pradesh","28"
5025,"Kolimigundla","5173","Nandyal","755","Andhra Pradesh","28"
5026,"Kosigi","5174","Kurnool","511","Andhra Pradesh","28"
5027,"Kothapalle","5175","Nandyal","755","Andhra Pradesh","28"
5028,"Kowthalam","5176","Kurnool","511","Andhra Pradesh","28"
5029,"Krishnagiri","5177","Kurnool","511","Andhra Pradesh","28"
5030,"Kurnool","5178","Kurnool","511","Andhra Pradesh","28"
5031,"Maddikera (east)","5179","Kurnool","511","Andhra Pradesh","28"
5032,"Mahanandi","5180","Nandyal","755","Andhra Pradesh","28"
5033,"Mantralayam","5181","Kurnool","511","Andhra Pradesh","28"
5034,"Midthur","5182","Nandyal","755","Andhra Pradesh","28"
5035,"Nandavaram","5183","Kurnool","511","Andhra Pradesh","28"
5036,"Nandikotkur","5184","Nandyal","755","Andhra Pradesh","28"
5037,"Nandyal","5185","Nandyal","755","Andhra Pradesh","28"
5038,"Orvakal","5186","Kurnool","511","Andhra Pradesh","28"
5039,"Owk","5187","Nandyal","755","Andhra Pradesh","28"
5040,"Pagidyala","5188","Nandyal","755","Andhra Pradesh","28"
5041,"Pamulapadu","5189","Nandyal","755","Andhra Pradesh","28"
5042,"Panyam","5190","Nandyal","755","Andhra Pradesh","28"
5043,"Pattikonda","5191","Kurnool","511","Andhra Pradesh","28"
5044,"Peapully","5192","Nandyal","755","Andhra Pradesh","28"
5045,"Peddakadabur","5193","Kurnool","511","Andhra Pradesh","28"
5046,"Rudravaram","5194","Nandyal","755","Andhra Pradesh","28"
5047,"Sanjamala","5195","Nandyal","755","Andhra Pradesh","28"
5048,"Sirivel","5196","Nandyal","755","Andhra Pradesh","28"
5049,"Srisailam","5197","Nandyal","755","Andhra Pradesh","28"
5050,"Tuggali","5198","Kurnool","511","Andhra Pradesh","28"
5051,"Uyyalawada","5199","Nandyal","755","Andhra Pradesh","28"
5052,"Veldurthi","5200","Kurnool","511","Andhra Pradesh","28"
5053,"Velugodu","5201","Nandyal","755","Andhra Pradesh","28"
5054,"Yemmiganur","5202","Kurnool","511","Andhra Pradesh","28"
5055,"Achampeta","5203","Nagarkurnool","694","Telangana","36"
5056,"Addakal","5204","Mahabubnagar","512","Telangana","36"
5057,"Ieeja","5205","Jogulamba Gadwal","695","Telangana","36"
5058,"Alampur","5206","Jogulamba Gadwal","695","Telangana","36"
5059,"Amangal","5207","Ranga Reddy","518","Telangana","36"
5060,"Amrabad","5208","Nagarkurnool","694","Telangana","36"
5061,"Atmakur","5209","Wanaparthy","693","Telangana","36"
5062,"Balanagar","5210","Mahabubnagar","512","Telangana","36"
5063,"Balmoor","5211","Nagarkurnool","694","Telangana","36"
5064,"Bhoothpur","5212","Mahabubnagar","512","Telangana","36"
5065,"Bijinapalle","5213","Nagarkurnool","694","Telangana","36"
5066,"Bomraspeta","5214","Vikarabad","698","Telangana","36"
5067,"Chinnachintakunta","5215","Mahabubnagar","512","Telangana","36"
5068,"Damaragidda","5216","Narayanpet","721","Telangana","36"
5069,"Devarakadara","5217","Mahabubnagar","512","Telangana","36"
5070,"Dhanwada","5218","Narayanpet","721","Telangana","36"
5071,"Dharur","5219","Jogulamba Gadwal","695","Telangana","36"
5072,"Doulatabad","5220","Vikarabad","698","Telangana","36"
5073,"Farooqnagar","5221","Ranga Reddy","518","Telangana","36"
5074,"Gadwal","5222","Jogulamba Gadwal","695","Telangana","36"
5075,"Ghanpur","5223","Wanaparthy","693","Telangana","36"
5076,"Ghattu","5224","Jogulamba Gadwal","695","Telangana","36"
5077,"Gopalpeta","5225","Wanaparthy","693","Telangana","36"
5078,"Hanwada","5226","Mahabubnagar","512","Telangana","36"
5079,"Itikyal","5227","Jogulamba Gadwal","695","Telangana","36"
5080,"Jadcherla","5228","Mahabubnagar","512","Telangana","36"
5081,"Kalwakurthy","5229","Nagarkurnool","694","Telangana","36"
5082,"Keshampeta","5230","Ranga Reddy","518","Telangana","36"
5083,"Kodair","5231","Nagarkurnool","694","Telangana","36"
5084,"Kodangal","5232","Vikarabad","698","Telangana","36"
5085,"Koilkonda","5233","Mahabubnagar","512","Telangana","36"
5086,"Kollapur","5234","Nagarkurnool","694","Telangana","36"
5087,"Kondurg","5235","Ranga Reddy","518","Telangana","36"
5088,"Kosgi","5236","Narayanpet","721","Telangana","36"
5089,"Kothakota","5237","Wanaparthy","693","Telangana","36"
5090,"Kothur","5238","Ranga Reddy","518","Telangana","36"
5091,"Lingal","5239","Nagarkurnool","694","Telangana","36"
5092,"Maddur","5240","Narayanpet","721","Telangana","36"
5093,"Madgul","5241","Ranga Reddy","518","Telangana","36"
5094,"Maganoor","5242","Narayanpet","721","Telangana","36"
5095,"Mahbubnagar Rural","5243","Mahabubnagar","512","Telangana","36"
5096,"Makthal","5244","Narayanpet","721","Telangana","36"
5097,"Maldakal","5245","Jogulamba Gadwal","695","Telangana","36"
5098,"Manopadu","5246","Jogulamba Gadwal","695","Telangana","36"
5099,"Midjil","5247","Mahabubnagar","512","Telangana","36"
5100,"Nagarkurnool","5248","Nagarkurnool","694","Telangana","36"
5101,"Narayanpet","5249","Narayanpet","721","Telangana","36"
5102,"Narva","5250","Narayanpet","721","Telangana","36"
5103,"Nawabpet","5251","Mahabubnagar","512","Telangana","36"
5104,"Pangal","5252","Wanaparthy","693","Telangana","36"
5105,"Pebbair","5253","Wanaparthy","693","Telangana","36"
5106,"Peddakothapalle","5254","Nagarkurnool","694","Telangana","36"
5107,"Peddamandadi","5255","Wanaparthy","693","Telangana","36"
5108,"Tadoor","5256","Nagarkurnool","694","Telangana","36"
5109,"Talakondapalle","5257","Ranga Reddy","518","Telangana","36"
5110,"Telkapalle","5258","Nagarkurnool","694","Telangana","36"
5111,"Thimmajipeta","5259","Nagarkurnool","694","Telangana","36"
5112,"Uppununthala","5260","Nagarkurnool","694","Telangana","36"
5113,"Utkoor","5261","Narayanpet","721","Telangana","36"
5114,"Vangoor","5262","Nagarkurnool","694","Telangana","36"
5115,"Weepangandla","5263","Wanaparthy","693","Telangana","36"
5116,"Veldanda","5264","Nagarkurnool","694","Telangana","36"
5117,"Waddepalle","5265","Jogulamba Gadwal","695","Telangana","36"
5118,"Wanaparthy","5266","Wanaparthy","693","Telangana","36"
5119,"Alladurg","5267","Medak","513","Telangana","36"
5120,"Andole","5268","Sangareddy","691","Telangana","36"
5121,"Chegunta","5269","Medak","513","Telangana","36"
5122,"Chinnakodur","5270","Siddipet","692","Telangana","36"
5123,"Doultabad","5271","Siddipet","692","Telangana","36"
5124,"Dubbak","5272","Siddipet","692","Telangana","36"
5125,"Gajwel","5273","Siddipet","692","Telangana","36"
5126,"Hathnoora","5274","Sangareddy","691","Telangana","36"
5127,"Jagdevpur","5275","Siddipet","692","Telangana","36"
5128,"Jharasangam","5276","Sangareddy","691","Telangana","36"
5129,"Jinnaram","5277","Sangareddy","691","Telangana","36"
5130,"Kalher","5278","Sangareddy","691","Telangana","36"
5131,"Kangti","5279","Sangareddy","691","Telangana","36"
5132,"Kohir","5280","Sangareddy","691","Telangana","36"
5133,"Kondapak","5281","Siddipet","692","Telangana","36"
5134,"Kondapur","5282","Sangareddy","691","Telangana","36"
5135,"Kowdipalli","5283","Medak","513","Telangana","36"
5136,"Kulcharam","5284","Medak","513","Telangana","36"
5137,"Manoor","5285","Sangareddy","691","Telangana","36"
5138,"Medak","5286","Medak","513","Telangana","36"
5139,"Mirdoddi","5287","Siddipet","692","Telangana","36"
5140,"Mulug","5288","Siddipet","692","Telangana","36"
5141,"Munipally","5289","Sangareddy","691","Telangana","36"
5142,"Nanganoor","5290","Siddipet","692","Telangana","36"
5143,"Narayankhed","5291","Sangareddy","691","Telangana","36"
5144,"Narsapur","5292","Medak","513","Telangana","36"
5145,"Nyalkal","5293","Sangareddy","691","Telangana","36"
5146,"Papannapet","5294","Medak","513","Telangana","36"
5147,"Patancheru","5295","Sangareddy","691","Telangana","36"
5148,"Pulkal","5296","Sangareddy","691","Telangana","36"
5149,"Raikode","5297","Sangareddy","691","Telangana","36"
5150,"Ramayampet","5298","Medak","513","Telangana","36"
5151,"Ramchandrapuram","5299","Sangareddy","691","Telangana","36"
5152,"Regode","5300","Medak","513","Telangana","36"
5153,"Sadasivpet","5301","Sangareddy","691","Telangana","36"
5154,"Sangareddy","5302","Sangareddy","691","Telangana","36"
5155,"Shankarampet[a]","5303","Medak","513","Telangana","36"
5156,"Shankarampet[r]","5304","Medak","513","Telangana","36"
5157,"Shivampet","5305","Medak","513","Telangana","36"
5158,"Siddipet Rural","5306","Siddipet","692","Telangana","36"
5159,"Tekmal","5307","Medak","513","Telangana","36"
5160,"Thoguta","5308","Siddipet","692","Telangana","36"
5161,"Tupran","5309","Medak","513","Telangana","36"
5162,"Wargal","5310","Siddipet","692","Telangana","36"
5163,"Yeldurthy","5311","Medak","513","Telangana","36"
5164,"Zahirabad","5312","Sangareddy","691","Telangana","36"
5165,"Alair","5313","Yadadri Bhuvanagiri","697","Telangana","36"
5166,"Anumula","5314","Nalgonda","514","Telangana","36"
5167,"Atmakur(m)","5315","Yadadri Bhuvanagiri","697","Telangana","36"
5168,"Atmakur(s)","5316","Suryapet","696","Telangana","36"
5169,"Bhongir","5317","Yadadri Bhuvanagiri","697","Telangana","36"
5170,"Bibinagar","5318","Yadadri Bhuvanagiri","697","Telangana","36"
5171,"Bommala Ramaram","5319","Yadadri Bhuvanagiri","697","Telangana","36"
5172,"Chandampet","5320","Nalgonda","514","Telangana","36"
5173,"Chandur","5321","Nalgonda","514","Telangana","36"
5174,"Chilkur","5322","Suryapet","696","Telangana","36"
5175,"Chintha Pally","5323","Nalgonda","514","Telangana","36"
5176,"Chityala","5324","Nalgonda","514","Telangana","36"
5177,"Chivvemla","5325","Suryapet","696","Telangana","36"
5178,"Choutuppal","5326","Yadadri Bhuvanagiri","697","Telangana","36"
5179,"Dameracherla","5327","Nalgonda","514","Telangana","36"
5180,"Devarakonda","5328","Nalgonda","514","Telangana","36"
5181,"Garide Pally","5329","Suryapet","696","Telangana","36"
5182,"Gundala","5330","Yadadri Bhuvanagiri","697","Telangana","36"
5183,"Gundlapally (dindi)","5331","Nalgonda","514","Telangana","36"
5184,"Gurrampode","5332","Nalgonda","514","Telangana","36"
5185,"Huzurnagar","5333","Suryapet","696","Telangana","36"
5186,"Jaji Reddi Gudem (arvapally)","5334","Suryapet","696","Telangana","36"
5187,"Kanagal","5335","Nalgonda","514","Telangana","36"
5188,"Kattangoor","5336","Nalgonda","514","Telangana","36"
5189,"Kethe Pally","5337","Nalgonda","514","Telangana","36"
5190,"Kodad","5338","Suryapet","696","Telangana","36"
5191,"Thurkapally","5339","Yadadri Bhuvanagiri","697","Telangana","36"
5192,"Marriguda","5340","Nalgonda","514","Telangana","36"
5193,"Mattam Pally","5341","Suryapet","696","Telangana","36"
5194,"Mella Chervu","5342","Suryapet","696","Telangana","36"
5195,"Miryalaguda","5343","Nalgonda","514","Telangana","36"
5196,"Mothey","5344","Suryapet","696","Telangana","36"
5197,"Mothkur","5345","Yadadri Bhuvanagiri","697","Telangana","36"
5198,"Munagala","5346","Suryapet","696","Telangana","36"
5199,"Munugode","5347","Nalgonda","514","Telangana","36"
5200,"Nadigudem","5348","Suryapet","696","Telangana","36"
5201,"Nakrekal","5349","Nalgonda","514","Telangana","36"
5202,"Nalgonda","5350","Nalgonda","514","Telangana","36"
5203,"Nampally","5351","Nalgonda","514","Telangana","36"
5204,"Narayanapur","5352","Yadadri Bhuvanagiri","697","Telangana","36"
5205,"Narketpally","5353","Nalgonda","514","Telangana","36"
5206,"Nereducherla","5354","Suryapet","696","Telangana","36"
5207,"Nidamanoor","5355","Nalgonda","514","Telangana","36"
5208,"Nuthankal","5356","Suryapet","696","Telangana","36"
5209,"Pedda Adiserlapally","5357","Nalgonda","514","Telangana","36"
5210,"Peddavoora","5358","Nalgonda","514","Telangana","36"
5211,"Penpahad","5359","Suryapet","696","Telangana","36"
5212,"B.pochampally","5360","Yadadri Bhuvanagiri","697","Telangana","36"
5213,"Rajapet","5361","Yadadri Bhuvanagiri","697","Telangana","36"
5214,"Ramannapeta","5362","Yadadri Bhuvanagiri","697","Telangana","36"
5215,"Shali Gouraram","5363","Nalgonda","514","Telangana","36"
5216,"Suryapet","5364","Suryapet","696","Telangana","36"
5217,"Thipparthi","5365","Nalgonda","514","Telangana","36"
5218,"Thirumalagiri","5366","Suryapet","696","Telangana","36"
5219,"Tripuraram","5367","Nalgonda","514","Telangana","36"
5220,"Thungathurthi","5368","Suryapet","696","Telangana","36"
5221,"Valigonda","5369","Yadadri Bhuvanagiri","697","Telangana","36"
5222,"Vemula Pally","5370","Nalgonda","514","Telangana","36"
5223,"Yadagirigutta","5371","Yadadri Bhuvanagiri","697","Telangana","36"
5224,"Allur","5372","Spsr Nellore","515","Andhra Pradesh","28"
5225,"Ananthasagaram","5373","Spsr Nellore","515","Andhra Pradesh","28"
5226,"Anumasamudrampeta","5374","Spsr Nellore","515","Andhra Pradesh","28"
5227,"Atmakur","5375","Spsr Nellore","515","Andhra Pradesh","28"
5228,"Balayapalle","5376","Tirupati","752","Andhra Pradesh","28"
5229,"Bogole","5377","Spsr Nellore","515","Andhra Pradesh","28"
5230,"Butchireddipalem","5378","Spsr Nellore","515","Andhra Pradesh","28"
5231,"Chejerla","5379","Spsr Nellore","515","Andhra Pradesh","28"
5232,"Chillakur","5380","Tirupati","752","Andhra Pradesh","28"
5233,"Chittamur","5381","Tirupati","752","Andhra Pradesh","28"
5234,"Dagadarthi","5382","Spsr Nellore","515","Andhra Pradesh","28"
5235,"Dakkili","5383","Tirupati","752","Andhra Pradesh","28"
5236,"Doravarisatram","5384","Tirupati","752","Andhra Pradesh","28"
5237,"Duttalur","5385","Spsr Nellore","515","Andhra Pradesh","28"
5238,"Gudur","5386","Tirupati","752","Andhra Pradesh","28"
5239,"Indukurpet","5387","Spsr Nellore","515","Andhra Pradesh","28"
5240,"Jaladanki","5388","Spsr Nellore","515","Andhra Pradesh","28"
5241,"Kaligiri","5389","Spsr Nellore","515","Andhra Pradesh","28"
5242,"Kaluvoya","5390","Spsr Nellore","515","Andhra Pradesh","28"
5243,"Kavali","5391","Spsr Nellore","515","Andhra Pradesh","28"
5244,"Kodavalur","5392","Spsr Nellore","515","Andhra Pradesh","28"
5245,"Kondapuram","5393","Spsr Nellore","515","Andhra Pradesh","28"
5246,"Kota","5394","Tirupati","752","Andhra Pradesh","28"
5247,"Kovur","5395","Spsr Nellore","515","Andhra Pradesh","28"
5248,"Manubolu","5396","Spsr Nellore","515","Andhra Pradesh","28"
5249,"Marripadu","5397","Spsr Nellore","515","Andhra Pradesh","28"
5250,"Muthukur","5398","Spsr Nellore","515","Andhra Pradesh","28"
5251,"Naidupeta","5399","Tirupati","752","Andhra Pradesh","28"
5252,"Nellore Rural","5400","Spsr Nellore","515","Andhra Pradesh","28"
5253,"Ozili","5401","Tirupati","752","Andhra Pradesh","28"
5254,"Pellakur","5402","Tirupati","752","Andhra Pradesh","28"
5255,"Podalakur","5403","Spsr Nellore","515","Andhra Pradesh","28"
5256,"Rapur","5404","Spsr Nellore","515","Andhra Pradesh","28"
5257,"Sangam","5405","Spsr Nellore","515","Andhra Pradesh","28"
5258,"Seetharamapuram","5406","Spsr Nellore","515","Andhra Pradesh","28"
5259,"Sullurpeta","5407","Tirupati","752","Andhra Pradesh","28"
5260,"Sydapuram","5408","Spsr Nellore","515","Andhra Pradesh","28"
5261,"Tada","5409","Tirupati","752","Andhra Pradesh","28"
5262,"Thotapalligudur","5410","Spsr Nellore","515","Andhra Pradesh","28"
5263,"Udayagiri","5411","Spsr Nellore","515","Andhra Pradesh","28"
5264,"Vakadu","5412","Tirupati","752","Andhra Pradesh","28"
5265,"Varikuntapadu","5413","Spsr Nellore","515","Andhra Pradesh","28"
5266,"Venkatachalam","5414","Spsr Nellore","515","Andhra Pradesh","28"
5267,"Venkatagiri","5415","Tirupati","752","Andhra Pradesh","28"
5268,"Vidavalur","5416","Spsr Nellore","515","Andhra Pradesh","28"
5269,"Vinjamur","5417","Spsr Nellore","515","Andhra Pradesh","28"
5270,"Armur","5418","Nizamabad","516","Telangana","36"
5271,"Balkonda","5419","Nizamabad","516","Telangana","36"
5272,"Banswada","5420","Kamareddy","685","Telangana","36"
5273,"Bheemgal","5421","Nizamabad","516","Telangana","36"
5274,"Bhiknur","5422","Kamareddy","685","Telangana","36"
5275,"Bichkunda","5423","Kamareddy","685","Telangana","36"
5276,"Birkoor","5424","Kamareddy","685","Telangana","36"
5277,"Bodhan","5425","Nizamabad","516","Telangana","36"
5278,"Dharpalle","5426","Nizamabad","516","Telangana","36"
5279,"Dichpalle","5427","Nizamabad","516","Telangana","36"
5280,"Domakonda","5428","Kamareddy","685","Telangana","36"
5281,"Gandhari","5429","Kamareddy","685","Telangana","36"
5282,"Jakranpalle","5430","Nizamabad","516","Telangana","36"
5283,"Jukkal","5431","Kamareddy","685","Telangana","36"
5284,"Kamareddy","5432","Kamareddy","685","Telangana","36"
5285,"Kammarapalle","5433","Nizamabad","516","Telangana","36"
5286,"Kotgiri","5434","Nizamabad","516","Telangana","36"
5287,"Lingampet","5435","Kamareddy","685","Telangana","36"
5288,"Machareddy","5436","Kamareddy","685","Telangana","36"
5289,"Madnur","5437","Kamareddy","685","Telangana","36"
5290,"Makloor","5438","Nizamabad","516","Telangana","36"
5291,"Mortad","5439","Nizamabad","516","Telangana","36"
5292,"Nagireddypet","5440","Kamareddy","685","Telangana","36"
5293,"Nandipet","5441","Nizamabad","516","Telangana","36"
5294,"Navipet","5442","Nizamabad","516","Telangana","36"
5295,"Nizamabad Rural","5443","Nizamabad","516","Telangana","36"
5296,"Nizamsagar","5444","Kamareddy","685","Telangana","36"
5297,"Pitlam","5445","Kamareddy","685","Telangana","36"
5298,"Renjal","5446","Nizamabad","516","Telangana","36"
5299,"Sadasivanagar","5447","Kamareddy","685","Telangana","36"
5300,"Sirkonda","5448","Nizamabad","516","Telangana","36"
5301,"Tadwai","5449","Kamareddy","685","Telangana","36"
5302,"Varni","5450","Nizamabad","516","Telangana","36"
5303,"Velpur","5451","Nizamabad","516","Telangana","36"
5304,"Yedapalle","5452","Nizamabad","516","Telangana","36"
5305,"Yellareddy","5453","Kamareddy","685","Telangana","36"
5306,"Addanki","5454","Bapatla","750","Andhra Pradesh","28"
5307,"Ardhaveedu","5455","Prakasam","517","Andhra Pradesh","28"
5308,"Ballikurava","5456","Bapatla","750","Andhra Pradesh","28"
5309,"Bestavaripeta","5457","Prakasam","517","Andhra Pradesh","28"
5310,"Chandra Sekhara Puram","5458","Prakasam","517","Andhra Pradesh","28"
5311,"Chimakurthi","5459","Prakasam","517","Andhra Pradesh","28"
5312,"Chinaganjam","5460","Bapatla","750","Andhra Pradesh","28"
5313,"Chirala","5461","Bapatla","750","Andhra Pradesh","28"
5314,"Cumbum","5462","Prakasam","517","Andhra Pradesh","28"
5315,"Darsi","5463","Prakasam","517","Andhra Pradesh","28"
5316,"Donakonda","5464","Prakasam","517","Andhra Pradesh","28"
5317,"Dornala","5465","Prakasam","517","Andhra Pradesh","28"
5318,"Giddaluru","5466","Prakasam","517","Andhra Pradesh","28"
5319,"Gudluru","5467","Spsr Nellore","515","Andhra Pradesh","28"
5320,"Hanumanthuni Padu","5468","Prakasam","517","Andhra Pradesh","28"
5321,"Inkollu","5469","Bapatla","750","Andhra Pradesh","28"
5322,"Janakavaram Ponguluru","5470","Bapatla","750","Andhra Pradesh","28"
5323,"Kandukur","5471","Spsr Nellore","515","Andhra Pradesh","28"
5324,"Kanigiri","5472","Prakasam","517","Andhra Pradesh","28"
5325,"Karamchedu","5473","Bapatla","750","Andhra Pradesh","28"
5326,"Komarolu","5474","Prakasam","517","Andhra Pradesh","28"
5327,"Konakanamittla","5475","Prakasam","517","Andhra Pradesh","28"
5328,"Kondapi","5476","Prakasam","517","Andhra Pradesh","28"
5329,"Korisapadu","5477","Bapatla","750","Andhra Pradesh","28"
5330,"Kotha Patnam","5478","Prakasam","517","Andhra Pradesh","28"
5331,"Kurichedu","5479","Prakasam","517","Andhra Pradesh","28"
5332,"Lingasamudram","5480","Spsr Nellore","515","Andhra Pradesh","28"
5333,"Maddipadu","5481","Prakasam","517","Andhra Pradesh","28"
5334,"Markapur","5482","Prakasam","517","Andhra Pradesh","28"
5335,"Marripudi","5483","Prakasam","517","Andhra Pradesh","28"
5336,"Martur","5484","Bapatla","750","Andhra Pradesh","28"
5337,"Mundlamuru","5485","Prakasam","517","Andhra Pradesh","28"
5338,"Naguluppala Padu","5486","Prakasam","517","Andhra Pradesh","28"
5339,"Ongole","5487","Prakasam","517","Andhra Pradesh","28"
5340,"Pamur","5488","Prakasam","517","Andhra Pradesh","28"
5341,"Parchur","5489","Bapatla","750","Andhra Pradesh","28"
5342,"Peda Araveedu","5490","Prakasam","517","Andhra Pradesh","28"
5343,"Pedacherlo Palle","5491","Prakasam","517","Andhra Pradesh","28"
5344,"Podili","5492","Prakasam","517","Andhra Pradesh","28"
5345,"Ponnaluru","5493","Prakasam","517","Andhra Pradesh","28"
5346,"Pullalacheruvu","5494","Prakasam","517","Andhra Pradesh","28"
5347,"Racherla","5495","Prakasam","517","Andhra Pradesh","28"
5348,"Santhamaguluru","5496","Bapatla","750","Andhra Pradesh","28"
5349,"Santhanuthala Padu","5497","Prakasam","517","Andhra Pradesh","28"
5350,"Singarayakonda","5498","Prakasam","517","Andhra Pradesh","28"
5351,"Tangutur","5499","Prakasam","517","Andhra Pradesh","28"
5352,"Tarlupadu","5500","Prakasam","517","Andhra Pradesh","28"
5353,"Tallur","5501","Prakasam","517","Andhra Pradesh","28"
5354,"Tripuranthakam","5502","Prakasam","517","Andhra Pradesh","28"
5355,"Ulavapadu","5503","Spsr Nellore","515","Andhra Pradesh","28"
5356,"Veligandla","5504","Prakasam","517","Andhra Pradesh","28"
5357,"Vetapalem","5505","Bapatla","750","Andhra Pradesh","28"
5358,"Voletivari Palem","5506","Spsr Nellore","515","Andhra Pradesh","28"
5359,"Yddana Pudi","5507","Bapatla","750","Andhra Pradesh","28"
5360,"Yerragondapalem","5508","Prakasam","517","Andhra Pradesh","28"
5361,"Zarugumilli","5509","Prakasam","517","Andhra Pradesh","28"
5362,"Bantwaram","5510","Vikarabad","698","Telangana","36"
5363,"Basheerabad","5511","Vikarabad","698","Telangana","36"
5364,"Chevella","5512","Ranga Reddy","518","Telangana","36"
5365,"Dharur","5513","Vikarabad","698","Telangana","36"
5366,"Doma","5514","Vikarabad","698","Telangana","36"
5367,"Gandeed","5515","Mahabubnagar","512","Telangana","36"
5368,"Ghatkesar","5516","Medchal Malkajgiri","700","Telangana","36"
5369,"Hayathnagar","5517","Ranga Reddy","518","Telangana","36"
5370,"Ibrahimpatnam","5518","Ranga Reddy","518","Telangana","36"
5371,"Kandukur","5519","Ranga Reddy","518","Telangana","36"
5372,"Keesara","5520","Medchal Malkajgiri","700","Telangana","36"
5373,"Kulkacharla","5521","Vikarabad","698","Telangana","36"
5374,"Maheshwaram","5522","Ranga Reddy","518","Telangana","36"
5375,"Manchal","5523","Ranga Reddy","518","Telangana","36"
5376,"Marpally","5524","Vikarabad","698","Telangana","36"
5377,"Medchal","5525","Medchal Malkajgiri","700","Telangana","36"
5378,"Moinabad","5526","Ranga Reddy","518","Telangana","36"
5379,"Mominpet","5527","Vikarabad","698","Telangana","36"
5380,"Nawabpet","5528","Vikarabad","698","Telangana","36"
5381,"Pargi","5529","Vikarabad","698","Telangana","36"
5382,"Peddemul","5530","Vikarabad","698","Telangana","36"
5383,"Pudur","5531","Vikarabad","698","Telangana","36"
5384,"Quthbullapur","5532","Medchal Malkajgiri","700","Telangana","36"
5385,"Rajendranagar","5533","Ranga Reddy","518","Telangana","36"
5386,"Saroornagar","5534","Ranga Reddy","518","Telangana","36"
5387,"Shabad","5535","Ranga Reddy","518","Telangana","36"
5388,"Shamirpet","5536","Medchal Malkajgiri","700","Telangana","36"
5389,"Shamshabad","5537","Ranga Reddy","518","Telangana","36"
5390,"Shankarpally","5538","Ranga Reddy","518","Telangana","36"
5391,"Tandur","5539","Vikarabad","698","Telangana","36"
5392,"Vikarabad","5540","Vikarabad","698","Telangana","36"
5393,"Yacharam","5541","Ranga Reddy","518","Telangana","36"
5394,"Yalal","5542","Vikarabad","698","Telangana","36"
5395,"Amadalavalasa","5543","Srikakulam","519","Andhra Pradesh","28"
5396,"Bhamini","5544","Parvathipuram Manyam","743","Andhra Pradesh","28"
5397,"Burja","5545","Srikakulam","519","Andhra Pradesh","28"
5398,"Etcherla","5546","Srikakulam","519","Andhra Pradesh","28"
5399,"Ganguvarisigadam","5547","Srikakulam","519","Andhra Pradesh","28"
5400,"Gara","5548","Srikakulam","519","Andhra Pradesh","28"
5401,"Hiramandalam","5549","Srikakulam","519","Andhra Pradesh","28"
5402,"Ichapuram","5550","Srikakulam","519","Andhra Pradesh","28"
5403,"Jalumuru","5551","Srikakulam","519","Andhra Pradesh","28"
5404,"Kanchili","5552","Srikakulam","519","Andhra Pradesh","28"
5405,"Kaviti","5553","Srikakulam","519","Andhra Pradesh","28"
5406,"Kotabommili","5554","Srikakulam","519","Andhra Pradesh","28"
5407,"Kotturu","5555","Srikakulam","519","Andhra Pradesh","28"
5408,"L.n Peta","5556","Srikakulam","519","Andhra Pradesh","28"
5409,"Laveru","5557","Srikakulam","519","Andhra Pradesh","28"
5410,"Mandasa","5558","Srikakulam","519","Andhra Pradesh","28"
5411,"Meliaputti","5559","Srikakulam","519","Andhra Pradesh","28"
5412,"Nandigam","5560","Srikakulam","519","Andhra Pradesh","28"
5413,"Narasannapeta","5561","Srikakulam","519","Andhra Pradesh","28"
5414,"Palakonda","5562","Parvathipuram Manyam","743","Andhra Pradesh","28"
5415,"Palasa","5563","Srikakulam","519","Andhra Pradesh","28"
5416,"Pathapatnam","5564","Srikakulam","519","Andhra Pradesh","28"
5417,"Polaki","5565","Srikakulam","519","Andhra Pradesh","28"
5418,"Ponduru","5566","Srikakulam","519","Andhra Pradesh","28"
5419,"Rajam","5567","Vizianagaram","521","Andhra Pradesh","28"
5420,"Ranastalam","5568","Srikakulam","519","Andhra Pradesh","28"
5421,"Regidi Amadalavalasa","5569","Vizianagaram","521","Andhra Pradesh","28"
5422,"Santhabommali","5570","Srikakulam","519","Andhra Pradesh","28"
5423,"Santhakavati","5571","Vizianagaram","521","Andhra Pradesh","28"
5424,"Saravakota","5572","Srikakulam","519","Andhra Pradesh","28"
5425,"Sarubujjili","5573","Srikakulam","519","Andhra Pradesh","28"
5426,"Seethampeta","5574","Parvathipuram Manyam","743","Andhra Pradesh","28"
5427,"Sompeta","5575","Srikakulam","519","Andhra Pradesh","28"
5428,"Srikakulam","5576","Srikakulam","519","Andhra Pradesh","28"
5429,"Tekkali","5577","Srikakulam","519","Andhra Pradesh","28"
5430,"Vajrapukotturu","5578","Srikakulam","519","Andhra Pradesh","28"
5431,"Vangara","5579","Vizianagaram","521","Andhra Pradesh","28"
5432,"Veeraghattam","5580","Parvathipuram Manyam","743","Andhra Pradesh","28"
5433,"Achutapuram","5581","Anakapalli","744","Andhra Pradesh","28"
5434,"Anakapalle","5582","Anakapalli","744","Andhra Pradesh","28"
5435,"Anandapuram","5583","Visakhapatanam","520","Andhra Pradesh","28"
5436,"Ananthagiri","5584","Alluri Sitharama Raju","745","Andhra Pradesh","28"
5437,"Araku Valley","5585","Alluri Sitharama Raju","745","Andhra Pradesh","28"
5438,"Bheemunipatnam","5586","Visakhapatanam","520","Andhra Pradesh","28"
5439,"Butchayyapeta","5587","Anakapalli","744","Andhra Pradesh","28"
5440,"Cheedikada","5588","Anakapalli","744","Andhra Pradesh","28"
5441,"Chintapalle","5589","Alluri Sitharama Raju","745","Andhra Pradesh","28"
5442,"Chodavaram","5590","Anakapalli","744","Andhra Pradesh","28"
5443,"Devarapalle","5591","Anakapalli","744","Andhra Pradesh","28"
5444,"Dumbriguda","5592","Alluri Sitharama Raju","745","Andhra Pradesh","28"
5445,"G.madugula","5593","Alluri Sitharama Raju","745","Andhra Pradesh","28"
5446,"Gajuwaka","5594","Visakhapatanam","520","Andhra Pradesh","28"
5447,"Golugonda","5595","Anakapalli","744","Andhra Pradesh","28"
5448,"Gudem Kotha Veedhi","5596","Alluri Sitharama Raju","745","Andhra Pradesh","28"
5449,"Hukumpeta","5597","Alluri Sitharama Raju","745","Andhra Pradesh","28"
5450,"K.kotapadu","5598","Anakapalli","744","Andhra Pradesh","28"
5451,"Kasimkota","5599","Anakapalli","744","Andhra Pradesh","28"
5452,"Kotauratla","5600","Anakapalli","744","Andhra Pradesh","28"
5453,"Koyyuru","5601","Alluri Sitharama Raju","745","Andhra Pradesh","28"
5454,"Madugula","5602","Anakapalli","744","Andhra Pradesh","28"
5455,"Makavarapalem","5603","Anakapalli","744","Andhra Pradesh","28"
5456,"Munagapaka","5604","Anakapalli","744","Andhra Pradesh","28"
5457,"Munchingi Puttu","5605","Alluri Sitharama Raju","745","Andhra Pradesh","28"
5458,"Nakkapalle","5606","Anakapalli","744","Andhra Pradesh","28"
5459,"Narsipatnam","5607","Anakapalli","744","Andhra Pradesh","28"
5460,"Nathavaram","5608","Anakapalli","744","Andhra Pradesh","28"
5461,"Paderu","5609","Alluri Sitharama Raju","745","Andhra Pradesh","28"
5462,"Padmanabham","5610","Visakhapatanam","520","Andhra Pradesh","28"
5463,"Paravada","5611","Anakapalli","744","Andhra Pradesh","28"
5464,"Payakaraopeta","5612","Anakapalli","744","Andhra Pradesh","28"
5465,"Peda Bayalu","5613","Alluri Sitharama Raju","745","Andhra Pradesh","28"
5466,"Pedagantyada","5614","Visakhapatanam","520","Andhra Pradesh","28"
5467,"Pendurthi","5615","Visakhapatanam","520","Andhra Pradesh","28"
5468,"Rambilli","5616","Anakapalli","744","Andhra Pradesh","28"
5469,"Ravikamatham","5617","Anakapalli","744","Andhra Pradesh","28"
5470,"Rolugunta","5618","Anakapalli","744","Andhra Pradesh","28"
5471,"S.rayavaram","5619","Anakapalli","744","Andhra Pradesh","28"
5472,"Sabbavaram","5620","Anakapalli","744","Andhra Pradesh","28"
5473,"Visakhapatnam(rural)","5621","Visakhapatanam","520","Andhra Pradesh","28"
5474,"Yelamanchili","5622","Anakapalli","744","Andhra Pradesh","28"
5475,"Badangi","5623","Vizianagaram","521","Andhra Pradesh","28"
5476,"Balijipeta","5624","Parvathipuram Manyam","743","Andhra Pradesh","28"
5477,"Bhoghapuram","5625","Vizianagaram","521","Andhra Pradesh","28"
5478,"Bobbili","5626","Vizianagaram","521","Andhra Pradesh","28"
5479,"Bondapalle","5627","Vizianagaram","521","Andhra Pradesh","28"
5480,"Cheepurupalle","5628","Vizianagaram","521","Andhra Pradesh","28"
5481,"Dattirajeru","5629","Vizianagaram","521","Andhra Pradesh","28"
5482,"Denkada","5630","Vizianagaram","521","Andhra Pradesh","28"
5483,"Gajapathinagaram","5631","Vizianagaram","521","Andhra Pradesh","28"
5484,"Gantyada","5632","Vizianagaram","521","Andhra Pradesh","28"
5485,"Garividi","5633","Vizianagaram","521","Andhra Pradesh","28"
5486,"Garugubilli","5634","Parvathipuram Manyam","743","Andhra Pradesh","28"
5487,"Gummalakshmipuram","5635","Parvathipuram Manyam","743","Andhra Pradesh","28"
5488,"Gurla","5636","Vizianagaram","521","Andhra Pradesh","28"
5489,"Jami","5637","Vizianagaram","521","Andhra Pradesh","28"
5490,"Jiyyammavalasa","5638","Parvathipuram Manyam","743","Andhra Pradesh","28"
5491,"Komarada","5639","Parvathipuram Manyam","743","Andhra Pradesh","28"
5492,"Kothavalasa","5640","Vizianagaram","521","Andhra Pradesh","28"
5493,"Kurupam","5641","Parvathipuram Manyam","743","Andhra Pradesh","28"
5494,"Lakkavarapukota","5642","Vizianagaram","521","Andhra Pradesh","28"
5495,"Makkuva","5643","Parvathipuram Manyam","743","Andhra Pradesh","28"
5496,"Mentada","5644","Vizianagaram","521","Andhra Pradesh","28"
5497,"Merakamudidam","5645","Vizianagaram","521","Andhra Pradesh","28"
5498,"Nellimarla","5646","Vizianagaram","521","Andhra Pradesh","28"
5499,"Pachipenta","5647","Parvathipuram Manyam","743","Andhra Pradesh","28"
5500,"Parvathipuram","5648","Parvathipuram Manyam","743","Andhra Pradesh","28"
5501,"Pusapatirega","5649","Vizianagaram","521","Andhra Pradesh","28"
5502,"Ramabhadrapuram","5650","Vizianagaram","521","Andhra Pradesh","28"
5503,"Salur","5651","Parvathipuram Manyam","743","Andhra Pradesh","28"
5504,"Seethanagaram","5652","Parvathipuram Manyam","743","Andhra Pradesh","28"
5505,"Srungavarapukota","5653","Vizianagaram","521","Andhra Pradesh","28"
5506,"Therlam","5654","Vizianagaram","521","Andhra Pradesh","28"
5507,"Vepada","5655","Vizianagaram","521","Andhra Pradesh","28"
5508,"Vizianagaram","5656","Vizianagaram","521","Andhra Pradesh","28"
5509,"Atmakur","5657","Hanumakonda","686","Telangana","36"
5510,"Bachannapeta","5658","Jangoan","689","Telangana","36"
5511,"Bhupalpalle","5659","Jayashankar Bhupalapally","687","Telangana","36"
5512,"Chennaraopet","5660","Warangal","522","Telangana","36"
5513,"Cheriyal","5661","Siddipet","692","Telangana","36"
5514,"Chityal","5662","Jayashankar Bhupalapally","687","Telangana","36"
5515,"Devaruppula","5663","Jangoan","689","Telangana","36"
5516,"Dharmasagar","5664","Hanumakonda","686","Telangana","36"
5517,"Dornakal","5665","Mahabubabad","688","Telangana","36"
5518,"Duggondi","5666","Warangal","522","Telangana","36"
5519,"Eturnagaram","5667","Mulugu","720","Telangana","36"
5520,"Geesugonda","5668","Warangal","522","Telangana","36"
5521,"Ghanapur (mulug)","5669","Jayashankar Bhupalapally","687","Telangana","36"
5522,"Ghanpur(station)","5670","Jangoan","689","Telangana","36"
5523,"Govindaraopet","5671","Mulugu","720","Telangana","36"
5524,"Gudur","5672","Mahabubabad","688","Telangana","36"
5525,"Hanamkonda","5673","Hanumakonda","686","Telangana","36"
5526,"Hasanparthy","5674","Hanumakonda","686","Telangana","36"
5527,"Jangaon","5675","Jangoan","689","Telangana","36"
5528,"Kesamudram","5676","Mahabubabad","688","Telangana","36"
5529,"Khanapur","5677","Warangal","522","Telangana","36"
5530,"Kodakandla","5678","Jangoan","689","Telangana","36"
5531,"Kothagudem","5679","Mahabubabad","688","Telangana","36"
5532,"Kuravi","5680","Mahabubabad","688","Telangana","36"
5533,"Lingalaghanpur","5681","Jangoan","689","Telangana","36"
5534,"Maddur","5682","Siddipet","692","Telangana","36"
5535,"Mahbubabad","5683","Mahabubabad","688","Telangana","36"
5536,"Mangapet","5684","Mulugu","720","Telangana","36"
5537,"Maripeda","5685","Mahabubabad","688","Telangana","36"
5538,"Mogullapalle","5686","Jayashankar Bhupalapally","687","Telangana","36"
5539,"Mulug","5687","Mulugu","720","Telangana","36"
5540,"Nalla Belli","5688","Warangal","522","Telangana","36"
5541,"Nallikudur","5689","Mahabubabad","688","Telangana","36"
5542,"Narmetta","5690","Jangoan","689","Telangana","36"
5543,"Narsampet","5691","Warangal","522","Telangana","36"
5544,"Narsimhulapet","5692","Mahabubabad","688","Telangana","36"
5545,"Nekkonda","5693","Warangal","522","Telangana","36"
5546,"Palakurthi","5694","Jangoan","689","Telangana","36"
5547,"Parkal","5695","Hanumakonda","686","Telangana","36"
5548,"Parvathagiri","5696","Warangal","522","Telangana","36"
5549,"Raghunathpalle","5697","Jangoan","689","Telangana","36"
5550,"Raiparthy","5698","Warangal","522","Telangana","36"
5551,"Regonda","5699","Jayashankar Bhupalapally","687","Telangana","36"
5552,"Sangem","5700","Warangal","522","Telangana","36"
5553,"Shayampet","5701","Hanumakonda","686","Telangana","36"
5554,"Tadvai","5702","Mulugu","720","Telangana","36"
5555,"Thorrur","5703","Mahabubabad","688","Telangana","36"
5556,"Venkatapur","5704","Mulugu","720","Telangana","36"
5557,"Wardhanna Pet","5705","Warangal","522","Telangana","36"
5558,"Zaffergadh","5706","Jangoan","689","Telangana","36"
5559,"Achanta","5707","West Godavari","523","Andhra Pradesh","28"
5560,"Akividu","5708","West Godavari","523","Andhra Pradesh","28"
5561,"Attili","5709","West Godavari","523","Andhra Pradesh","28"
5562,"Bhimadole","5710","Eluru","748","Andhra Pradesh","28"
5563,"Bhimavaram","5711","West Godavari","523","Andhra Pradesh","28"
5564,"Buttayagudem","5712","Eluru","748","Andhra Pradesh","28"
5565,"Chagallu","5713","East Godavari","505","Andhra Pradesh","28"
5566,"Chintalapudi","5714","Eluru","748","Andhra Pradesh","28"
5567,"Denduluru","5715","Eluru","748","Andhra Pradesh","28"
5568,"Devarapalle","5716","East Godavari","505","Andhra Pradesh","28"
5569,"Dwarakatirumala","5717","Eluru","748","Andhra Pradesh","28"
5570,"Elamanchili","5718","West Godavari","523","Andhra Pradesh","28"
5571,"Eluru","5719","Eluru","748","Andhra Pradesh","28"
5572,"Ganapavaram","5720","Eluru","748","Andhra Pradesh","28"
5573,"Gopalapuram","5721","East Godavari","505","Andhra Pradesh","28"
5574,"Iragavaram","5722","West Godavari","523","Andhra Pradesh","28"
5575,"Jangareddigudem","5723","Eluru","748","Andhra Pradesh","28"
5576,"Jeelugumilli","5724","Eluru","748","Andhra Pradesh","28"
5577,"Kalla","5725","West Godavari","523","Andhra Pradesh","28"
5578,"Kamavarapukota","5726","Eluru","748","Andhra Pradesh","28"
5579,"Kovvur","5727","East Godavari","505","Andhra Pradesh","28"
5580,"Koyyalagudem","5728","Eluru","748","Andhra Pradesh","28"
5581,"Lingapalem","5729","Eluru","748","Andhra Pradesh","28"
5582,"Mogalthur","5730","West Godavari","523","Andhra Pradesh","28"
5583,"Nallajerla","5731","East Godavari","505","Andhra Pradesh","28"
5584,"Narsapur","5732","West Godavari","523","Andhra Pradesh","28"
5585,"Nidadavole","5733","East Godavari","505","Andhra Pradesh","28"
5586,"Nidamarru","5734","Eluru","748","Andhra Pradesh","28"
5587,"Palacole","5735","West Godavari","523","Andhra Pradesh","28"
5588,"Palakoderu","5736","West Godavari","523","Andhra Pradesh","28"
5589,"Pedapadu","5737","Eluru","748","Andhra Pradesh","28"
5590,"Pedavegi","5738","Eluru","748","Andhra Pradesh","28"
5591,"Pentapadu","5739","West Godavari","523","Andhra Pradesh","28"
5592,"Penugonda","5740","West Godavari","523","Andhra Pradesh","28"
5593,"Penumantra","5741","West Godavari","523","Andhra Pradesh","28"
5594,"Peravali","5742","East Godavari","505","Andhra Pradesh","28"
5595,"Poduru","5743","West Godavari","523","Andhra Pradesh","28"
5596,"Polavaram","5744","Eluru","748","Andhra Pradesh","28"
5597,"T.narasapuram","5745","Eluru","748","Andhra Pradesh","28"
5598,"Tadepalligudem","5746","West Godavari","523","Andhra Pradesh","28"
5599,"Tanuku","5747","West Godavari","523","Andhra Pradesh","28"
5600,"Thallapudi","5748","East Godavari","505","Andhra Pradesh","28"
5601,"Undi","5749","West Godavari","523","Andhra Pradesh","28"
5602,"Undrajavaram","5750","East Godavari","505","Andhra Pradesh","28"
5603,"Unguturu","5751","Eluru","748","Andhra Pradesh","28"
5604,"Veeravasaram","5752","West Godavari","523","Andhra Pradesh","28"
5605,"Badami","5753","Bagalkote","524","Karnataka","29"
5606,"Bagalkot","5754","Bagalkote","524","Karnataka","29"
5607,"Bilagi","5755","Bagalkote","524","Karnataka","29"
5608,"Hungund","5756","Bagalkote","524","Karnataka","29"
5609,"Jamkhandi","5757","Bagalkote","524","Karnataka","29"
5610,"Mudhol","5758","Bagalkote","524","Karnataka","29"
5611,"Anekal","5759","Bengaluru Urban","525","Karnataka","29"
5612,"Bengaluru East","5760","Bengaluru Urban","525","Karnataka","29"
5613,"Bengaluru North","5761","Bengaluru Urban","525","Karnataka","29"
5614,"Bengaluru South","5762","Bengaluru Urban","525","Karnataka","29"
5615,"Channapatna","5763","Ramanagara","631","Karnataka","29"
5616,"Devanhalli","5764","Bengaluru Rural","526","Karnataka","29"
5617,"Dodballapur","5765","Bengaluru Rural","526","Karnataka","29"
5618,"Hoskote","5766","Bengaluru Rural","526","Karnataka","29"
5619,"Kanakapura","5767","Ramanagara","631","Karnataka","29"
5620,"Magadi","5768","Ramanagara","631","Karnataka","29"
5621,"Nelamangala","5769","Bengaluru Rural","526","Karnataka","29"
5622,"Ramanagara","5770","Ramanagara","631","Karnataka","29"
5623,"Athni","5771","Belagavi","527","Karnataka","29"
5624,"Belagavi","5772","Belagavi","527","Karnataka","29"
5625,"Bylahongal","5773","Belagavi","527","Karnataka","29"
5626,"Chikodi","5774","Belagavi","527","Karnataka","29"
5627,"Gokak","5775","Belagavi","527","Karnataka","29"
5628,"Hukeri","5776","Belagavi","527","Karnataka","29"
5629,"Khanapur","5777","Belagavi","527","Karnataka","29"
5630,"Savadathi","5778","Belagavi","527","Karnataka","29"
5631,"Ramdurg","5779","Belagavi","527","Karnataka","29"
5632,"Raybag","5780","Belagavi","527","Karnataka","29"
5633,"Ballari","5781","Ballari","528","Karnataka","29"
5634,"Hadagalli","5782","Vijayanagar","738","Karnataka","29"
5635,"Hagaribommanahalli","5783","Vijayanagar","738","Karnataka","29"
5636,"Hosapete","5784","Vijayanagar","738","Karnataka","29"
5637,"Kudligi","5785","Vijayanagar","738","Karnataka","29"
5638,"Sandur","5786","Ballari","528","Karnataka","29"
5639,"Siruguppa","5787","Ballari","528","Karnataka","29"
5640,"Aurad","5788","Bidar","529","Karnataka","29"
5641,"Basavakalyan","5789","Bidar","529","Karnataka","29"
5642,"Bhalki","5790","Bidar","529","Karnataka","29"
5643,"Bidar","5791","Bidar","529","Karnataka","29"
5644,"Humnabad","5792","Bidar","529","Karnataka","29"
5645,"Basavana Bagewadi","5793","Vijayapura","530","Karnataka","29"
5646,"Vijayapura","5794","Vijayapura","530","Karnataka","29"
5647,"Indi","5795","Vijayapura","530","Karnataka","29"
5648,"Muddebihal","5796","Vijayapura","530","Karnataka","29"
5649,"Sindagi","5797","Vijayapura","530","Karnataka","29"
5650,"Chamarajanagar","5798","Chamarajanagara","531","Karnataka","29"
5651,"Gundlupet","5799","Chamarajanagara","531","Karnataka","29"
5652,"Kollegala","5800","Chamarajanagara","531","Karnataka","29"
5653,"Yelandur","5801","Chamarajanagara","531","Karnataka","29"
5654,"Chikkamagaluru","5802","Chikkamagaluru","532","Karnataka","29"
5655,"Kadur","5803","Chikkamagaluru","532","Karnataka","29"
5656,"Koppa","5804","Chikkamagaluru","532","Karnataka","29"
5657,"Mudigere","5805","Chikkamagaluru","532","Karnataka","29"
5658,"Narasimharajapura","5806","Chikkamagaluru","532","Karnataka","29"
5659,"Sringeri","5807","Chikkamagaluru","532","Karnataka","29"
5660,"Tarikere","5808","Chikkamagaluru","532","Karnataka","29"
5661,"Challakere","5809","Chitradurga","533","Karnataka","29"
5662,"Chitradurga","5810","Chitradurga","533","Karnataka","29"
5663,"Hiriyur","5811","Chitradurga","533","Karnataka","29"
5664,"Holalkere","5812","Chitradurga","533","Karnataka","29"
5665,"Hosdurga","5813","Chitradurga","533","Karnataka","29"
5666,"Molakalmuru","5814","Chitradurga","533","Karnataka","29"
5667,"Bantval","5815","Dakshina Kannada","534","Karnataka","29"
5668,"Beltangadi","5816","Dakshina Kannada","534","Karnataka","29"
5669,"Mangaluru","5817","Dakshina Kannada","534","Karnataka","29"
5670,"Puttur","5818","Dakshina Kannada","534","Karnataka","29"
5671,"Sulya","5819","Dakshina Kannada","534","Karnataka","29"
5672,"Channagiri","5820","Davangere","535","Karnataka","29"
5673,"Davanagere","5821","Davangere","535","Karnataka","29"
5674,"Harappanahalli","5822","Vijayanagar","738","Karnataka","29"
5675,"Harihara","5823","Davangere","535","Karnataka","29"
5676,"Honnali","5824","Davangere","535","Karnataka","29"
5677,"Jagalur","5825","Davangere","535","Karnataka","29"
5678,"Dharwad","5826","Dharwad","536","Karnataka","29"
5679,"Hubballi","5827","Dharwad","536","Karnataka","29"
5680,"Kalghatgi","5828","Dharwad","536","Karnataka","29"
5681,"Kundgol","5829","Dharwad","536","Karnataka","29"
5682,"Navalgund","5830","Dharwad","536","Karnataka","29"
5683,"Gadag","5831","Gadag","537","Karnataka","29"
5684,"Mundaragi","5832","Gadag","537","Karnataka","29"
5685,"Naragund","5833","Gadag","537","Karnataka","29"
5686,"Ron","5834","Gadag","537","Karnataka","29"
5687,"Shirahatti","5835","Gadag","537","Karnataka","29"
5688,"Afzalpur","5836","Kalaburagi","538","Karnataka","29"
5689,"Aland","5837","Kalaburagi","538","Karnataka","29"
5690,"Chincholi","5838","Kalaburagi","538","Karnataka","29"
5691,"Chitapur","5839","Kalaburagi","538","Karnataka","29"
5692,"Kalaburagi","5840","Kalaburagi","538","Karnataka","29"
5693,"Jevargi","5841","Kalaburagi","538","Karnataka","29"
5694,"Sedam","5842","Kalaburagi","538","Karnataka","29"
5695,"Shahapur","5843","Yadgir","635","Karnataka","29"
5696,"Shorapur","5844","Yadgir","635","Karnataka","29"
5697,"Yadgir","5845","Yadgir","635","Karnataka","29"
5698,"Alur","5846","Hassan","539","Karnataka","29"
5699,"Arkalgud","5847","Hassan","539","Karnataka","29"
5700,"Arsikere","5848","Hassan","539","Karnataka","29"
5701,"Belur","5849","Hassan","539","Karnataka","29"
5702,"Channarayapatna","5850","Hassan","539","Karnataka","29"
5703,"Hassan","5851","Hassan","539","Karnataka","29"
5704,"Holenarsipur","5852","Hassan","539","Karnataka","29"
5705,"Sakaleshpur","5853","Hassan","539","Karnataka","29"
5706,"Byadgi","5854","Haveri","540","Karnataka","29"
5707,"Hanagal","5855","Haveri","540","Karnataka","29"
5708,"Haveri","5856","Haveri","540","Karnataka","29"
5709,"Hirekerur","5857","Haveri","540","Karnataka","29"
5710,"Ranebennur","5858","Haveri","540","Karnataka","29"
5711,"Savanur","5859","Haveri","540","Karnataka","29"
5712,"Shiggaon","5860","Haveri","540","Karnataka","29"
5713,"Madikeri","5861","Kodagu","541","Karnataka","29"
5714,"Somvarpet","5862","Kodagu","541","Karnataka","29"
5715,"Virajpet","5863","Kodagu","541","Karnataka","29"
5716,"Bagepalli","5864","Chikkaballapura","630","Karnataka","29"
5717,"Bangarapet","5865","Kolar","542","Karnataka","29"
5718,"Chikballapur","5866","Chikkaballapura","630","Karnataka","29"
5719,"Chintamani","5867","Chikkaballapura","630","Karnataka","29"
5720,"Gauribidanur","5868","Chikkaballapura","630","Karnataka","29"
5721,"Gudibanda","5869","Chikkaballapura","630","Karnataka","29"
5722,"Kolar","5870","Kolar","542","Karnataka","29"
5723,"Malur","5871","Kolar","542","Karnataka","29"
5724,"Mulbagal","5872","Kolar","542","Karnataka","29"
5725,"Sidlaghatta","5873","Chikkaballapura","630","Karnataka","29"
5726,"Srinivaspur","5874","Kolar","542","Karnataka","29"
5727,"Gangavathi","5875","Koppal","543","Karnataka","29"
5728,"Koppal","5876","Koppal","543","Karnataka","29"
5729,"Kushtagi","5877","Koppal","543","Karnataka","29"
5730,"Yelburga","5878","Koppal","543","Karnataka","29"
5731,"Krishnarajpet","5879","Mandya","544","Karnataka","29"
5732,"Maddur","5880","Mandya","544","Karnataka","29"
5733,"Malvalli","5881","Mandya","544","Karnataka","29"
5734,"Mandya","5882","Mandya","544","Karnataka","29"
5735,"Nagamangala","5883","Mandya","544","Karnataka","29"
5736,"Pandavapura","5884","Mandya","544","Karnataka","29"
5737,"Shrirangapattana","5885","Mandya","544","Karnataka","29"
5738,"Heggadadevankote","5886","Mysuru","545","Karnataka","29"
5739,"Hunsur","5887","Mysuru","545","Karnataka","29"
5740,"Krishnarajanagara","5888","Mysuru","545","Karnataka","29"
5741,"Mysuru","5889","Mysuru","545","Karnataka","29"
5742,"Nanjangud","5890","Mysuru","545","Karnataka","29"
5743,"Piriyapatna","5891","Mysuru","545","Karnataka","29"
5744,"Tirumakudal-narsipur","5892","Mysuru","545","Karnataka","29"
5745,"Devadurga","5893","Raichur","546","Karnataka","29"
5746,"Lingsugur","5894","Raichur","546","Karnataka","29"
5747,"Manvi","5895","Raichur","546","Karnataka","29"
5748,"Raichur","5896","Raichur","546","Karnataka","29"
5749,"Sindhanur","5897","Raichur","546","Karnataka","29"
5750,"Bhadravati","5898","Shivamogga","547","Karnataka","29"
5751,"Hosanagara","5899","Shivamogga","547","Karnataka","29"
5752,"Sagar","5900","Shivamogga","547","Karnataka","29"
5753,"Shikarpur","5901","Shivamogga","547","Karnataka","29"
5754,"Shivamogga","5902","Shivamogga","547","Karnataka","29"
5755,"Sorab","5903","Shivamogga","547","Karnataka","29"
5756,"Tirthahalli","5904","Shivamogga","547","Karnataka","29"
5757,"Chiknayakanhalli","5905","Tumakuru","548","Karnataka","29"
5758,"Gubbi","5906","Tumakuru","548","Karnataka","29"
5759,"Koratagere","5907","Tumakuru","548","Karnataka","29"
5760,"Kunigal","5908","Tumakuru","548","Karnataka","29"
5761,"Madhugiri","5909","Tumakuru","548","Karnataka","29"
5762,"Pavagada","5910","Tumakuru","548","Karnataka","29"
5763,"Sira","5911","Tumakuru","548","Karnataka","29"
5764,"Tiptur","5912","Tumakuru","548","Karnataka","29"
5765,"Tumakuru","5913","Tumakuru","548","Karnataka","29"
5766,"Turuvekere","5914","Tumakuru","548","Karnataka","29"
5767,"Karkal","5915","Udupi","549","Karnataka","29"
5768,"Kundapura","5916","Udupi","549","Karnataka","29"
5769,"Udupi","5917","Udupi","549","Karnataka","29"
5770,"Ankola","5918","Uttara Kannada","550","Karnataka","29"
5771,"Bhatkal","5919","Uttara Kannada","550","Karnataka","29"
5772,"Haliyal","5920","Uttara Kannada","550","Karnataka","29"
5773,"Honavar","5921","Uttara Kannada","550","Karnataka","29"
5774,"Karwar","5922","Uttara Kannada","550","Karnataka","29"
5775,"Kumta","5923","Uttara Kannada","550","Karnataka","29"
5776,"Mundgod","5924","Uttara Kannada","550","Karnataka","29"
5777,"Siddapur","5925","Uttara Kannada","550","Karnataka","29"
5778,"Sirsi","5926","Uttara Kannada","550","Karnataka","29"
5779,"Supa","5927","Uttara Kannada","550","Karnataka","29"
5780,"Yellapur","5928","Uttara Kannada","550","Karnataka","29"
5781,"Bardez","5929","North Goa","551","Goa","30"
5782,"Bicholim","5930","North Goa","551","Goa","30"
5783,"Pernem","5931","North Goa","551","Goa","30"
5784,"Ponda","5932","South Goa","552","Goa","30"
5785,"Satari","5933","North Goa","551","Goa","30"
5786,"Tiswadi","5934","North Goa","551","Goa","30"
5787,"Canacona","5935","South Goa","552","Goa","30"
5788,"Mormugao","5936","South Goa","552","Goa","30"
5789,"Quepem","5937","South Goa","552","Goa","30"
5790,"Salcete","5938","South Goa","552","Goa","30"
5791,"Sanguem","5939","South Goa","552","Goa","30"
5792,"Agatti","5940","Lakshadweep District","553","Lakshadweep","31"
5793,"Amini","5941","Lakshadweep District","553","Lakshadweep","31"
5794,"Andrott","5942","Lakshadweep District","553","Lakshadweep","31"
5795,"Chetlat","5943","Lakshadweep District","553","Lakshadweep","31"
5796,"Kadmat","5944","Lakshadweep District","553","Lakshadweep","31"
5797,"Kalpeni","5945","Lakshadweep District","553","Lakshadweep","31"
5798,"Kavaratti","5946","Lakshadweep District","553","Lakshadweep","31"
5799,"Kiltan","5947","Lakshadweep District","553","Lakshadweep","31"
5800,"Minicoy","5948","Lakshadweep District","553","Lakshadweep","31"
5801,"Ambalappuzha","5949","Alappuzha","554","Kerala","32"
5802,"Aryad","5950","Alappuzha","554","Kerala","32"
5803,"Bharanicavu","5951","Alappuzha","554","Kerala","32"
5804,"Champakulam","5952","Alappuzha","554","Kerala","32"
5805,"Chengannur","5953","Alappuzha","554","Kerala","32"
5806,"Harippad","5954","Alappuzha","554","Kerala","32"
5807,"Kanjikkuzhy","5955","Alappuzha","554","Kerala","32"
5808,"Mavelikkara","5956","Alappuzha","554","Kerala","32"
5809,"Muthukulam","5957","Alappuzha","554","Kerala","32"
5810,"Pattanakkad","5958","Alappuzha","554","Kerala","32"
5811,"Thycattussery","5959","Alappuzha","554","Kerala","32"
5812,"Veliyanad","5960","Alappuzha","554","Kerala","32"
5813,"Alangad","5961","Ernakulam","555","Kerala","32"
5814,"Angamali","5962","Ernakulam","555","Kerala","32"
5815,"Edappally","5963","Ernakulam","555","Kerala","32"
5816,"Koovappady","5964","Ernakulam","555","Kerala","32"
5817,"Kothamangalam","5965","Ernakulam","555","Kerala","32"
5818,"Mulanthuruthy","5966","Ernakulam","555","Kerala","32"
5819,"Muvattupuzha","5967","Ernakulam","555","Kerala","32"
5820,"Palluruthy","5968","Ernakulam","555","Kerala","32"
5821,"Pampakuda","5969","Ernakulam","555","Kerala","32"
5822,"Parakkadav","5970","Ernakulam","555","Kerala","32"
5823,"Paravur","5971","Ernakulam","555","Kerala","32"
5824,"Vadavucode","5972","Ernakulam","555","Kerala","32"
5825,"Vazhakkulam","5973","Ernakulam","555","Kerala","32"
5826,"Vypeen","5974","Ernakulam","555","Kerala","32"
5827,"Adimaly","5976","Idukki","556","Kerala","32"
5828,"Azhutha","5977","Idukki","556","Kerala","32"
5829,"Devikulam","5978","Idukki","556","Kerala","32"
5830,"Elemdesam","5979","Idukki","556","Kerala","32"
5831,"Idukki","5980","Idukki","556","Kerala","32"
5832,"Kattappana","5981","Idukki","556","Kerala","32"
5833,"Nedumkandom","5982","Idukki","556","Kerala","32"
5834,"Thodupuzha","5983","Idukki","556","Kerala","32"
5835,"Edakkad","5984","Kannur","557","Kerala","32"
5836,"Irikkur","5985","Kannur","557","Kerala","32"
5837,"Iritty","5986","Kannur","557","Kerala","32"
5838,"Kannur","5987","Kannur","557","Kerala","32"
5839,"Kuthuparamba","5988","Kannur","557","Kerala","32"
5840,"Payyannur","5989","Kannur","557","Kerala","32"
5841,"Peravoor","5990","Kannur","557","Kerala","32"
5842,"Taliparamba","5991","Kannur","557","Kerala","32"
5843,"Thalassery","5992","Kannur","557","Kerala","32"
5844,"Kanhangad","5993","Kasaragod","558","Kerala","32"
5845,"Kasargod","5994","Kasaragod","558","Kerala","32"
5846,"Manjeshwar","5995","Kasaragod","558","Kerala","32"
5847,"Nileshwar","5996","Kasaragod","558","Kerala","32"
5848,"Anchal","5997","Kollam","559","Kerala","32"
5849,"Chadayamangalam","5999","Kollam","559","Kerala","32"
5850,"Chavara","6000","Kollam","559","Kerala","32"
5851,"Chittumala","6001","Kollam","559","Kerala","32"
5852,"Ithikkara","6002","Kollam","559","Kerala","32"
5853,"Kottarakkara","6004","Kollam","559","Kerala","32"
5854,"Mukhathala","6005","Kollam","559","Kerala","32"
5855,"Oachira","6006","Kollam","559","Kerala","32"
5856,"Pathanapuram","6007","Kollam","559","Kerala","32"
5857,"Sasthamcottah","6008","Kollam","559","Kerala","32"
5858,"Vettikkavala","6009","Kollam","559","Kerala","32"
5859,"Erattupetta","6010","Kottayam","560","Kerala","32"
5860,"Ettumanoor","6011","Kottayam","560","Kerala","32"
5861,"Kaduthuruthy","6012","Kottayam","560","Kerala","32"
5862,"Kanjirappally","6013","Kottayam","560","Kerala","32"
5863,"Lalam","6014","Kottayam","560","Kerala","32"
5864,"Madappally","6015","Kottayam","560","Kerala","32"
5865,"Pallom","6016","Kottayam","560","Kerala","32"
5866,"Pampady","6017","Kottayam","560","Kerala","32"
5867,"Uzhavoor","6018","Kottayam","560","Kerala","32"
5868,"Vaikom","6019","Kottayam","560","Kerala","32"
5869,"Vazhoor","6020","Kottayam","560","Kerala","32"
5870,"Balusseri","6021","Kozhikode","561","Kerala","32"
5871,"Chelannur","6022","Kozhikode","561","Kerala","32"
5872,"Koduvally","6023","Kozhikode","561","Kerala","32"
5873,"Kozhikode","6024","Kozhikode","561","Kerala","32"
5874,"Kunnamangalam","6025","Kozhikode","561","Kerala","32"
5875,"Kunnummal","6026","Kozhikode","561","Kerala","32"
5876,"Melday","6027","Kozhikode","561","Kerala","32"
5877,"Panthalayani","6028","Kozhikode","561","Kerala","32"
5878,"Perambra","6029","Kozhikode","561","Kerala","32"
5879,"Thodannur","6030","Kozhikode","561","Kerala","32"
5880,"Thuneri","6031","Kozhikode","561","Kerala","32"
5881,"Vadakara","6032","Kozhikode","561","Kerala","32"
5882,"Areakode","6033","Malappuram","562","Kerala","32"
5883,"Kondotty","6034","Malappuram","562","Kerala","32"
5884,"Kuttippuram","6035","Malappuram","562","Kerala","32"
5885,"Malappuram","6036","Malappuram","562","Kerala","32"
5886,"Mankada","6037","Malappuram","562","Kerala","32"
5887,"Nilambur","6038","Malappuram","562","Kerala","32"
5888,"Perinthalmanna","6039","Malappuram","562","Kerala","32"
5889,"Perumpadappu","6040","Malappuram","562","Kerala","32"
5890,"Ponnani","6041","Malappuram","562","Kerala","32"
5891,"Tanur","6042","Malappuram","562","Kerala","32"
5892,"Tirur","6043","Malappuram","562","Kerala","32"
5893,"Tirurangadi","6044","Malappuram","562","Kerala","32"
5894,"Vengara","6045","Malappuram","562","Kerala","32"
5895,"Wandoor","6046","Malappuram","562","Kerala","32"
5896,"Alathur","6047","Palakkad","563","Kerala","32"
5897,"Attappadi","6048","Palakkad","563","Kerala","32"
5898,"Chittur","6049","Palakkad","563","Kerala","32"
5899,"Kollengode","6050","Palakkad","563","Kerala","32"
5900,"Kuzhalmannam","6051","Palakkad","563","Kerala","32"
5901,"Malampuzha","6052","Palakkad","563","Kerala","32"
5902,"Mannarkad","6053","Palakkad","563","Kerala","32"
5903,"Nemmara","6054","Palakkad","563","Kerala","32"
5904,"Ottappalam","6055","Palakkad","563","Kerala","32"
5905,"Palakkad","6056","Palakkad","563","Kerala","32"
5906,"Pattambi","6057","Palakkad","563","Kerala","32"
5907,"Sreekrishnapuram","6058","Palakkad","563","Kerala","32"
5908,"Trithala","6059","Palakkad","563","Kerala","32"
5909,"Elanthoor","6060","Pathanamthitta","564","Kerala","32"
5910,"Koipuram","6061","Pathanamthitta","564","Kerala","32"
5911,"Konni","6062","Pathanamthitta","564","Kerala","32"
5912,"Mallappally","6064","Pathanamthitta","564","Kerala","32"
5913,"Pandlam","6065","Pathanamthitta","564","Kerala","32"
5914,"Parakode","6066","Pathanamthitta","564","Kerala","32"
5915,"Pulikeezhu","6067","Pathanamthitta","564","Kerala","32"
5916,"Ranni","6068","Pathanamthitta","564","Kerala","32"
5917,"Athiyannoor","6069","Thiruvananthapuram","565","Kerala","32"
5918,"Chirayinkeezhu","6070","Thiruvananthapuram","565","Kerala","32"
5919,"Pothencode","6071","Thiruvananthapuram","565","Kerala","32"
5920,"Kilimanoor","6072","Thiruvananthapuram","565","Kerala","32"
5921,"Nedumangad","6073","Thiruvananthapuram","565","Kerala","32"
5922,"Nemom","6074","Thiruvananthapuram","565","Kerala","32"
5923,"Parassala","6075","Thiruvananthapuram","565","Kerala","32"
5924,"Perumkadavila","6076","Thiruvananthapuram","565","Kerala","32"
5925,"Vamanapuram","6078","Thiruvananthapuram","565","Kerala","32"
5926,"Varkala","6079","Thiruvananthapuram","565","Kerala","32"
5927,"Vellanad","6080","Thiruvananthapuram","565","Kerala","32"
5928,"Anthikkad","6081","Thrissur","566","Kerala","32"
5929,"Chalakkudy","6082","Thrissur","566","Kerala","32"
5930,"Chavakkad","6083","Thrissur","566","Kerala","32"
5931,"Cherpu","6084","Thrissur","566","Kerala","32"
5932,"Chowannur","6085","Thrissur","566","Kerala","32"
5933,"Irinjalakkuda","6086","Thrissur","566","Kerala","32"
5934,"Kodakara","6087","Thrissur","566","Kerala","32"
5935,"Mala","6089","Thrissur","566","Kerala","32"
5936,"Mathilakam","6090","Thrissur","566","Kerala","32"
5937,"Mullassery","6091","Thrissur","566","Kerala","32"
5938,"Ollukkara","6092","Thrissur","566","Kerala","32"
5939,"Pazhayannur","6093","Thrissur","566","Kerala","32"
5940,"Puzhakkal","6094","Thrissur","566","Kerala","32"
5941,"Thalikkulam","6095","Thrissur","566","Kerala","32"
5942,"Vellangallur","6096","Thrissur","566","Kerala","32"
5943,"Wadakkanchery","6097","Thrissur","566","Kerala","32"
5944,"Kalpetta","6098","Wayanad","567","Kerala","32"
5945,"Mananthavady","6099","Wayanad","567","Kerala","32"
5946,"Sulthan Bathery","6100","Wayanad","567","Kerala","32"
5947,"Anamalai","6101","Coimbatore","569","Tamil Nadu","33"
5948,"Annur","6102","Coimbatore","569","Tamil Nadu","33"
5949,"Avanashi","6103","Tiruppur","634","Tamil Nadu","33"
5950,"Gudimangalam","6104","Tiruppur","634","Tamil Nadu","33"
5951,"Karamadai","6105","Coimbatore","569","Tamil Nadu","33"
5952,"Kinathukadavu","6106","Coimbatore","569","Tamil Nadu","33"
5953,"Madathukulam","6107","Tiruppur","634","Tamil Nadu","33"
5954,"Madukkarai","6108","Coimbatore","569","Tamil Nadu","33"
5955,"Palladam","6109","Tiruppur","634","Tamil Nadu","33"
5956,"Periyanayakkanpalayam","6110","Coimbatore","569","Tamil Nadu","33"
5957,"Pollachi North","6111","Coimbatore","569","Tamil Nadu","33"
5958,"Pollachi South","6112","Coimbatore","569","Tamil Nadu","33"
5959,"Pongalur","6113","Tiruppur","634","Tamil Nadu","33"
5960,"Sarcarsamakulam","6114","Coimbatore","569","Tamil Nadu","33"
5961,"Sultanpet","6115","Coimbatore","569","Tamil Nadu","33"
5962,"Sulur","6116","Coimbatore","569","Tamil Nadu","33"
5963,"Thondamuthur","6117","Coimbatore","569","Tamil Nadu","33"
5964,"Tiruppur","6118","Tiruppur","634","Tamil Nadu","33"
5965,"Udumalpet","6119","Tiruppur","634","Tamil Nadu","33"
5966,"Annagramam","6120","Cuddalore","570","Tamil Nadu","33"
5967,"Cuddalore","6121","Cuddalore","570","Tamil Nadu","33"
5968,"Kammapuram","6122","Cuddalore","570","Tamil Nadu","33"
5969,"Kattumannarkoil","6123","Cuddalore","570","Tamil Nadu","33"
5970,"Keerapalayam","6124","Cuddalore","570","Tamil Nadu","33"
5971,"Komaratchi","6125","Cuddalore","570","Tamil Nadu","33"
5972,"Kurinjipadi","6126","Cuddalore","570","Tamil Nadu","33"
5973,"Mangalur","6127","Cuddalore","570","Tamil Nadu","33"
5974,"Melbhuvanagiri","6128","Cuddalore","570","Tamil Nadu","33"
5975,"Nallur","6129","Cuddalore","570","Tamil Nadu","33"
5976,"Panruti","6130","Cuddalore","570","Tamil Nadu","33"
5977,"Parangipettai","6131","Cuddalore","570","Tamil Nadu","33"
5978,"Vriddhachalam","6132","Cuddalore","570","Tamil Nadu","33"
5979,"Dharmapuri","6133","Dharmapuri","571","Tamil Nadu","33"
5980,"Harur","6134","Dharmapuri","571","Tamil Nadu","33"
5981,"Karimangalam","6135","Dharmapuri","571","Tamil Nadu","33"
5982,"Morappur","6136","Dharmapuri","571","Tamil Nadu","33"
5983,"Nallampalli","6137","Dharmapuri","571","Tamil Nadu","33"
5984,"Palakkodu","6138","Dharmapuri","571","Tamil Nadu","33"
5985,"Pappireddipatty","6139","Dharmapuri","571","Tamil Nadu","33"
5986,"Pennagaram","6140","Dharmapuri","571","Tamil Nadu","33"
5987,"Athoor","6141","Dindigul","572","Tamil Nadu","33"
5988,"Dindigul","6142","Dindigul","572","Tamil Nadu","33"
5989,"Guziliamparai","6143","Dindigul","572","Tamil Nadu","33"
5990,"Kodaikanal","6144","Dindigul","572","Tamil Nadu","33"
5991,"Nattam","6145","Dindigul","572","Tamil Nadu","33"
5992,"Nilakottai","6146","Dindigul","572","Tamil Nadu","33"
5993,"Oddanchatram","6147","Dindigul","572","Tamil Nadu","33"
5994,"Palani","6148","Dindigul","572","Tamil Nadu","33"
5995,"Reddiyarchatiram","6149","Dindigul","572","Tamil Nadu","33"
5996,"Shanarpatti","6150","Dindigul","572","Tamil Nadu","33"
5997,"Thoppampatti","6151","Dindigul","572","Tamil Nadu","33"
5998,"Vadamadurai","6152","Dindigul","572","Tamil Nadu","33"
5999,"Vattalkundu","6153","Dindigul","572","Tamil Nadu","33"
6000,"Vedasandur","6154","Dindigul","572","Tamil Nadu","33"
6001,"Ammapet","6155","Erode","573","Tamil Nadu","33"
6002,"Andiyur","6156","Erode","573","Tamil Nadu","33"
6003,"Bhavani","6157","Erode","573","Tamil Nadu","33"
6004,"Bhavanisagar","6158","Erode","573","Tamil Nadu","33"
6005,"Chennimalai","6159","Erode","573","Tamil Nadu","33"
6006,"Dharapuram","6160","Tiruppur","634","Tamil Nadu","33"
6007,"Erode","6161","Erode","573","Tamil Nadu","33"
6008,"Gopichettipalaiyam","6162","Erode","573","Tamil Nadu","33"
6009,"Kangayam","6163","Tiruppur","634","Tamil Nadu","33"
6010,"Kodumudi","6164","Erode","573","Tamil Nadu","33"
6011,"Kundadam","6165","Tiruppur","634","Tamil Nadu","33"
6012,"Modakurichi","6166","Erode","573","Tamil Nadu","33"
6013,"Mulanur","6167","Tiruppur","634","Tamil Nadu","33"
6014,"Nambiyur","6168","Erode","573","Tamil Nadu","33"
6015,"Perundurai","6169","Erode","573","Tamil Nadu","33"
6016,"Satyamangalam","6170","Erode","573","Tamil Nadu","33"
6017,"Talavadi","6171","Erode","573","Tamil Nadu","33"
6018,"Thoockanaickenpalaiyam","6172","Erode","573","Tamil Nadu","33"
6019,"Uttukkuli","6173","Tiruppur","634","Tamil Nadu","33"
6020,"Vellakoil","6174","Tiruppur","634","Tamil Nadu","33"
6021,"Acharapakkam","6175","Chengalpattu","730","Tamil Nadu","33"
6022,"Chithamur","6176","Chengalpattu","730","Tamil Nadu","33"
6023,"Kanchipuram","6177","Kanchipuram","574","Tamil Nadu","33"
6024,"Kattankolathur","6178","Chengalpattu","730","Tamil Nadu","33"
6025,"Kunnattur","6179","Kanchipuram","574","Tamil Nadu","33"
6026,"Lathur","6180","Chengalpattu","730","Tamil Nadu","33"
6027,"Madurantakam","6181","Chengalpattu","730","Tamil Nadu","33"
6028,"Sriperumbudur","6182","Kanchipuram","574","Tamil Nadu","33"
6029,"St.thomas Mount","6183","Chengalpattu","730","Tamil Nadu","33"
6030,"Thiruporur","6184","Chengalpattu","730","Tamil Nadu","33"
6031,"Tirukkalukunram","6185","Chengalpattu","730","Tamil Nadu","33"
6032,"Uttiramerur","6186","Kanchipuram","574","Tamil Nadu","33"
6033,"Walajabad","6187","Kanchipuram","574","Tamil Nadu","33"
6034,"Agastiswaram","6188","Kanniyakumari","575","Tamil Nadu","33"
6035,"Killiyoor","6189","Kanniyakumari","575","Tamil Nadu","33"
6036,"Kurunthancode","6190","Kanniyakumari","575","Tamil Nadu","33"
6037,"Melpuram","6191","Kanniyakumari","575","Tamil Nadu","33"
6038,"Munchira","6192","Kanniyakumari","575","Tamil Nadu","33"
6039,"Rajakkamangalam","6193","Kanniyakumari","575","Tamil Nadu","33"
6040,"Thackalai","6194","Kanniyakumari","575","Tamil Nadu","33"
6041,"Thiruvattar","6195","Kanniyakumari","575","Tamil Nadu","33"
6042,"Thovala","6196","Kanniyakumari","575","Tamil Nadu","33"
6043,"Aravakurichi","6197","Karur","576","Tamil Nadu","33"
6044,"K.paramathy","6198","Karur","576","Tamil Nadu","33"
6045,"Kadavur","6199","Karur","576","Tamil Nadu","33"
6046,"Karur","6200","Karur","576","Tamil Nadu","33"
6047,"Krishnarayapuram","6201","Karur","576","Tamil Nadu","33"
6048,"Kulittalai","6202","Karur","576","Tamil Nadu","33"
6049,"Thanthoni","6203","Karur","576","Tamil Nadu","33"
6050,"Thogaimalai","6204","Karur","576","Tamil Nadu","33"
6051,"Bargur","6205","Krishnagiri","577","Tamil Nadu","33"
6052,"Hosur","6206","Krishnagiri","577","Tamil Nadu","33"
6053,"Kaveripattinam","6207","Krishnagiri","577","Tamil Nadu","33"
6054,"Kelamangalam","6208","Krishnagiri","577","Tamil Nadu","33"
6055,"Krishnagiri","6209","Krishnagiri","577","Tamil Nadu","33"
6056,"Mathur","6210","Krishnagiri","577","Tamil Nadu","33"
6057,"Shoolagiri","6211","Krishnagiri","577","Tamil Nadu","33"
6058,"Thally","6212","Krishnagiri","577","Tamil Nadu","33"
6059,"Uthangarai","6213","Krishnagiri","577","Tamil Nadu","33"
6060,"Veppanapalli","6214","Krishnagiri","577","Tamil Nadu","33"
6061,"Alanganallur","6215","Madurai","578","Tamil Nadu","33"
6062,"Chellampatti","6216","Madurai","578","Tamil Nadu","33"
6063,"Kallikudi","6217","Madurai","578","Tamil Nadu","33"
6064,"Kottampatti","6218","Madurai","578","Tamil Nadu","33"
6065,"Madurai East","6219","Madurai","578","Tamil Nadu","33"
6066,"Madurai West","6220","Madurai","578","Tamil Nadu","33"
6067,"Melur","6221","Madurai","578","Tamil Nadu","33"
6068,"Sedapatti","6222","Madurai","578","Tamil Nadu","33"
6069,"T.kallupatti","6223","Madurai","578","Tamil Nadu","33"
6070,"Tirumangalam","6224","Madurai","578","Tamil Nadu","33"
6071,"Tirupparangunram","6225","Madurai","578","Tamil Nadu","33"
6072,"Usilampatti","6226","Madurai","578","Tamil Nadu","33"
6073,"Vadipatti","6227","Madurai","578","Tamil Nadu","33"
6074,"Keelaiyur","6228","Nagapattinam","579","Tamil Nadu","33"
6075,"Kilvelur","6229","Nagapattinam","579","Tamil Nadu","33"
6076,"Kollidam","6230","Mayiladuthurai","735","Tamil Nadu","33"
6077,"Kuttalam","6231","Mayiladuthurai","735","Tamil Nadu","33"
6078,"Mayiladuthurai","6232","Mayiladuthurai","735","Tamil Nadu","33"
6079,"Nagappattinam","6233","Nagapattinam","579","Tamil Nadu","33"
6080,"Sembanar Koil","6234","Mayiladuthurai","735","Tamil Nadu","33"
6081,"Sirkazhi","6235","Mayiladuthurai","735","Tamil Nadu","33"
6082,"Thalanayar","6236","Nagapattinam","579","Tamil Nadu","33"
6083,"Thirumarugal","6237","Nagapattinam","579","Tamil Nadu","33"
6084,"Vedaranyam","6238","Nagapattinam","579","Tamil Nadu","33"
6085,"Elacipalayam","6239","Namakkal","580","Tamil Nadu","33"
6086,"Erumapatty","6240","Namakkal","580","Tamil Nadu","33"
6087,"Kabilamalai","6241","Namakkal","580","Tamil Nadu","33"
6088,"Kolli Hills","6242","Namakkal","580","Tamil Nadu","33"
6089,"Mallasamudram","6243","Namakkal","580","Tamil Nadu","33"
6090,"Mohanur","6244","Namakkal","580","Tamil Nadu","33"
6091,"Namagiripet","6245","Namakkal","580","Tamil Nadu","33"
6092,"Namakkal","6246","Namakkal","580","Tamil Nadu","33"
6093,"Pallipalayam","6247","Namakkal","580","Tamil Nadu","33"
6094,"Paramathy","6248","Namakkal","580","Tamil Nadu","33"
6095,"Puduchatram","6249","Namakkal","580","Tamil Nadu","33"
6096,"Rasipuram","6250","Namakkal","580","Tamil Nadu","33"
6097,"Sendamangalam","6251","Namakkal","580","Tamil Nadu","33"
6098,"Tiruchengodu","6252","Namakkal","580","Tamil Nadu","33"
6099,"Vennandur","6253","Namakkal","580","Tamil Nadu","33"
6100,"Alathur","6254","Perambalur","581","Tamil Nadu","33"
6101,"Andimadam","6255","Ariyalur","610","Tamil Nadu","33"
6102,"Ariyalur","6256","Ariyalur","610","Tamil Nadu","33"
6103,"Jayamkondam","6257","Ariyalur","610","Tamil Nadu","33"
6104,"Perambalur","6258","Perambalur","581","Tamil Nadu","33"
6105,"Sendurai","6259","Ariyalur","610","Tamil Nadu","33"
6106,"T. Palur","6260","Ariyalur","610","Tamil Nadu","33"
6107,"Thirumanur","6261","Ariyalur","610","Tamil Nadu","33"
6108,"Veppanthattai","6262","Perambalur","581","Tamil Nadu","33"
6109,"Veppur","6263","Perambalur","581","Tamil Nadu","33"
6110,"Annavasal","6264","Pudukkottai","582","Tamil Nadu","33"
6111,"Arantangi","6265","Pudukkottai","582","Tamil Nadu","33"
6112,"Arimalam","6266","Pudukkottai","582","Tamil Nadu","33"
6113,"Avadaiyarkovil","6267","Pudukkottai","582","Tamil Nadu","33"
6114,"Gandaravakottai","6268","Pudukkottai","582","Tamil Nadu","33"
6115,"Karambakudi","6269","Pudukkottai","582","Tamil Nadu","33"
6116,"Kunnandarkoil","6270","Pudukkottai","582","Tamil Nadu","33"
6117,"Manalmelkudi","6271","Pudukkottai","582","Tamil Nadu","33"
6118,"Ponnamaravati","6272","Pudukkottai","582","Tamil Nadu","33"
6119,"Pudukkottai","6273","Pudukkottai","582","Tamil Nadu","33"
6120,"Thiruvarankulam","6274","Pudukkottai","582","Tamil Nadu","33"
6121,"Tirumayam","6275","Pudukkottai","582","Tamil Nadu","33"
6122,"Viralimalai","6276","Pudukkottai","582","Tamil Nadu","33"
6123,"Bogalur","6277","Ramanathapuram","583","Tamil Nadu","33"
6124,"Kadaladi","6278","Ramanathapuram","583","Tamil Nadu","33"
6125,"Kamudi","6279","Ramanathapuram","583","Tamil Nadu","33"
6126,"Mandapam","6280","Ramanathapuram","583","Tamil Nadu","33"
6127,"Mudukulathur","6281","Ramanathapuram","583","Tamil Nadu","33"
6128,"Nainarkoil","6282","Ramanathapuram","583","Tamil Nadu","33"
6129,"Paramakkudi","6283","Ramanathapuram","583","Tamil Nadu","33"
6130,"Rajasingamangalam","6284","Ramanathapuram","583","Tamil Nadu","33"
6131,"Ramanathapuram","6285","Ramanathapuram","583","Tamil Nadu","33"
6132,"Tiruppullani","6286","Ramanathapuram","583","Tamil Nadu","33"
6133,"Tiruvadanai","6287","Ramanathapuram","583","Tamil Nadu","33"
6134,"Attur","6288","Salem","584","Tamil Nadu","33"
6135,"Ayodhiyapattinam","6289","Salem","584","Tamil Nadu","33"
6136,"Gangavalli","6290","Salem","584","Tamil Nadu","33"
6137,"Idappadi","6291","Salem","584","Tamil Nadu","33"
6138,"Kadaiyampatty","6292","Salem","584","Tamil Nadu","33"
6139,"Kolathur","6293","Salem","584","Tamil Nadu","33"
6140,"Konganapuram","6294","Salem","584","Tamil Nadu","33"
6141,"Macdonalds Choultry","6295","Salem","584","Tamil Nadu","33"
6142,"Mecheri","6296","Salem","584","Tamil Nadu","33"
6143,"Nangavalli","6297","Salem","584","Tamil Nadu","33"
6144,"Omalur","6298","Salem","584","Tamil Nadu","33"
6145,"Panamarathupatti","6299","Salem","584","Tamil Nadu","33"
6146,"Peddanaickenpalayam","6300","Salem","584","Tamil Nadu","33"
6147,"Salem","6301","Salem","584","Tamil Nadu","33"
6148,"Sankari","6302","Salem","584","Tamil Nadu","33"
6149,"Talavasal","6303","Salem","584","Tamil Nadu","33"
6150,"Taramangalam","6304","Salem","584","Tamil Nadu","33"
6151,"Valapady","6305","Salem","584","Tamil Nadu","33"
6152,"Veerapandi","6306","Salem","584","Tamil Nadu","33"
6153,"Yercaud","6307","Salem","584","Tamil Nadu","33"
6154,"Devakottai","6308","Sivaganga","585","Tamil Nadu","33"
6155,"Ilayankudi","6309","Sivaganga","585","Tamil Nadu","33"
6156,"Kalaiyarkoil","6310","Sivaganga","585","Tamil Nadu","33"
6157,"Kallal","6311","Sivaganga","585","Tamil Nadu","33"
6158,"Kannankudi","6312","Sivaganga","585","Tamil Nadu","33"
6159,"Manamadurai","6313","Sivaganga","585","Tamil Nadu","33"
6160,"S. Pudur","6314","Sivaganga","585","Tamil Nadu","33"
6161,"Sakkottai","6315","Sivaganga","585","Tamil Nadu","33"
6162,"Singampunari","6316","Sivaganga","585","Tamil Nadu","33"
6163,"Sivaganga","6317","Sivaganga","585","Tamil Nadu","33"
6164,"Tiruppathur","6318","Sivaganga","585","Tamil Nadu","33"
6165,"Tiruppuvanam","6319","Sivaganga","585","Tamil Nadu","33"
6166,"Ammapettai","6320","Thanjavur","586","Tamil Nadu","33"
6167,"Budalur","6321","Thanjavur","586","Tamil Nadu","33"
6168,"Kumbakonam","6322","Thanjavur","586","Tamil Nadu","33"
6169,"Madukkur","6323","Thanjavur","586","Tamil Nadu","33"
6170,"Orattanadu","6324","Thanjavur","586","Tamil Nadu","33"
6171,"Papanasam","6325","Thanjavur","586","Tamil Nadu","33"
6172,"Pattukkottai","6326","Thanjavur","586","Tamil Nadu","33"
6173,"Peravurani","6327","Thanjavur","586","Tamil Nadu","33"
6174,"Sethubhavachatram","6328","Thanjavur","586","Tamil Nadu","33"
6175,"Thanjavur","6329","Thanjavur","586","Tamil Nadu","33"
6176,"Thiruppanandal","6330","Thanjavur","586","Tamil Nadu","33"
6177,"Thiruvaiyaru","6331","Thanjavur","586","Tamil Nadu","33"
6178,"Thiruvonam","6332","Thanjavur","586","Tamil Nadu","33"
6179,"Tiruvidaimarudur","6333","Thanjavur","586","Tamil Nadu","33"
6180,"Coonoor","6334","The Nilgiris","587","Tamil Nadu","33"
6181,"Gudalur","6335","The Nilgiris","587","Tamil Nadu","33"
6182,"Kotagiri","6336","The Nilgiris","587","Tamil Nadu","33"
6183,"Udhagamandalam","6337","The Nilgiris","587","Tamil Nadu","33"
6184,"Andipatti","6338","Theni","588","Tamil Nadu","33"
6185,"Bodinayakkanur","6339","Theni","588","Tamil Nadu","33"
6186,"Chinnamanur","6340","Theni","588","Tamil Nadu","33"
6187,"Kadamalaikundru Myladumparai","6341","Theni","588","Tamil Nadu","33"
6188,"Kambam","6342","Theni","588","Tamil Nadu","33"
6189,"Periyakulam","6343","Theni","588","Tamil Nadu","33"
6190,"Theni","6344","Theni","588","Tamil Nadu","33"
6191,"Uttamapalaiyam","6345","Theni","588","Tamil Nadu","33"
6192,"Ellapuram","6346","Thiruvallur","589","Tamil Nadu","33"
6193,"Gummidipundi","6347","Thiruvallur","589","Tamil Nadu","33"
6194,"Kadambathur","6348","Thiruvallur","589","Tamil Nadu","33"
6195,"Minjur","6349","Thiruvallur","589","Tamil Nadu","33"
6196,"Pallipattu","6350","Thiruvallur","589","Tamil Nadu","33"
6197,"Poonamallee","6351","Thiruvallur","589","Tamil Nadu","33"
6198,"Poondi","6352","Thiruvallur","589","Tamil Nadu","33"
6199,"Puzhal","6353","Thiruvallur","589","Tamil Nadu","33"
6200,"R.k.pet","6354","Thiruvallur","589","Tamil Nadu","33"
6201,"Sholavaram","6355","Thiruvallur","589","Tamil Nadu","33"
6202,"Tiruttani","6356","Thiruvallur","589","Tamil Nadu","33"
6203,"Tiruvallur","6357","Thiruvallur","589","Tamil Nadu","33"
6204,"Tiruvelangadu","6358","Thiruvallur","589","Tamil Nadu","33"
6205,"Villivakkam","6359","Thiruvallur","589","Tamil Nadu","33"
6206,"Kodavasal","6360","Thiruvarur","590","Tamil Nadu","33"
6207,"Koradacherry","6361","Thiruvarur","590","Tamil Nadu","33"
6208,"Kottur","6362","Thiruvarur","590","Tamil Nadu","33"
6209,"Mannargudi","6363","Thiruvarur","590","Tamil Nadu","33"
6210,"Muthupettai","6364","Thiruvarur","590","Tamil Nadu","33"
6211,"Nannilam","6365","Thiruvarur","590","Tamil Nadu","33"
6212,"Nidamangalam","6366","Thiruvarur","590","Tamil Nadu","33"
6213,"Thiruvarur","6367","Thiruvarur","590","Tamil Nadu","33"
6214,"Tirutturaippundi","6368","Thiruvarur","590","Tamil Nadu","33"
6215,"Valangaiman","6369","Thiruvarur","590","Tamil Nadu","33"
6216,"Andanallur","6370","Tiruchirappalli","591","Tamil Nadu","33"
6217,"Lalgudi","6371","Tiruchirappalli","591","Tamil Nadu","33"
6218,"Manachanellur","6372","Tiruchirappalli","591","Tamil Nadu","33"
6219,"Manapparai","6373","Tiruchirappalli","591","Tamil Nadu","33"
6220,"Manikandam","6374","Tiruchirappalli","591","Tamil Nadu","33"
6221,"Marungapuri","6375","Tiruchirappalli","591","Tamil Nadu","33"
6222,"Musiri","6376","Tiruchirappalli","591","Tamil Nadu","33"
6223,"Pullambadi","6377","Tiruchirappalli","591","Tamil Nadu","33"
6224,"Tattayyangarpettai","6378","Tiruchirappalli","591","Tamil Nadu","33"
6225,"Thiruverambur","6379","Tiruchirappalli","591","Tamil Nadu","33"
6226,"Thottiam","6380","Tiruchirappalli","591","Tamil Nadu","33"
6227,"Turaiyur","6381","Tiruchirappalli","591","Tamil Nadu","33"
6228,"Uppiliapuram","6382","Tiruchirappalli","591","Tamil Nadu","33"
6229,"Vaiyampatti","6383","Tiruchirappalli","591","Tamil Nadu","33"
6230,"Alangulam","6384","Tenkasi","733","Tamil Nadu","33"
6231,"Ambasamudram","6385","Tirunelveli","592","Tamil Nadu","33"
6232,"Cheranmahadevi","6386","Tirunelveli","592","Tamil Nadu","33"
6233,"Kadaiyanallur","6387","Tenkasi","733","Tamil Nadu","33"
6234,"Kadayam","6388","Tenkasi","733","Tamil Nadu","33"
6235,"Kalakadu","6389","Tirunelveli","592","Tamil Nadu","33"
6236,"Keelapavoor","6390","Tenkasi","733","Tamil Nadu","33"
6237,"Kuruvikulam","6391","Tenkasi","733","Tamil Nadu","33"
6238,"Manur","6392","Tirunelveli","592","Tamil Nadu","33"
6239,"Melaneelithanallur","6393","Tenkasi","733","Tamil Nadu","33"
6240,"Nanguneri","6394","Tirunelveli","592","Tamil Nadu","33"
6241,"Palayamkottai","6395","Tirunelveli","592","Tamil Nadu","33"
6242,"Pappakudi","6396","Tirunelveli","592","Tamil Nadu","33"
6243,"Radhapuram","6397","Tirunelveli","592","Tamil Nadu","33"
6244,"Sankarankovil","6398","Tenkasi","733","Tamil Nadu","33"
6245,"Shencottah","6399","Tenkasi","733","Tamil Nadu","33"
6246,"Tenkasi","6400","Tenkasi","733","Tamil Nadu","33"
6247,"Valliyoor","6401","Tirunelveli","592","Tamil Nadu","33"
6248,"Vasudevanallur","6402","Tenkasi","733","Tamil Nadu","33"
6249,"Anakkavur","6403","Tiruvannamalai","593","Tamil Nadu","33"
6250,"Arani","6404","Tiruvannamalai","593","Tamil Nadu","33"
6251,"Chengam","6405","Tiruvannamalai","593","Tamil Nadu","33"
6252,"Chetput","6406","Tiruvannamalai","593","Tamil Nadu","33"
6253,"Cheyyar","6407","Tiruvannamalai","593","Tamil Nadu","33"
6254,"Jawathu Hills","6408","Tiruvannamalai","593","Tamil Nadu","33"
6255,"Kalasapakkam","6409","Tiruvannamalai","593","Tamil Nadu","33"
6256,"Keelpennathur","6410","Tiruvannamalai","593","Tamil Nadu","33"
6257,"Pernamallur","6411","Tiruvannamalai","593","Tamil Nadu","33"
6258,"Polur","6412","Tiruvannamalai","593","Tamil Nadu","33"
6259,"Pudupalayam","6413","Tiruvannamalai","593","Tamil Nadu","33"
6260,"Thandrampet","6414","Tiruvannamalai","593","Tamil Nadu","33"
6261,"Thellar","6415","Tiruvannamalai","593","Tamil Nadu","33"
6262,"Thurinjapuram","6416","Tiruvannamalai","593","Tamil Nadu","33"
6263,"Tiruvannamalai","6417","Tiruvannamalai","593","Tamil Nadu","33"
6264,"Vandavasi","6418","Tiruvannamalai","593","Tamil Nadu","33"
6265,"Vembakkam","6419","Tiruvannamalai","593","Tamil Nadu","33"
6266,"West Arani","6420","Tiruvannamalai","593","Tamil Nadu","33"
6267,"Alwarthirunagari","6421","Tuticorin","594","Tamil Nadu","33"
6268,"Karungulam","6422","Tuticorin","594","Tamil Nadu","33"
6269,"Kayathar","6423","Tuticorin","594","Tamil Nadu","33"
6270,"Kovilpatti","6424","Tuticorin","594","Tamil Nadu","33"
6271,"Ottapidaram","6425","Tuticorin","594","Tamil Nadu","33"
6272,"Pudur","6426","Tuticorin","594","Tamil Nadu","33"
6273,"Sattankulam","6427","Tuticorin","594","Tamil Nadu","33"
6274,"Srivaikundam","6428","Tuticorin","594","Tamil Nadu","33"
6275,"Thoothukkudi","6429","Tuticorin","594","Tamil Nadu","33"
6276,"Tiruchendur","6430","Tuticorin","594","Tamil Nadu","33"
6277,"Udangudi","6431","Tuticorin","594","Tamil Nadu","33"
6278,"Vilathikulam","6432","Tuticorin","594","Tamil Nadu","33"
6279,"Alangayan","6433","Tirupathur","732","Tamil Nadu","33"
6280,"Anaicut","6434","Vellore","595","Tamil Nadu","33"
6281,"Arakkonam","6435","Ranipet","731","Tamil Nadu","33"
6282,"Arcot","6436","Ranipet","731","Tamil Nadu","33"
6283,"Gudiyattam","6437","Vellore","595","Tamil Nadu","33"
6284,"Jolarpet","6438","Tirupathur","732","Tamil Nadu","33"
6285,"K.v.kuppam","6439","Vellore","595","Tamil Nadu","33"
6286,"Kandili","6440","Tirupathur","732","Tamil Nadu","33"
6287,"Kaniyambadi","6441","Vellore","595","Tamil Nadu","33"
6288,"Katpadi","6442","Vellore","595","Tamil Nadu","33"
6289,"Kaveripakkam","6443","Ranipet","731","Tamil Nadu","33"
6290,"Madhanur","6444","Tirupathur","732","Tamil Nadu","33"
6291,"Natrampalli","6445","Tirupathur","732","Tamil Nadu","33"
6292,"Nemili","6446","Ranipet","731","Tamil Nadu","33"
6293,"Peranambattu","6447","Vellore","595","Tamil Nadu","33"
6294,"Sholinghur","6448","Ranipet","731","Tamil Nadu","33"
6295,"Timiri","6449","Ranipet","731","Tamil Nadu","33"
6296,"Tiruppattur","6450","Tirupathur","732","Tamil Nadu","33"
6297,"Vellore","6451","Vellore","595","Tamil Nadu","33"
6298,"Walajapet","6452","Ranipet","731","Tamil Nadu","33"
6299,"Chinnasalem","6453","Kallakurichi","729","Tamil Nadu","33"
6300,"Gingee","6454","Villupuram","596","Tamil Nadu","33"
6301,"Kallakkurichi","6455","Kallakurichi","729","Tamil Nadu","33"
6302,"Kalrayanhills","6456","Kallakurichi","729","Tamil Nadu","33"
6303,"Kanai","6457","Villupuram","596","Tamil Nadu","33"
6304,"Kandamangalam","6458","Villupuram","596","Tamil Nadu","33"
6305,"Koliyanur","6459","Villupuram","596","Tamil Nadu","33"
6306,"Mailam","6460","Villupuram","596","Tamil Nadu","33"
6307,"Marakkanam","6461","Villupuram","596","Tamil Nadu","33"
6308,"Melmalayanur","6462","Villupuram","596","Tamil Nadu","33"
6309,"Mugaiyur","6463","Villupuram","596","Tamil Nadu","33"
6310,"Olakkur","6464","Villupuram","596","Tamil Nadu","33"
6311,"Rishivandiam","6465","Kallakurichi","729","Tamil Nadu","33"
6312,"Sankarapuram","6466","Kallakurichi","729","Tamil Nadu","33"
6313,"Thiagadurgam","6467","Kallakurichi","729","Tamil Nadu","33"
6314,"Thiruvennainallur","6468","Villupuram","596","Tamil Nadu","33"
6315,"Tirukkoyilur","6469","Kallakurichi","729","Tamil Nadu","33"
6316,"Tirunavalur","6470","Kallakurichi","729","Tamil Nadu","33"
6317,"Ulundurpet","6471","Kallakurichi","729","Tamil Nadu","33"
6318,"Vallam","6472","Villupuram","596","Tamil Nadu","33"
6319,"Vanur","6473","Villupuram","596","Tamil Nadu","33"
6320,"Vikravandi","6474","Villupuram","596","Tamil Nadu","33"
6321,"Aruppukottai","6475","Virudhunagar","597","Tamil Nadu","33"
6322,"Kariapatti","6476","Virudhunagar","597","Tamil Nadu","33"
6323,"Narikudi","6477","Virudhunagar","597","Tamil Nadu","33"
6324,"Rajapalaiyam","6478","Virudhunagar","597","Tamil Nadu","33"
6325,"Sattur","6479","Virudhunagar","597","Tamil Nadu","33"
6326,"Sivakasi","6480","Virudhunagar","597","Tamil Nadu","33"
6327,"Srivilliputtur","6481","Virudhunagar","597","Tamil Nadu","33"
6328,"Tiruchuli","6482","Virudhunagar","597","Tamil Nadu","33"
6329,"Vembakottai","6483","Virudhunagar","597","Tamil Nadu","33"
6330,"Virudhunagar","6484","Virudhunagar","597","Tamil Nadu","33"
6331,"Watrap","6485","Virudhunagar","597","Tamil Nadu","33"
6332,"Karaikal","6486","Karaikal","598","Puducherry","34"
6333,"Mahe","6487","Mahe","599","Puducherry","34"
6334,"Ariankuppam","6488","Pondicherry","600","Puducherry","34"
6335,"Ozhukarai","6489","Pondicherry","600","Puducherry","34"
6336,"Villianur","6490","Pondicherry","600","Puducherry","34"
6337,"Yanam","6491","Yanam","601","Puducherry","34"
6338,"Diglipur","6492","North and Middle Andaman","632","Andaman and Nicobar Islands","35"
6339,"Ferrargunj","6493","South Andamans","602","Andaman and Nicobar Islands","35"
6340,"Little Andaman","6494","South Andamans","602","Andaman and Nicobar Islands","35"
6341,"Mayabunder","6495","North and Middle Andaman","632","Andaman and Nicobar Islands","35"
6342,"Prothrapur","6496","South Andamans","602","Andaman and Nicobar Islands","35"
6343,"Rangat","6497","North and Middle Andaman","632","Andaman and Nicobar Islands","35"
6344,"Campbell Bay","6498","Nicobars","603","Andaman and Nicobar Islands","35"
6345,"Car Nicobar","6499","Nicobars","603","Andaman and Nicobar Islands","35"
6346,"Nancowrie","6500","Nicobars","603","Andaman and Nicobar Islands","35"
6347,"Routhulapudi","6501","Kakinada","746","Andhra Pradesh","28"
6348,"Rajahmundry Urban","6502","East Godavari","505","Andhra Pradesh","28"
6349,"Kakinada Urban","6503","Kakinada","746","Andhra Pradesh","28"
6350,"Dharamshala","6504","Kangra","18","Himachal Pradesh","2"
6351,"Arwal","6505","Arwal","611","Bihar","10"
6352,"Kaler","6506","Arwal","611","Bihar","10"
6353,"Kapri","6507","Arwal","611","Bihar","10"
6354,"Sonbhadra-bansi-surajpur","6508","Arwal","611","Bihar","10"
6355,"Kurtha","6509","Arwal","611","Bihar","10"
6356,"Suruhoto","6510","Zunheboto","251","Nagaland","13"
6357,"Kiphire","6511","Kiphire","614","Nagaland","13"
6358,"Pungro","6512","Kiphire","614","Nagaland","13"
6359,"Sitimi","6513","Kiphire","614","Nagaland","13"
6360,"Longleng","6514","Longleng","615","Nagaland","13"
6361,"Tamlu","6515","Longleng","615","Nagaland","13"
6362,"Serchhip","6516","Serchhip","268","Mizoram","15"
6363,"East Lungdar","6519","Serchhip","268","Mizoram","15"
6364,"Champhai","6520","Champhai","262","Mizoram","15"
6365,"Bilkhawthlir","6521","Kolasib","263","Mizoram","15"
6366,"Passingdang","6522","Mangan","226","Sikkim","11"
6367,"Kabi Tingda","6523","Mangan","226","Sikkim","11"
6368,"Temi","6524","Namchi","227","Sikkim","11"
6369,"Wok","6525","Namchi","227","Sikkim","11"
6370,"Yangang","6526","Namchi","227","Sikkim","11"
6371,"Sumbuk","6527","Namchi","227","Sikkim","11"
6372,"Yuksom","6528","Gyalshing","228","Sikkim","11"
6373,"Dentam","6529","Gyalshing","228","Sikkim","11"
6374,"Kaluk","6530","Soreng","742","Sikkim","11"
6375,"Daramdin","6531","Soreng","742","Sikkim","11"
6376,"Khamdong","6532","Gangtok","225","Sikkim","11"
6377,"Duga","6533","Pakyong","741","Sikkim","11"
6378,"Rakdong Tintek","6534","Gangtok","225","Sikkim","11"
6379,"Ranka","6535","Gangtok","225","Sikkim","11"
6380,"Rhenock","6536","Pakyong","741","Sikkim","11"
6381,"Reghu","6537","Pakyong","741","Sikkim","11"
6382,"Nankhari","6538","Shimla","23","Himachal Pradesh","2"
6383,"Thana Mandi","6539","Rajouri","12","Jammu and Kashmir","1"
6384,"Gm Pora (trespone)","6540","Kargil","6","Ladakh","37"
6385,"Lungnak","6541","Kargil","6","Ladakh","37"
6386,"Saspol","6542","Leh Ladakh","9","Ladakh","37"
6387,"Chuchot","6543","Leh Ladakh","9","Ladakh","37"
6388,"Panamic","6544","Leh Ladakh","9","Ladakh","37"
6389,"Tulail","6545","Bandipora","623","Jammu and Kashmir","1"
6390,"Wakoora","6546","Ganderbal","626","Jammu and Kashmir","1"
6391,"Odalguri","6548","Udalguri","617","Assam","18"
6392,"Bhergaon","6549","Udalguri","617","Assam","18"
6393,"Mazbat","6550","Udalguri","617","Assam","18"
6394,"Rowta","6551","Udalguri","617","Assam","18"
6395,"Kalaigaon","6552","Udalguri","617","Assam","18"
6396,"Borsola","6554","Udalguri","617","Assam","18"
6397,"Bechimari","6555","Udalguri","617","Assam","18"
6398,"Dalgaon-sialmari","6556","Udalguri","617","Assam","18"
6399,"Pub-mangaldai","6557","Udalguri","617","Assam","18"
6400,"Paschim-mangaldai","6558","Udalguri","617","Assam","18"
6401,"Hatidhura","6559","Dhubri","285","Assam","18"
6402,"Rani (pt)","6560","Kamrup Metro","618","Assam","18"
6403,"Bezera (pt)","6561","Kamrup Metro","618","Assam","18"
6404,"Martam","6562","Gangtok","225","Sikkim","11"
6405,"Jorethang","6563","Namchi","227","Sikkim","11"
6406,"Namthang","6564","Namchi","227","Sikkim","11"
6407,"Henglep","6565","Churachandpur","254","Manipur","14"
6408,"Chapor-salkocha-btc","6566","Kokrajhar","294","Assam","18"
6409,"Bilashipara-btc","6567","Kokrajhar","294","Assam","18"
6410,"Mahamaya-btc","6568","Kokrajhar","294","Assam","18"
6411,"Golakganj-btc","6569","Kokrajhar","294","Assam","18"
6412,"Rupshi-btc","6570","Kokrajhar","294","Assam","18"
6413,"Lamka","6571","Churachandpur","254","Manipur","14"
6414,"Saikot","6572","Churachandpur","254","Manipur","14"
6415,"Samulamlan","6573","Churachandpur","254","Manipur","14"
6416,"Sangaikot","6574","Churachandpur","254","Manipur","14"
6417,"Singngat","6575","Churachandpur","254","Manipur","14"
6418,"Thanlon","6576","Pherzawl","715","Manipur","14"
6419,"Tuibong","6578","Churachandpur","254","Manipur","14"
6420,"Khengjoy","6580","Chandel","253","Manipur","14"
6421,"Khoupum","6581","Noney","714","Manipur","14"
6422,"Debitola-btc","6595","Kokrajhar","294","Assam","18"
6423,"Chhoti Sarwan","6606","Banswara","88","Rajasthan","8"
6424,"Lungchong Meiphai","6607","Ukhrul","260","Manipur","14"
6425,"Hatgamharia","6608","West Singhbhum","343","Jharkhand","20"
6426,"Anandpur","6609","West Singhbhum","343","Jharkhand","20"
6427,"Gudri","6610","West Singhbhum","343","Jharkhand","20"
6428,"Pakartanr","6611","Simdega","342","Jharkhand","20"
6429,"Kersai","6612","Simdega","342","Jharkhand","20"
6430,"Bansjore","6613","Simdega","342","Jharkhand","20"
6431,"Pilibanga","6614","Hanumangarh","101","Rajasthan","8"
6432,"Sangaria","6615","Hanumangarh","101","Rajasthan","8"
6433,"Tibbi","6616","Hanumangarh","101","Rajasthan","8"
6434,"Rawatsar","6617","Hanumangarh","101","Rajasthan","8"
6435,"Lasadiya","6620","Udaipur","117","Rajasthan","8"
6436,"Attari","6621","Amritsar","27","Punjab","3"
6437,"Sonaraithari","6623","Deoghar","324","Jharkhand","20"
6438,"Margomunda","6624","Deoghar","324","Jharkhand","20"
6439,"Albert Ekka","6625","Gumla","331","Jharkhand","20"
6440,"Chandrapura","6626","Bokaro","322","Jharkhand","20"
6441,"Ketar","6627","Garhwa","328","Jharkhand","20"
6442,"Danda","6628","Garhwa","328","Jharkhand","20"
6443,"Bishunpura","6629","Garhwa","328","Jharkhand","20"
6444,"Bardiha","6630","Garhwa","328","Jharkhand","20"
6445,"Sagma","6631","Garhwa","328","Jharkhand","20"
6446,"Boram","6632","East Singhbum","327","Jharkhand","20"
6447,"Gurabanda","6633","East Singhbum","327","Jharkhand","20"
6448,"Bariyatu","6634","Latehar","335","Jharkhand","20"
6449,"Herhanj","6635","Latehar","335","Jharkhand","20"
6450,"Nagri","6636","Ranchi","339","Jharkhand","20"
6451,"Itki","6637","Ranchi","339","Jharkhand","20"
6452,"Rahe","6638","Ranchi","339","Jharkhand","20"
6453,"Khelari","6639","Ranchi","339","Jharkhand","20"
6454,"Basantray","6641","Godda","330","Jharkhand","20"
6455,"Purvi Tundi","6642","Dhanbad","325","Jharkhand","20"
6456,"Suriya","6643","Giridih","329","Jharkhand","20"
6457,"Mohamadganj","6644","Palamu","338","Jharkhand","20"
6458,"Pipra","6645","Palamu","338","Jharkhand","20"
6459,"Nawdiha Bazar","6646","Palamu","338","Jharkhand","20"
6460,"Untari Road","6647","Palamu","338","Jharkhand","20"
6461,"Nawa Bazar","6648","Palamu","338","Jharkhand","20"
6462,"Padwa","6649","Palamu","338","Jharkhand","20"
6463,"Tarhasi","6650","Palamu","338","Jharkhand","20"
6464,"Domchanch","6651","Koderma","334","Jharkhand","20"
6465,"Kukru","6652","Saraikela Kharsawan","341","Jharkhand","20"
6466,"Fatehpur","6653","Jamtara","333","Jharkhand","20"
6467,"Karmatanr Vidyasagar","6654","Jamtara","333","Jharkhand","20"
6468,"Kanhachatti","6690","Chatra","323","Jharkhand","20"
6469,"Mayurhand","6691","Chatra","323","Jharkhand","20"
6470,"Kalikavu","6692","Malappuram","562","Kerala","32"
6471,"Panamaram","6693","Wayanad","567","Kerala","32"
6472,"Panoor","6694","Kannur","557","Kerala","32"
6473,"Kalliasseri","6695","Kannur","557","Kerala","32"
6474,"Parappa","6696","Kasaragod","558","Kerala","32"
6475,"Karadka","6697","Kasaragod","558","Kerala","32"
6476,"Kairo","6698","Lohardaga","336","Jharkhand","20"
6477,"Peshrar","6699","Lohardaga","336","Jharkhand","20"
6478,"Doongi","6701","Rajouri","12","Jammu and Kashmir","1"
6479,"Daru","6707","Hazaribagh","332","Jharkhand","20"
6480,"Katkamdag","6708","Hazaribagh","332","Jharkhand","20"
6481,"Dadi","6709","Hazaribagh","332","Jharkhand","20"
6482,"Tatijhariya","6710","Hazaribagh","332","Jharkhand","20"
6483,"Chalkusha","6711","Hazaribagh","332","Jharkhand","20"
6484,"Qazigund (partly)","6712","Anantnag","1","Jammu and Kashmir","1"
6485,"Karaudikala","6714","Sultanpur","185","Uttar Pradesh","9"
6486,"Khajuwala","6715","Bikaner","93","Rajasthan","8"
6487,"Chitarpur","6716","Ramgarh","607","Jharkhand","20"
6488,"Dulmi","6717","Ramgarh","607","Jharkhand","20"
6489,"Bawadi","6718","Jodhpur","107","Rajasthan","8"
6490,"Gharsana","6719","Ganganagar","100","Rajasthan","8"
6491,"Lefunga","6721","West Tripura","272","Tripura","16"
6492,"Jolaibari","6723","South Tripura","271","Tripura","16"
6493,"Silachari","6725","Gomati","654","Tripura","16"
6494,"Jubarajnagar","6727","North Tripura","270","Tripura","16"
6495,"Durgachowmuhani","6729","Dhalai","269","Tripura","16"
6496,"Sihma","6731","Mahendragarh","69","Haryana","6"
6497,"Chitalwana","6732","Jalore","104","Rajasthan","8"
6498,"Ismailabad","6733","Kurukshetra","68","Haryana","6"
6499,"Prithla","6734","Palwal","619","Haryana","6"
6500,"Arniwala Shiekh Subhan","6735","Fazilka","651","Punjab","3"
6501,"Dirba","6736","Sangrur","43","Punjab","3"
6502,"Sechu Zubza","6737","Kohima","245","Nagaland","13"
6503,"Botsa","6738","Kohima","245","Nagaland","13"
6504,"Chunlikha","6739","Kohima","245","Nagaland","13"
6505,"Chuchuyimlang","6740","Mokokchung","246","Nagaland","13"
6506,"Tuli","6741","Mokokchung","246","Nagaland","13"
6507,"Tsurangkong","6742","Mokokchung","246","Nagaland","13"
6508,"Changpang","6743","Wokha","250","Nagaland","13"
6509,"Ralan","6744","Wokha","250","Nagaland","13"
6510,"Akuhaito","6745","Zunheboto","251","Nagaland","13"
6511,"Satoi","6746","Zunheboto","251","Nagaland","13"
6512,"Sakshi","6747","Longleng","615","Nagaland","13"
6513,"Chumukedima","6748","Dimapur","244","Nagaland","13"
6514,"Aghunaqa","6749","Dimapur","244","Nagaland","13"
6515,"Aboi","6750","Mon","247","Nagaland","13"
6516,"Angjangyang","6751","Mon","247","Nagaland","13"
6517,"Panso","6752","Tuensang","249","Nagaland","13"
6518,"Weziho","6753","Phek","248","Nagaland","13"
6519,"Chetheba","6754","Phek","248","Nagaland","13"
6520,"Chizami","6755","Phek","248","Nagaland","13"
6521,"Athibung","6756","Peren","613","Nagaland","13"
6522,"Longmatra","6757","Kiphire","614","Nagaland","13"
6523,"Khonsa","6758","Kiphire","614","Nagaland","13"
6524,"Nizampur","6776","Mahendragarh","69","Haryana","6"
6525,"Satnali","6777","Mahendragarh","69","Haryana","6"
6526,"Murthal","6778","Sonipat","75","Haryana","6"
6527,"Gharota","6779","Pathankot","662","Punjab","3"
6528,"Raishyabari","6780","Dhalai","269","Tripura","16"
6529,"Ganganagar","6781","Dhalai","269","Tripura","16"
6530,"Tepania","6782","Gomati","654","Tripura","16"
6531,"Kalacherra","6783","North Tripura","270","Tripura","16"
6532,"Laljuri","6784","North Tripura","270","Tripura","16"
6533,"Chandipur","6785","Unakoti","655","Tripura","16"
6534,"Charilam","6786","Sepahijala","653","Tripura","16"
6535,"Mohanbhog","6787","Sepahijala","653","Tripura","16"
6536,"Poangbari","6788","South Tripura","271","Tripura","16"
6537,"Bharat Chandra Nagar","6789","South Tripura","271","Tripura","16"
6538,"Old Agartala","6790","West Tripura","272","Tripura","16"
6539,"Bamutia","6791","West Tripura","272","Tripura","16"
6540,"Belbari","6792","West Tripura","272","Tripura","16"
6541,"Pongchau","6794","Longding","666","Arunachal Pradesh","12"
6542,"Niausa","6796","Longding","666","Arunachal Pradesh","12"
6543,"Limeking","6798","Upper Subansiri","241","Arunachal Pradesh","12"
6544,"Payeng","6799","Upper Subansiri","241","Arunachal Pradesh","12"
6545,"Chetam","6800","Upper Subansiri","241","Arunachal Pradesh","12"
6546,"Baririjo","6801","Upper Subansiri","241","Arunachal Pradesh","12"
6547,"Puchi Geko","6802","Kamle","718","Arunachal Pradesh","12"
6548,"Siyum","6803","Upper Subansiri","241","Arunachal Pradesh","12"
6549,"Nafra","6804","West Kameng","242","Arunachal Pradesh","12"
6550,"Singchung","6805","West Kameng","242","Arunachal Pradesh","12"
6551,"Kitpi","6806","Tawang","238","Arunachal Pradesh","12"
6552,"Zemithang Dudunghar","6807","Tawang","238","Arunachal Pradesh","12"
6553,"Mukto Bongkhar","6808","Tawang","238","Arunachal Pradesh","12"
6554,"Mengio","6810","Papum Pare","237","Arunachal Pradesh","12"
6555,"Borum","6811","Papum Pare","237","Arunachal Pradesh","12"
6556,"Balijan","6812","Papum Pare","237","Arunachal Pradesh","12"
6557,"Kimin","6813","Papum Pare","237","Arunachal Pradesh","12"
6558,"Khimiyang","6814","Changlang","229","Arunachal Pradesh","12"
6559,"Manmao","6815","Changlang","229","Arunachal Pradesh","12"
6560,"Diyun","6816","Changlang","229","Arunachal Pradesh","12"
6561,"Vijoynagar","6817","Changlang","229","Arunachal Pradesh","12"
6562,"Bijoliya","6819","Bhilwara","92","Rajasthan","8"
6563,"Jalsu","6820","Jaipur","102","Rajasthan","8"
6564,"Paota","6821","Jaipur","102","Rajasthan","8"
6565,"Gangar Talai","6822","Banswara","88","Rajasthan","8"
6566,"Lawan","6823","Dausa","97","Rajasthan","8"
6567,"Chauth Ka Barwara","6824","Sawai Madhopur","113","Rajasthan","8"
6568,"Kalyanpur","6825","Barmer","90","Rajasthan","8"
6569,"Jothari","6826","Dungarpur","99","Rajasthan","8"
6570,"Arthuna","6827","Banswara","88","Rajasthan","8"
6571,"Talwara","6828","Banswara","88","Rajasthan","8"
6572,"Nellipaka","6829","Alluri Sitharama Raju","745","Andhra Pradesh","28"
6573,"Patodi","6830","Barmer","90","Rajasthan","8"
6574,"Sekhala","6831","Jodhpur","107","Rajasthan","8"
6575,"Dechu","6832","Jodhpur","107","Rajasthan","8"
6576,"Samdari","6833","Barmer","90","Rajasthan","8"
6577,"Gadra Road","6834","Barmer","90","Rajasthan","8"
6578,"Sabla","6835","Dungarpur","99","Rajasthan","8"
6579,"Chikhali","6836","Dungarpur","99","Rajasthan","8"
6580,"Galiyakoat","6837","Dungarpur","99","Rajasthan","8"
6581,"Dovada","6838","Dungarpur","99","Rajasthan","8"
6582,"Gira","6839","Barmer","90","Rajasthan","8"
6583,"Sedwa","6840","Barmer","90","Rajasthan","8"
6584,"Dharbandora","6841","South Goa","552","Goa","30"
6585,"Gudhamalani","6842","Barmer","90","Rajasthan","8"
6586,"Ramsar","6843","Barmer","90","Rajasthan","8"
6587,"Dhanau","6844","Barmer","90","Rajasthan","8"
6588,"Bhawani Mandi","6845","Jhalawar","105","Rajasthan","8"
6589,"Lohawat","6846","Jodhpur","107","Rajasthan","8"
6590,"Bapini","6847","Jodhpur","107","Rajasthan","8"
6591,"Semari","6848","Udaipur","117","Rajasthan","8"
6592,"Sayra","6849","Udaipur","117","Rajasthan","8"
6593,"Phalasiya","6850","Udaipur","117","Rajasthan","8"
6594,"Rishbhdeo","6851","Udaipur","117","Rajasthan","8"
6595,"Peepad Sahar","6852","Jodhpur","107","Rajasthan","8"
6596,"Aklera","6853","Jhalawar","105","Rajasthan","8"
6597,"Nawa","6854","Nagaur","110","Rajasthan","8"
6598,"Tinwari","6855","Jodhpur","107","Rajasthan","8"
6599,"Patan","6856","Sikar","114","Rajasthan","8"
6600,"Khinvsar","6857","Nagaur","110","Rajasthan","8"
6601,"Bidasar","6858","Churu","96","Rajasthan","8"
6602,"Molasar","6859","Nagaur","110","Rajasthan","8"
6603,"Sarwar","6860","Ajmer","86","Rajasthan","8"
6604,"Anantnag","6861","Anantnag","1","Jammu and Kashmir","1"
6605,"Arnia","6862","Jammu","5","Jammu and Kashmir","1"
6606,"Bhalwal Brahmana","6863","Jammu","5","Jammu and Kashmir","1"
6607,"Maira Mandrian","6864","Jammu","5","Jammu and Kashmir","1"
6608,"Chowki Choura","6865","Jammu","5","Jammu and Kashmir","1"
6609,"Samwan","6866","Jammu","5","Jammu and Kashmir","1"
6610,"Nagrota","6867","Jammu","5","Jammu and Kashmir","1"
6611,"Mandal Phallain","6868","Jammu","5","Jammu and Kashmir","1"
6612,"Vijainagar","6869","Ganganagar","100","Rajasthan","8"
6613,"Saipau","6871","Dholpur","98","Rajasthan","8"
6614,"Harwan Rural Area Dara","6875","Srinagar","13","Jammu and Kashmir","1"
6615,"Khanmoh","6876","Srinagar","13","Jammu and Kashmir","1"
6616,"Keller","6877","Shopian","625","Jammu and Kashmir","1"
6617,"Kanji Ullar","6878","Shopian","625","Jammu and Kashmir","1"
6618,"Ramnagri","6879","Shopian","625","Jammu and Kashmir","1"
6619,"Imamsahib","6880","Shopian","625","Jammu and Kashmir","1"
6620,"Kaprin","6881","Shopian","625","Jammu and Kashmir","1"
6621,"Chitragam","6882","Shopian","625","Jammu and Kashmir","1"
6622,"Zainpora","6883","Shopian","625","Jammu and Kashmir","1"
6623,"Harman","6884","Shopian","625","Jammu and Kashmir","1"
6624,"Sherpathri","6885","Ganderbal","626","Jammu and Kashmir","1"
6625,"Safapora","6886","Ganderbal","626","Jammu and Kashmir","1"
6626,"Gund","6887","Ganderbal","626","Jammu and Kashmir","1"
6627,"Kund","6889","Kulgam","622","Jammu and Kashmir","1"
6628,"Manzgam","6890","Kulgam","622","Jammu and Kashmir","1"
6629,"Frisal","6891","Kulgam","622","Jammu and Kashmir","1"
6630,"Pombay","6892","Kulgam","622","Jammu and Kashmir","1"
6631,"Behibag","6893","Kulgam","622","Jammu and Kashmir","1"
6632,"D K Marg","6894","Kulgam","622","Jammu and Kashmir","1"
6633,"Awantipora","6895","Pulwama","11","Jammu and Kashmir","1"
6634,"Newa","6896","Pulwama","11","Jammu and Kashmir","1"
6635,"Litter","6897","Pulwama","11","Jammu and Kashmir","1"
6636,"Aripal","6898","Pulwama","11","Jammu and Kashmir","1"
6637,"Dadsara","6899","Pulwama","11","Jammu and Kashmir","1"
6638,"Shadimarg","6900","Pulwama","11","Jammu and Kashmir","1"
6639,"Palmar","6901","Kishtwar","620","Jammu and Kashmir","1"
6640,"Trigam","6902","Kishtwar","620","Jammu and Kashmir","1"
6641,"Thakraie","6903","Kishtwar","620","Jammu and Kashmir","1"
6642,"Bunjwah","6904","Kishtwar","620","Jammu and Kashmir","1"
6643,"Mughalmaidan","6905","Kishtwar","620","Jammu and Kashmir","1"
6644,"Mehatpur","6906","Jalandhar","34","Punjab","3"
6645,"Bundi","6907","Bundi","94","Rajasthan","8"
6646,"Aloosa","6908","Bandipora","623","Jammu and Kashmir","1"
6647,"Bonkoot","6909","Bandipora","623","Jammu and Kashmir","1"
6648,"Arin","6910","Bandipora","623","Jammu and Kashmir","1"
6649,"Naidkhay","6911","Bandipora","623","Jammu and Kashmir","1"
6650,"Ganstan","6912","Bandipora","623","Jammu and Kashmir","1"
6651,"Nowgam","6913","Bandipora","623","Jammu and Kashmir","1"
6652,"Baktoor","6914","Bandipora","623","Jammu and Kashmir","1"
6653,"Parnewa","6915","Budgam","2","Jammu and Kashmir","1"
6654,"Sukhnag Hard Panzoo","6916","Budgam","2","Jammu and Kashmir","1"
6655,"Waterhail","6917","Budgam","2","Jammu and Kashmir","1"
6656,"Pakherpora","6918","Budgam","2","Jammu and Kashmir","1"
6657,"Charisharief","6919","Budgam","2","Jammu and Kashmir","1"
6658,"Surasyar","6920","Budgam","2","Jammu and Kashmir","1"
6659,"Soibugh","6921","Budgam","2","Jammu and Kashmir","1"
6660,"Rathsun","6922","Budgam","2","Jammu and Kashmir","1"
6661,"S K Pora","6923","Budgam","2","Jammu and Kashmir","1"
6662,"Jaganoo","6924","Udhampur","14","Jammu and Kashmir","1"
6663,"Khoon","6925","Udhampur","14","Jammu and Kashmir","1"
6664,"Kulwanta","6926","Udhampur","14","Jammu and Kashmir","1"
6665,"Latti","6927","Udhampur","14","Jammu and Kashmir","1"
6666,"Moungri","6928","Udhampur","14","Jammu and Kashmir","1"
6667,"Narsoo","6929","Udhampur","14","Jammu and Kashmir","1"
6668,"Chanunta Dalsar","6930","Udhampur","14","Jammu and Kashmir","1"
6669,"Parli Dhar","6931","Udhampur","14","Jammu and Kashmir","1"
6670,"Sewna","6932","Udhampur","14","Jammu and Kashmir","1"
6671,"Tikri","6933","Udhampur","14","Jammu and Kashmir","1"
6672,"Nud","6934","Samba","624","Jammu and Kashmir","1"
6673,"Sumb","6935","Samba","624","Jammu and Kashmir","1"
6674,"Rajpura","6936","Samba","624","Jammu and Kashmir","1"
6675,"Ramgarh","6937","Samba","624","Jammu and Kashmir","1"
6676,"Bamagh","6938","Reasi","627","Jammu and Kashmir","1"
6677,"Katra","6939","Reasi","627","Jammu and Kashmir","1"
6678,"Panthal","6940","Reasi","627","Jammu and Kashmir","1"
6679,"Thuroo","6941","Reasi","627","Jammu and Kashmir","1"
6680,"Jig Bagli","6942","Reasi","627","Jammu and Kashmir","1"
6681,"Thakrakote","6943","Reasi","627","Jammu and Kashmir","1"
6682,"Gulab Garh","6944","Reasi","627","Jammu and Kashmir","1"
6683,"Chassana","6945","Reasi","627","Jammu and Kashmir","1"
6684,"Batote","6946","Ramban","621","Jammu and Kashmir","1"
6685,"Rajgarh","6947","Ramban","621","Jammu and Kashmir","1"
6686,"Ukhral","6948","Ramban","621","Jammu and Kashmir","1"
6687,"Sangaldan","6949","Ramban","621","Jammu and Kashmir","1"
6688,"Gundi Dharam","6950","Ramban","621","Jammu and Kashmir","1"
6689,"Gandhri","6951","Ramban","621","Jammu and Kashmir","1"
6690,"Khari","6952","Ramban","621","Jammu and Kashmir","1"
6691,"Budhal New","6953","Rajouri","12","Jammu and Kashmir","1"
6692,"Khawas","6954","Rajouri","12","Jammu and Kashmir","1"
6693,"Panjgrian","6955","Rajouri","12","Jammu and Kashmir","1"
6694,"Qila Darhal","6956","Rajouri","12","Jammu and Kashmir","1"
6695,"Moughla","6957","Rajouri","12","Jammu and Kashmir","1"
6696,"Seri","6958","Rajouri","12","Jammu and Kashmir","1"
6697,"Dhangri","6959","Rajouri","12","Jammu and Kashmir","1"
6698,"Siot","6960","Rajouri","12","Jammu and Kashmir","1"
6699,"Lamberi","6961","Rajouri","12","Jammu and Kashmir","1"
6700,"Planger","6962","Rajouri","12","Jammu and Kashmir","1"
6701,"Nangali Sahib Sain Baba","6963","Poonch","10","Jammu and Kashmir","1"
6702,"Sathra","6964","Poonch","10","Jammu and Kashmir","1"
6703,"Loran","6965","Poonch","10","Jammu and Kashmir","1"
6704,"Mankote","6966","Poonch","10","Jammu and Kashmir","1"
6705,"Lassana","6967","Poonch","10","Jammu and Kashmir","1"
6706,"Duggain","6968","Kathua","7","Jammu and Kashmir","1"
6707,"Baggan","6969","Kathua","7","Jammu and Kashmir","1"
6708,"Bhoond","6970","Kathua","7","Jammu and Kashmir","1"
6709,"Mahanpur","6971","Kathua","7","Jammu and Kashmir","1"
6710,"Dhar Mahanpur","6972","Kathua","7","Jammu and Kashmir","1"
6711,"Mandli","6973","Kathua","7","Jammu and Kashmir","1"
6712,"Nagrota Gujroo","6974","Kathua","7","Jammu and Kashmir","1"
6713,"Keerian Gangyal","6975","Kathua","7","Jammu and Kashmir","1"
6714,"Nagri","6976","Kathua","7","Jammu and Kashmir","1"
6715,"Dinga Amb","6977","Kathua","7","Jammu and Kashmir","1"
6716,"Marheen","6978","Kathua","7","Jammu and Kashmir","1"
6717,"Kharah Balli","6979","Jammu","5","Jammu and Kashmir","1"
6718,"Pragwal","6980","Jammu","5","Jammu and Kashmir","1"
6719,"Mathwar","6981","Jammu","5","Jammu and Kashmir","1"
6720,"Suchetgarh","6982","Jammu","5","Jammu and Kashmir","1"
6721,"Kastigarh","6983","Doda","4","Jammu and Kashmir","1"
6722,"Khellani","6984","Doda","4","Jammu and Kashmir","1"
6723,"Chiralla","6985","Doda","4","Jammu and Kashmir","1"
6724,"Kahara","6986","Doda","4","Jammu and Kashmir","1"
6725,"Bhalla","6987","Doda","4","Jammu and Kashmir","1"
6726,"Dali Udhyanpur","6988","Doda","4","Jammu and Kashmir","1"
6727,"Changa","6989","Doda","4","Jammu and Kashmir","1"
6728,"Jakyas","6990","Doda","4","Jammu and Kashmir","1"
6729,"Chilli Pingal","6991","Doda","4","Jammu and Kashmir","1"
6730,"Keran","6992","Kupwara","8","Jammu and Kashmir","1"
6731,"Meliyal","6993","Kupwara","8","Jammu and Kashmir","1"
6732,"Reddi Chowkibal","6994","Kupwara","8","Jammu and Kashmir","1"
6733,"Qadirabad","6995","Kupwara","8","Jammu and Kashmir","1"
6734,"Drugmulla","6996","Kupwara","8","Jammu and Kashmir","1"
6735,"Nutnoosa","6997","Kupwara","8","Jammu and Kashmir","1"
6736,"Hayhama","6998","Kupwara","8","Jammu and Kashmir","1"
6737,"Machil","6999","Kupwara","8","Jammu and Kashmir","1"
6738,"Tarathpora","7000","Kupwara","8","Jammu and Kashmir","1"
6739,"Magam","7001","Kupwara","8","Jammu and Kashmir","1"
6740,"Handwara","7002","Kupwara","8","Jammu and Kashmir","1"
6741,"Mawar Kalamabad","7003","Kupwara","8","Jammu and Kashmir","1"
6742,"Qaziabad Supernagama","7004","Kupwara","8","Jammu and Kashmir","1"
6743,"Bijhama","7006","Baramulla","3","Jammu and Kashmir","1"
6744,"Chandil Wangam","7007","Baramulla","3","Jammu and Kashmir","1"
6745,"Hardaboora","7008","Baramulla","3","Jammu and Kashmir","1"
6746,"Kandi Rafiabad","7009","Baramulla","3","Jammu and Kashmir","1"
6747,"Khaipora","7010","Baramulla","3","Jammu and Kashmir","1"
6748,"Lalpora","7011","Baramulla","3","Jammu and Kashmir","1"
6749,"Nadihal","7012","Baramulla","3","Jammu and Kashmir","1"
6750,"Narwah","7013","Baramulla","3","Jammu and Kashmir","1"
6751,"Noorkah","7014","Baramulla","3","Jammu and Kashmir","1"
6752,"Paranpeela","7015","Baramulla","3","Jammu and Kashmir","1"
6753,"Sangrama","7016","Baramulla","3","Jammu and Kashmir","1"
6754,"Sherabad Khore","7017","Baramulla","3","Jammu and Kashmir","1"
6755,"Tujjar Sharief","7018","Baramulla","3","Jammu and Kashmir","1"
6756,"Wailoo","7019","Baramulla","3","Jammu and Kashmir","1"
6757,"Bijibehara","7020","Anantnag","1","Jammu and Kashmir","1"
6758,"Chathergul","7021","Anantnag","1","Jammu and Kashmir","1"
6759,"Hiller Shahabad","7022","Anantnag","1","Jammu and Kashmir","1"
6760,"Sanauli Khurd","7023","Panipat","71","Haryana","6"
6761,"Pahari","7024","Bharatpur","91","Rajasthan","8"
6762,"Lekang","7025","Namsai","678","Arunachal Pradesh","12"
6763,"Anelih Arzu","7027","Dibang Valley","230","Arunachal Pradesh","12"
6764,"Etalin Malinye","7028","Dibang Valley","230","Arunachal Pradesh","12"
6765,"Kanubari","7029","Longding","666","Arunachal Pradesh","12"
6766,"Wakka","7030","Longding","666","Arunachal Pradesh","12"
6767,"Quimoh Anantnag District Part","7031","Anantnag","1","Jammu and Kashmir","1"
6768,"Vessu","7032","Anantnag","1","Jammu and Kashmir","1"
6769,"Verinag","7033","Anantnag","1","Jammu and Kashmir","1"
6770,"Pahalgam","7034","Anantnag","1","Jammu and Kashmir","1"
6771,"Larnoo","7035","Anantnag","1","Jammu and Kashmir","1"
6772,"Sagam","7036","Anantnag","1","Jammu and Kashmir","1"
6773,"Miran Sahib","7037","Jammu","5","Jammu and Kashmir","1"
6774,"Soudh","7038","Kargil","6","Ladakh","37"
6775,"Bhimbat","7039","Kargil","6","Ladakh","37"
6776,"Pashkum","7040","Kargil","6","Ladakh","37"
6777,"Lotsum","7041","Kargil","6","Ladakh","37"
6778,"Barsoo","7042","Kargil","6","Ladakh","37"
6779,"Karsha","7043","Kargil","6","Ladakh","37"
6780,"Thiksay","7044","Leh Ladakh","9","Ladakh","37"
6781,"Nimoo","7045","Leh Ladakh","9","Ladakh","37"
6782,"Rong","7046","Leh Ladakh","9","Ladakh","37"
6783,"Rupsho","7047","Leh Ladakh","9","Ladakh","37"
6784,"Turtuk","7048","Leh Ladakh","9","Ladakh","37"
6785,"Sukerbachan","7049","Leh Ladakh","9","Ladakh","37"
6786,"Singay Lalok Wanla","7050","Leh Ladakh","9","Ladakh","37"
6787,"Bari Brahmana","7051","Samba","624","Jammu and Kashmir","1"
6788,"Dambuk","7052","Lower Dibang Valley","235","Arunachal Pradesh","12"
6789,"Pasighat","7053","East Siang","232","Arunachal Pradesh","12"
6790,"Ruksin","7054","East Siang","232","Arunachal Pradesh","12"
6791,"Riga","7055","Siang","679","Arunachal Pradesh","12"
6792,"Ramle Bango","7056","Lower Siang","719","Arunachal Pradesh","12"
6793,"Along East","7058","West Siang","243","Arunachal Pradesh","12"
6794,"Manigoan","7059","Shi Yomi","725","Arunachal Pradesh","12"
6795,"Likabali","7060","Lower Siang","719","Arunachal Pradesh","12"
6796,"Darak","7061","West Siang","243","Arunachal Pradesh","12"
6797,"Daring","7062","Leparada","724","Arunachal Pradesh","12"
6798,"Panchoo","7063","Bikaner","93","Rajasthan","8"
6799,"Mandrayal","7064","Karauli","108","Rajasthan","8"
6800,"Geku","7066","Upper Siang","240","Arunachal Pradesh","12"
6801,"Singa Gelling","7067","Upper Siang","240","Arunachal Pradesh","12"
6802,"Jengging","7068","Upper Siang","240","Arunachal Pradesh","12"
6803,"Chaglagam","7069","Anjaw","628","Arunachal Pradesh","12"
6804,"Manchal","7070","Anjaw","628","Arunachal Pradesh","12"
6805,"Bana","7071","East Kameng","231","Arunachal Pradesh","12"
6806,"Pipu","7072","East Kameng","231","Arunachal Pradesh","12"
6807,"Khenewa","7073","East Kameng","231","Arunachal Pradesh","12"
6808,"Seijosa","7074","Pakke Kessang","723","Arunachal Pradesh","12"
6809,"Pistana","7075","Lower Subansiri","236","Arunachal Pradesh","12"
6810,"Namsang","7076","Tirap","239","Arunachal Pradesh","12"
6811,"Khonsa","7077","Tirap","239","Arunachal Pradesh","12"
6812,"Lazu","7078","Tirap","239","Arunachal Pradesh","12"
6813,"Sangram","7079","Kurung Kumey","233","Arunachal Pradesh","12"
6814,"Sarli","7080","Kurung Kumey","233","Arunachal Pradesh","12"
6815,"Pipsorang","7081","Kra Daadi","677","Arunachal Pradesh","12"
6816,"Parsiparlo","7082","Kurung Kumey","233","Arunachal Pradesh","12"
6817,"Yangte","7083","Kra Daadi","677","Arunachal Pradesh","12"
6818,"Gangte","7084","Kra Daadi","677","Arunachal Pradesh","12"
6819,"Maloud","7085","Ludhiana","36","Punjab","3"
6820,"Eidgah","7086","Srinagar","13","Jammu and Kashmir","1"
6821,"Qamarwari","7087","Srinagar","13","Jammu and Kashmir","1"
6822,"Ichegoza","7088","Pulwama","11","Jammu and Kashmir","1"
6823,"Shree Naina Devi","7089","Bilaspur","15","Himachal Pradesh","2"
6824,"Tirbin","7090","Leparada","724","Arunachal Pradesh","12"
6825,"Jaitu","7091","Faridkot","29","Punjab","3"
6826,"Charkhi Dadri","7092","Charki Dadri","701","Haryana","6"
6827,"Tigaon","7093","Faridabad","60","Haryana","6"
6828,"Nagpur","7094","Fatehabad","61","Haryana","6"
6829,"Badli","7095","Jhajjar","64","Haryana","6"
6830,"Ujhana","7096","Jind","65","Haryana","6"
6831,"Dhand","7097","Kaithal","66","Haryana","6"
6832,"Munak","7098","Karnal","67","Haryana","6"
6833,"Kunjpura","7099","Karnal","67","Haryana","6"
6834,"Pipli","7100","Kurukshetra","68","Haryana","6"
6835,"Indri","7101","Nuh","604","Haryana","6"
6836,"Pingwan","7102","Nuh","604","Haryana","6"
6837,"Badoli","7103","Palwal","619","Haryana","6"
6838,"Dahina","7104","Rewari","72","Haryana","6"
6839,"Partap Nagar","7105","Yamunanagar","76","Haryana","6"
6840,"Baund","7106","Charki Dadri","701","Haryana","6"
6841,"Jhojhu","7107","Charki Dadri","701","Haryana","6"
6842,"Waghai","7108","Dang","444","Gujarat","24"
6843,"Subir","7109","Dang","444","Gujarat","24"
6844,"Kaliasol","7111","Dhanbad","325","Jharkhand","20"
6845,"Egarkund","7112","Dhanbad","325","Jharkhand","20"
6846,"Jhallara","7113","Udaipur","117","Rajasthan","8"
6847,"Kurabad","7114","Udaipur","117","Rajasthan","8"
6848,"Kalyani","7115","Nadia","320","West Bengal","19"
6849,"Khergam","7116","Navsari","453","Gujarat","24"
6850,"Jesar","7117","Bhavnagar","443","Gujarat","24"
6851,"Jotana","7118","Mahesana","451","Gujarat","24"
6852,"Lakhani","7119","Banas Kantha","441","Gujarat","24"
6853,"Sankheshwar","7120","Patan","455","Gujarat","24"
6854,"Saraswati","7121","Patan","455","Gujarat","24"
6855,"Vapi","7123","Valsad","462","Gujarat","24"
6856,"Singvad","7124","Dohad","445","Gujarat","24"
6857,"Desar","7126","Vadodara","461","Gujarat","24"
6858,"Dolvan","7127","Tapi","641","Gujarat","24"
6859,"Galteshwar","7128","Kheda","450","Gujarat","24"
6860,"Garudeshwar","7129","Narmada","452","Gujarat","24"
6861,"Kukarmunda","7130","Tapi","641","Gujarat","24"
6862,"Vaso","7131","Kheda","450","Gujarat","24"
6863,"Sanjeli","7132","Dohad","445","Gujarat","24"
6864,"Vinchhiya","7133","Rajkot","457","Gujarat","24"
6865,"Poshina","7134","Sabar Kantha","458","Gujarat","24"
6866,"Suigam","7135","Banas Kantha","441","Gujarat","24"
6867,"Thangadh","7136","Surendranagar","460","Gujarat","24"
6868,"Parkha","7137","Pakyong","741","Sikkim","11"
6869,"Arithang Chongrang","7138","Gyalshing","228","Sikkim","11"
6870,"Hee Martam","7139","Gyalshing","228","Sikkim","11"
6871,"Chumbong Chakung","7140","Soreng","742","Sikkim","11"
6872,"Mangalbarey","7141","Soreng","742","Sikkim","11"
6873,"Adilabad Rural","7142","Adilabad","501","Telangana","36"
6874,"Mavala","7143","Adilabad","501","Telangana","36"
6875,"Baikunthpur","7144","Korea","384","Chhattisgarh","22"
6876,"Dadam","7145","Tirap","239","Arunachal Pradesh","12"
6877,"Borduria","7146","Tirap","239","Arunachal Pradesh","12"
6878,"Namsai","7149","Namsai","678","Arunachal Pradesh","12"
6879,"Chowkham","7150","Namsai","678","Arunachal Pradesh","12"
6880,"Manikpur Part","7151","Chirang","612","Assam","18"
6881,"Patsoi","7152","Imphal West","256","Manipur","14"
6882,"Hiyangthang","7153","Imphal West","256","Manipur","14"
6883,"Nambol","7154","Bishnupur","252","Manipur","14"
6884,"Dholera","7155","Ahmadabad","438","Gujarat","24"
6885,"Bodeli","7156","Chhotaudepur","668","Gujarat","24"
6886,"Netrang","7157","Bharuch","442","Gujarat","24"
6887,"Girgadhda","7158","Gir Somnath","675","Gujarat","24"
6888,"Lilong Cd Block","7159","Thoubal","259","Manipur","14"
6889,"Wangjing Cd Block","7160","Thoubal","259","Manipur","14"
6890,"Kshetrigao Cd Block","7161","Imphal East","255","Manipur","14"
6891,"Keirao Cd Block","7162","Imphal East","255","Manipur","14"
6892,"Borobekra Cd Block","7164","Jiribam","713","Manipur","14"
6893,"Langmeidong","7178","Kakching","711","Manipur","14"
6894,"Yatdam","7179","Changlang","229","Arunachal Pradesh","12"
6895,"Rerapara","7180","South West Garo Hills","663","Meghalaya","17"
6896,"Demdema","7181","West Garo Hills","278","Meghalaya","17"
6897,"Bhoirymbong","7182","Ri Bhoi","276","Meghalaya","17"
6898,"Sohiong","7183","East Khasi Hills","274","Meghalaya","17"
6899,"Bajengdoba","7184","North Garo Hills","656","Meghalaya","17"
6900,"Mawlai","7185","East Khasi Hills","274","Meghalaya","17"
6901,"Mawpat","7186","East Khasi Hills","274","Meghalaya","17"
6902,"Heingang Cd Block","7187","Imphal East","255","Manipur","14"
6903,"Sawombung Cd Block","7188","Imphal East","255","Manipur","14"
6904,"Bheempur","7189","Adilabad","501","Telangana","36"
6905,"Sirikonda","7190","Adilabad","501","Telangana","36"
6906,"Gadiguda","7191","Adilabad","501","Telangana","36"
6907,"Bheemaram","7192","Mancherial","684","Telangana","36"
6908,"Naspur","7193","Mancherial","684","Telangana","36"
6909,"Hajipur","7194","Mancherial","684","Telangana","36"
6910,"Kannepally","7195","Mancherial","684","Telangana","36"
6911,"Soan","7196","Nirmal","680","Telangana","36"
6912,"Narsapur G","7197","Nirmal","680","Telangana","36"
6913,"Dasturabad","7198","Nirmal","680","Telangana","36"
6914,"Pembi","7199","Nirmal","680","Telangana","36"
6915,"Basar","7200","Nirmal","680","Telangana","36"
6916,"Lingapur","7201","Kumuram Bheem Asifabad","699","Telangana","36"
6917,"Penchicalpet","7202","Kumuram Bheem Asifabad","699","Telangana","36"
6918,"Chintalamanepally","7203","Kumuram Bheem Asifabad","699","Telangana","36"
6919,"Kothapally","7204","Karimnagar","508","Telangana","36"
6920,"Ganneruvaram","7205","Karimnagar","508","Telangana","36"
6921,"Ellandakunta","7206","Karimnagar","508","Telangana","36"
6922,"Beerpur","7207","Jagitial","681","Telangana","36"
6923,"Jagitial Rural","7208","Jagitial","681","Telangana","36"
6924,"Buggaram","7209","Jagitial","681","Telangana","36"
6925,"Palimela","7210","Jayashankar Bhupalapally","687","Telangana","36"
6926,"Rajoli","7211","Jogulamba Gadwal","695","Telangana","36"
6927,"Bibipet","7212","Kamareddy","685","Telangana","36"
6928,"Nasurullabad","7213","Kamareddy","685","Telangana","36"
6929,"Rajampet","7214","Kamareddy","685","Telangana","36"
6930,"Karimnagar Rural I","7215","Karimnagar","508","Telangana","36"
6931,"Gangaram","7216","Mahabubabad","688","Telangana","36"
6932,"Peddavangara","7217","Mahabubabad","688","Telangana","36"
6933,"Krishna","7218","Narayanpet","721","Telangana","36"
6934,"Moosapet","7219","Mahabubnagar","512","Telangana","36"
6935,"Dundigal Gandimaisamma","7220","Medchal Malkajgiri","700","Telangana","36"
6936,"Medipally","7221","Medchal Malkajgiri","700","Telangana","36"
6937,"Madugulapally","7222","Nalgonda","514","Telangana","36"
6938,"Tirumalagiri Sagar","7223","Nalgonda","514","Telangana","36"
6939,"Mugpal","7224","Nizamabad","516","Telangana","36"
6940,"Kadthal","7225","Ranga Reddy","518","Telangana","36"
6941,"Ananthagiri","7226","Suryapet","696","Telangana","36"
6942,"Srirangapur","7228","Wanaparthy","693","Telangana","36"
6943,"Khazipet","7229","Hanumakonda","686","Telangana","36"
6944,"Khila Warangal","7230","Warangal","522","Telangana","36"
6945,"Warangal","7231","Warangal","522","Telangana","36"
6946,"Chunchupalli","7232","Bhadradri Kothagudem","690","Telangana","36"
6947,"Laxmidevipalli","7233","Bhadradri Kothagudem","690","Telangana","36"
6948,"Sujathanagar","7234","Bhadradri Kothagudem","690","Telangana","36"
6949,"Anthergaon","7235","Peddapalli","682","Telangana","36"
6950,"Palakurthy","7236","Peddapalli","682","Telangana","36"
6951,"Ramagiri","7237","Peddapalli","682","Telangana","36"
6952,"Thangallapalli","7238","Rajanna Sircilla","683","Telangana","36"
6953,"Vemulawada Rural","7239","Rajanna Sircilla","683","Telangana","36"
6954,"Rudrangi","7240","Rajanna Sircilla","683","Telangana","36"
6955,"Veernapalli","7241","Rajanna Sircilla","683","Telangana","36"
6956,"Nizamabad North","7242","Nizamabad","516","Telangana","36"
6957,"Indalwai","7243","Nizamabad","516","Telangana","36"
6958,"Mendora","7244","Nizamabad","516","Telangana","36"
6959,"Mupkal","7245","Nizamabad","516","Telangana","36"
6960,"Yergatla","7246","Nizamabad","516","Telangana","36"
6961,"Rudrur","7247","Nizamabad","516","Telangana","36"
6962,"Ramareddy","7248","Kamareddy","685","Telangana","36"
6963,"Pedda Kodapgal","7249","Kamareddy","685","Telangana","36"
6964,"Velair","7250","Hanumakonda","686","Telangana","36"
6965,"Inavole","7251","Hanumakonda","686","Telangana","36"
6966,"Tekumatla","7252","Jayashankar Bhupalapally","687","Telangana","36"
6967,"Kannaigudem","7253","Mulugu","720","Telangana","36"
6968,"Tharigoppula","7254","Jangoan","689","Telangana","36"
6969,"Chilpur","7255","Jangoan","689","Telangana","36"
6970,"Chinnagudur","7256","Mahabubabad","688","Telangana","36"
6971,"Danthalapalle","7257","Mahabubabad","688","Telangana","36"
6972,"Raghunadhapalem","7258","Khammam","509","Telangana","36"
6973,"Allapalli","7259","Bhadradri Kothagudem","690","Telangana","36"
6974,"Annapureddypalli","7260","Bhadradri Kothagudem","690","Telangana","36"
6975,"Karakagudem","7261","Bhadradri Kothagudem","690","Telangana","36"
6976,"Havelighanapur","7262","Medak","513","Telangana","36"
6977,"Nizampet","7263","Medak","513","Telangana","36"
6978,"Narsingi","7264","Medak","513","Telangana","36"
6979,"Manoharabad","7265","Medak","513","Telangana","36"
6980,"Chilpched","7266","Medak","513","Telangana","36"
6981,"Kandi","7267","Sangareddy","691","Telangana","36"
6982,"Ameenpur","7268","Sangareddy","691","Telangana","36"
6983,"Gummadidala","7269","Sangareddy","691","Telangana","36"
6984,"Mogudampally","7270","Sangareddy","691","Telangana","36"
6985,"Sirgapoor","7271","Sangareddy","691","Telangana","36"
6986,"Nagalgidda","7272","Sangareddy","691","Telangana","36"
6987,"Komuravelli","7273","Siddipet","692","Telangana","36"
6988,"Markook","7274","Siddipet","692","Telangana","36"
6989,"Raipole","7275","Siddipet","692","Telangana","36"
6990,"Rajapur","7276","Mahabubnagar","512","Telangana","36"
6991,"Marikal","7277","Narayanpet","721","Telangana","36"
6992,"Revally","7278","Wanaparthy","693","Telangana","36"
6993,"Chinnambavi","7279","Wanaparthy","693","Telangana","36"
6994,"Madanapur","7280","Wanaparthy","693","Telangana","36"
6995,"Amarachintha","7281","Wanaparthy","693","Telangana","36"
6996,"Pentlavelli","7282","Nagarkurnool","694","Telangana","36"
6997,"Charakonda","7283","Nagarkurnool","694","Telangana","36"
6998,"Padara","7284","Nagarkurnool","694","Telangana","36"
6999,"Undavelly","7285","Jogulamba Gadwal","695","Telangana","36"
7000,"Kaloor Thimmandoddi","7286","Jogulamba Gadwal","695","Telangana","36"
7001,"Adavidevulapalli","7287","Nalgonda","514","Telangana","36"
7002,"Konda Mallepally","7288","Nalgonda","514","Telangana","36"
7003,"Neredugommu","7289","Nalgonda","514","Telangana","36"
7004,"Nagaram","7290","Suryapet","696","Telangana","36"
7005,"Maddirala","7291","Suryapet","696","Telangana","36"
7006,"Palakeedu","7292","Suryapet","696","Telangana","36"
7007,"Chinthalapalem Mallareddygudem","7293","Suryapet","696","Telangana","36"
7008,"Motakonduru","7294","Yadadri Bhuvanagiri","697","Telangana","36"
7009,"Addaguduru","7295","Yadadri Bhuvanagiri","697","Telangana","36"
7010,"Kotepally","7296","Vikarabad","698","Telangana","36"
7011,"Kapra","7297","Medchal Malkajgiri","700","Telangana","36"
7012,"Bachupally","7298","Medchal Malkajgiri","700","Telangana","36"
7013,"Abdullapurmet","7299","Ranga Reddy","518","Telangana","36"
7014,"Gandipet","7300","Ranga Reddy","518","Telangana","36"
7015,"Nandigama","7301","Ranga Reddy","518","Telangana","36"
7016,"Serilingampally","7302","Ranga Reddy","518","Telangana","36"
7017,"Urkonda","7303","Nagarkurnool","694","Telangana","36"
7018,"Vatpally","7304","Sangareddy","691","Telangana","36"
7019,"Balapur","7305","Ranga Reddy","518","Telangana","36"
7020,"Jessami Td","7306","Ukhrul","260","Manipur","14"
7021,"Jiribam C D Block","7307","Jiribam","713","Manipur","14"
7022,"Sahamphung Td Block","7308","Kamjong","717","Manipur","14"
7023,"Longmai","7309","Noney","714","Manipur","14"
7024,"Moreh","7310","Tengnoupal","716","Manipur","14"
7025,"Haochong","7311","Noney","714","Manipur","14"
7026,"Kangvai","7312","Churachandpur","254","Manipur","14"
7027,"Suangdoh","7313","Churachandpur","254","Manipur","14"
7028,"Mualnuam","7314","Churachandpur","254","Manipur","14"
7029,"Lanva","7315","Churachandpur","254","Manipur","14"
7030,"Lamka South","7316","Churachandpur","254","Manipur","14"
7031,"Khangbarol","7317","Chandel","253","Manipur","14"
7032,"Bungte Chiru","7318","Kangpokpi","712","Manipur","14"
7033,"Kangchup Geljang","7319","Kangpokpi","712","Manipur","14"
7034,"Champhai","7320","Kangpokpi","712","Manipur","14"
7035,"Lhungtin","7321","Kangpokpi","712","Manipur","14"
7036,"Island","7322","Kangpokpi","712","Manipur","14"
7037,"T Vaichong","7323","Kangpokpi","712","Manipur","14"
7038,"Willong","7324","Senapati","257","Manipur","14"
7039,"Song Song","7325","Senapati","257","Manipur","14"
7040,"Tipaimukh","7326","Pherzawl","715","Manipur","14"
7041,"Vangai Range","7327","Pherzawl","715","Manipur","14"
7042,"Phaibung Khullen","7328","Senapati","257","Manipur","14"
7043,"Mahabubnagar Urban","7329","Mahabubnagar","512","Telangana","36"
7044,"Nizamabad South","7330","Nizamabad","516","Telangana","36"
7045,"Siddipet Urban","7331","Siddipet","692","Telangana","36"
7046,"Akkannapet","7332","Siddipet","692","Telangana","36"
7047,"Goniana","7333","Bathinda","28","Punjab","3"
7048,"Damera","7334","Hanumakonda","686","Telangana","36"
7049,"Jilled Chowdergudem","7335","Ranga Reddy","518","Telangana","36"
7050,"Nirmal Rural","7336","Nirmal","680","Telangana","36"
7051,"Shambu Kalan","7337","Patiala","41","Punjab","3"
7052,"Alwal","7338","Medchal Malkajgiri","700","Telangana","36"
7053,"Balanagar","7339","Medchal Malkajgiri","700","Telangana","36"
7054,"Malkajgiri","7340","Medchal Malkajgiri","700","Telangana","36"
7055,"Kukatpally","7341","Medchal Malkajgiri","700","Telangana","36"
7056,"Uppal","7342","Medchal Malkajgiri","700","Telangana","36"
7057,"Nadikuda","7343","Hanumakonda","686","Telangana","36"
7058,"Kadapa","7344","Y.s.r.","504","Andhra Pradesh","28"
7059,"Sawa","7345","East Kameng","231","Arunachal Pradesh","12"
7060,"Rebo Parging","7346","Siang","679","Arunachal Pradesh","12"
7061,"Boleng","7347","Siang","679","Arunachal Pradesh","12"
7062,"Kupvi","7348","Shimla","23","Himachal Pradesh","2"
7063,"Bali Chowki","7349","Mandi","22","Himachal Pradesh","2"
7064,"Mosara","7350","Nizamabad","516","Telangana","36"
7065,"Chandur","7351","Nizamabad","516","Telangana","36"
7066,"Narayanaraopet","7352","Siddipet","692","Telangana","36"
7067,"Muduchinthalapally","7353","Medchal Malkajgiri","700","Telangana","36"
7068,"Pedong","7355","Kalimpong","702","West Bengal","19"
7069,"Bitra","7356","Lakshadweep District","553","Lakshadweep","31"
7070,"Machhrauli","7357","Jhajjar","64","Haryana","6"
7071,"Dharuhera","7358","Rewari","72","Haryana","6"
7072,"Bhagwatpur","7359","Prayagraj","120","Uttar Pradesh","9"
7073,"Sahson","7360","Prayagraj","120","Uttar Pradesh","9"
7074,"Sringverpur Dham","7361","Prayagraj","120","Uttar Pradesh","9"
7075,"K G F","7363","Kolar","542","Karnataka","29"
7076,"Kittur","7364","Belagavi","527","Karnataka","29"
7077,"Saryu","7365","Latehar","335","Jharkhand","20"
7078,"Bargad","7366","Garhwa","328","Jharkhand","20"
7079,"Ramgarh","7367","Palamu","338","Jharkhand","20"
7080,"Guledagudda","7368","Bagalkote","524","Karnataka","29"
7081,"Ilkal","7369","Bagalkote","524","Karnataka","29"
7082,"Rabakavi Banahatti","7370","Bagalkote","524","Karnataka","29"
7083,"Yelahanka","7371","Bengaluru Urban","525","Karnataka","29"
7084,"Kagawada","7372","Belagavi","527","Karnataka","29"
7085,"Mudalagi","7373","Belagavi","527","Karnataka","29"
7086,"Nippani","7374","Belagavi","527","Karnataka","29"
7087,"Kampli","7375","Ballari","528","Karnataka","29"
7088,"Kottur","7376","Vijayanagar","738","Karnataka","29"
7089,"Kurugodu","7377","Ballari","528","Karnataka","29"
7090,"Hanuru","7378","Chamarajanagara","531","Karnataka","29"
7091,"Ajjampura","7379","Chikkamagaluru","532","Karnataka","29"
7092,"Kone","7380","Sonbhadra","184","Uttar Pradesh","9"
7093,"Karma","7381","Sonbhadra","184","Uttar Pradesh","9"
7094,"Ajmer Rural","7382","Ajmer","86","Rajasthan","8"
7095,"Bherunda","7383","Nagaur","110","Rajasthan","8"
7096,"Sawar","7384","Ajmer","86","Rajasthan","8"
7097,"Jaisamand","7385","Udaipur","117","Rajasthan","8"
7098,"Nayagaon","7386","Udaipur","117","Rajasthan","8"
7099,"Vallabhnagar","7387","Udaipur","117","Rajasthan","8"
7100,"Gurumitkal","7388","Yadgir","635","Karnataka","29"
7101,"Wadagera","7389","Yadgir","635","Karnataka","29"
7102,"Hunasagi","7390","Yadgir","635","Karnataka","29"
7103,"Malkheda","7391","Alwar","87","Rajasthan","8"
7104,"Babaleshwar","7392","Vijayapura","530","Karnataka","29"
7105,"Chadachan","7393","Vijayapura","530","Karnataka","29"
7106,"Devara Hipparagi","7394","Vijayapura","530","Karnataka","29"
7107,"Kolhar","7395","Vijayapura","530","Karnataka","29"
7108,"Nidagundi","7396","Vijayapura","530","Karnataka","29"
7109,"Govindgarh","7397","Alwar","87","Rajasthan","8"
7110,"Thalikoti","7398","Vijayapura","530","Karnataka","29"
7111,"Thikota","7399","Vijayapura","530","Karnataka","29"
7112,"Dandeli","7400","Uttara Kannada","550","Karnataka","29"
7113,"Mangrol","7401","Baran","89","Rajasthan","8"
7114,"Uchain","7402","Bharatpur","91","Rajasthan","8"
7115,"Masalpur","7403","Karauli","108","Rajasthan","8"
7116,"Bhusawar","7404","Bharatpur","91","Rajasthan","8"
7117,"Sri Mahaveer Ji","7405","Karauli","108","Rajasthan","8"
7118,"Kalagi","7406","Kalaburagi","538","Karnataka","29"
7119,"Kamalapur","7407","Kalaburagi","538","Karnataka","29"
7120,"Shabad","7408","Kalaburagi","538","Karnataka","29"
7121,"Yadrami","7409","Kalaburagi","538","Karnataka","29"
7122,"Kanakagiri","7410","Koppal","543","Karnataka","29"
7123,"Karatagi","7411","Koppal","543","Karnataka","29"
7124,"Kukunoor","7412","Koppal","543","Karnataka","29"
7125,"Saraguru","7413","Mysuru","545","Karnataka","29"
7126,"Maski","7414","Raichur","546","Karnataka","29"
7127,"Sirawara","7415","Raichur","546","Karnataka","29"
7128,"Brahmavara","7416","Udupi","549","Karnataka","29"
7129,"Bainduru","7417","Udupi","549","Karnataka","29"
7130,"Kareda","7418","Bhilwara","92","Rajasthan","8"
7131,"Badnor","7419","Bhilwara","92","Rajasthan","8"
7132,"Rattihalli","7420","Haveri","540","Karnataka","29"
7133,"Gajendragad","7421","Gadag","537","Karnataka","29"
7134,"Laxmeshwar","7422","Gadag","537","Karnataka","29"
7135,"Alnavar","7423","Dharwad","536","Karnataka","29"
7136,"Bajju Khalsa","7424","Bikaner","93","Rajasthan","8"
7137,"Annigeri","7425","Dharwad","536","Karnataka","29"
7138,"Nyamathi","7426","Davangere","535","Karnataka","29"
7139,"Kadaba","7427","Dakshina Kannada","534","Karnataka","29"
7140,"Mudubidare","7428","Dakshina Kannada","534","Karnataka","29"
7141,"Malarna Doongar","7429","Sawai Madhopur","113","Rajasthan","8"
7142,"Chittaguppa","7430","Bidar","529","Karnataka","29"
7143,"Hulasuru","7431","Bidar","529","Karnataka","29"
7144,"Kamalanagara","7432","Bidar","529","Karnataka","29"
7145,"Hebri","7433","Udupi","549","Karnataka","29"
7146,"Kapu","7434","Udupi","549","Karnataka","29"
7147,"Poogal","7435","Bikaner","93","Rajasthan","8"
7148,"Baijupada","7436","Dausa","97","Rajasthan","8"
7149,"Baswa","7437","Dausa","97","Rajasthan","8"
7150,"Sarmathura","7438","Dholpur","98","Rajasthan","8"
7151,"Sikandara","7439","Dausa","97","Rajasthan","8"
7152,"Andhi","7440","Jaipur","102","Rajasthan","8"
7153,"Nangal Rajawatan","7441","Dausa","97","Rajasthan","8"
7154,"Jobner","7442","Jaipur","102","Rajasthan","8"
7155,"Mauzamabad","7443","Jaipur","102","Rajasthan","8"
7156,"Ramgarh Pachwara","7444","Dausa","97","Rajasthan","8"
7157,"Kotkhawda","7445","Jaipur","102","Rajasthan","8"
7158,"Tunga","7446","Jaipur","102","Rajasthan","8"
7159,"Madhorajpura","7447","Jaipur","102","Rajasthan","8"
7160,"Kishangarh Renwal","7448","Jaipur","102","Rajasthan","8"
7161,"Bhaniyana","7449","Jaisalmer","103","Rajasthan","8"
7162,"Fatehgarh","7450","Jaisalmer","103","Rajasthan","8"
7163,"Mohangarh","7451","Jaisalmer","103","Rajasthan","8"
7164,"Nachana","7452","Jaisalmer","103","Rajasthan","8"
7165,"Bagoda","7453","Jalore","104","Rajasthan","8"
7166,"Sarnau","7454","Jalore","104","Rajasthan","8"
7167,"Mandawa","7455","Jhunjhunu","106","Rajasthan","8"
7168,"Pilani","7456","Jhunjhunu","106","Rajasthan","8"
7169,"Singhana","7457","Jhunjhunu","106","Rajasthan","8"
7170,"Aau","7458","Jodhpur","107","Rajasthan","8"
7171,"Chamu","7459","Jodhpur","107","Rajasthan","8"
7172,"Dhawa","7460","Jodhpur","107","Rajasthan","8"
7173,"Ghantiyali","7461","Jodhpur","107","Rajasthan","8"
7174,"Keru","7462","Jodhpur","107","Rajasthan","8"
7175,"Delwada","7463","Rajsamand","112","Rajasthan","8"
7176,"Peeplu","7464","Tonk","116","Rajasthan","8"
7177,"Dalot","7466","Pratapgarh","629","Rajasthan","8"
7178,"Dhamotar","7467","Pratapgarh","629","Rajasthan","8"
7179,"Suhagpura","7468","Pratapgarh","629","Rajasthan","8"
7180,"Ajeetgarh","7469","Sikar","114","Rajasthan","8"
7181,"Nechwa","7470","Sikar","114","Rajasthan","8"
7182,"Palsana","7471","Sikar","114","Rajasthan","8"
7183,"Panyla Kla","7472","Barmer","90","Rajasthan","8"
7184,"Fagliya","7473","Barmer","90","Rajasthan","8"
7185,"Aadel","7474","Barmer","90","Rajasthan","8"
7186,"Barmer Rural","7475","Barmer","90","Rajasthan","8"
7187,"Srimushnam","7476","Cuddalore","570","Tamil Nadu","33"
7188,"Eriyur","7477","Dharmapuri","571","Tamil Nadu","33"
7189,"Kadathur","7478","Dharmapuri","571","Tamil Nadu","33"
7190,"Patiala Rural","7479","Patiala","41","Punjab","3"
7191,"Bharohiya","7480","Gorakhpur","148","Uttar Pradesh","9"
7192,"Totu","7481","Shimla","23","Himachal Pradesh","2"
7193,"South Salmara  Part","7482","South Salmara Mancachar","707","Assam","18"
7194,"Banarhat","7483","Jalpaiguri","314","West Bengal","19"
7195,"Kranti","7484","Jalpaiguri","314","West Bengal","19"
7196,"Almel","7485","Vijayapura","530","Karnataka","29"
7197,"Mohali","7486","S.a.s Nagar","608","Punjab","3"
7198,"Ahmedgarh ","7487","Malerkotla","737","Punjab","3"
7199,"Kushalanagar","7488","Kodagu","541","Karnataka","29"
7200,"Ponnampet","7489","Kodagu","541","Karnataka","29"
7201,"Dhanotu","7490","Mandi","22","Himachal Pradesh","2"
7202,"Nihri","7491","Mandi","22","Himachal Pradesh","2"
7203,"Kotkhai","7492","Shimla","23","Himachal Pradesh","2"
7204,"Tilordhar","7493","Sirmaur","24","Himachal Pradesh","2"
7205,"Churag","7494","Mandi","22","Himachal Pradesh","2"
7206,"Chirao","7495","Karnal","67","Haryana","6"
7207,"Badoh","7496","Kangra","18","Himachal Pradesh","2"
7208,"Kalasa","7497","Chikkamagaluru","532","Karnataka","29"
7209,"Mulki","7498","Dakshina Kannada","534","Karnataka","29"
7210,"Ullala","7499","Dakshina Kannada","534","Karnataka","29"
7211,"Saligrama","7500","Mysuru","545","Karnataka","29"
7212,"Baiguney","7501","Soreng","742","Sikkim","11"
7213,"Chowtakur","7502","Sangareddy","691","Telangana","36"
7214,"Dhoolmitta","7503","Siddipet","692","Telangana","36"
7215,"Masaipet","7504","Medak","513","Telangana","36"
7216,"Mohammadabad","7505","Mahabubnagar","512","Telangana","36"
7217,"Chowdapur","7506","Vikarabad","698","Telangana","36"
7218,"Bhunter","7507","Kullu","20","Himachal Pradesh","2"
7219,"Bagari","7512","Pali","111","Rajasthan","8"
7220,"Siju","7520","South Garo Hills","277","Meghalaya","17"
7221,"Rambrai","7521","West Khasi Hills","279","Meghalaya","17"
7222,"Adokgre","7522","North Garo Hills","656","Meghalaya","17"
7223,"Namdong","7523","West Jaintia Hills","275","Meghalaya","17"
7224,"Ri-muliang","7524","West Khasi Hills","279","Meghalaya","17"
7225,"Lumshnong","7525","East Jaintia Hills","657","Meghalaya","17"
7226,"Shallang","7526","West Khasi Hills","279","Meghalaya","17"
7227,"Batabari","7527","West Garo Hills","278","Meghalaya","17"
7228,"Yaragatti","7528","Belagavi","527","Karnataka","29"
7229,"Harohalli","7529","Ramanagara","631","Karnataka","29"
7230,"Lawnu","7530","Longding","666","Arunachal Pradesh","12"
7231,"Gepen","7531","Kamle","718","Arunachal Pradesh","12"
7232,"Kantang","7532","Changlang","229","Arunachal Pradesh","12"
7233,"Payum","7533","Siang","679","Arunachal Pradesh","12"
7234,"Bagra","7534","West Siang","243","Arunachal Pradesh","12"
7235,"Phassang","7535","Kurung Kumey","233","Arunachal Pradesh","12"
7236,"Persin Dollungmukh","7536","Kamle","718","Arunachal Pradesh","12"
7237,"Kamporijo","7537","Kamle","718","Arunachal Pradesh","12"
7238,"Taksing","7538","Upper Subansiri","241","Arunachal Pradesh","12"
7239,"Lada","7539","East Kameng","231","Arunachal Pradesh","12"
7240,"Kangku","7540","Lower Siang","719","Arunachal Pradesh","12"
7241,"Paniasang","7541","Kurung Kumey","233","Arunachal Pradesh","12"
7242,"Polosang","7542","Kurung Kumey","233","Arunachal Pradesh","12"
7243,"Bari Basip","7543","Tirap","239","Arunachal Pradesh","12"
7244,"Bilat","7544","East Siang","232","Arunachal Pradesh","12"
